GAME_ID,game_date,matchup,view_count,like_count,comment_count,pace_game,points,pct_pts_from_3pt,pct_fga_from_3pt,close_game,totalallstarsplayed,pct_pts_ft_game,pct_pts_fb_game,dunks,threes_more_than_28ft,highlight_plays,mov,avg_value_billions
21900001,2019-10-22,PELICANS at RAPTORS,51855.0,931.0,91.0,102.79,252.0,0.392857,0.414634,1.0,3,0.194444444444444,0.130952380952381,3.0,0.0,3.0,8.0,3.9
21900002,2019-10-22,LAKERS at CLIPPERS,1118462.0,8858.0,2604.0,97.0,214.0,0.336449,0.385542,0.0,3,0.149532710280374,0.126168224299065,10.0,4.0,14.0,10.0,6.2
21900003,2019-10-23,BULLS at HORNETS,53672.0,688.0,152.0,104.5,251.0,0.38247,0.38342,0.0,0,0.123505976095618,0.183266932270916,13.0,2.0,15.0,1.0,4.575
21900005,2019-10-23,CAVALIERS at MAGIC,30111.0,248.0,21.0,100.0,179.0,0.301676,0.367816,0.0,0,0.11731843575419,0.134078212290503,6.0,1.0,7.0,9.0,3.9500000000000000
21900004,2019-10-23,PISTONS at PACERS,33271.0,316.0,67.0,103.0,229.0,0.248908,0.269461,1.0,1,0.200873362445415,0.0873362445414847,6.0,9.0,15.0,9.0,3.425
21900007,2019-10-23,GRIZZLIES at HEAT,52808.0,567.0,133.0,114.0,221.0,0.162896,0.287356,0.0,1,0.239819004524887,0.144796380090498,12.0,1.0,13.0,19.0,4.15
21900006,2019-10-23,TIMBERWOLVES at NETS,64050.0,720.0,111.0,106.87,253.0,0.332016,0.368421,1.0,0,0.146245059288538,0.110671936758893,5.0,1.0,6.0,1.0,4.425
21900008,2019-10-23,CELTICS at 76ERS,107184.0,793.0,136.0,103.0,200.0,0.21,0.314286,0.0,4,0.23,0.11,5.0,0.0,5.0,14.0,5.2
21900010,2019-10-23,KNICKS at SPURS,57614.0,448.0,81.0,109.5,231.0,0.220779,0.288136,0.0,0,0.181818181818182,0.255411255411255,8.0,0.0,8.0,9.0,5.6
21900009,2019-10-23,WIZARDS at MAVERICKS,64678.0,536.0,95.0,104.0,208.0,0.317308,0.455621,0.0,1,0.201923076923077,0.163461538461538,4.0,0.0,4.0,8.0,4.625
21900011,2019-10-23,THUNDER at JAZZ,43500.0,424.0,85.0,101.0,195.0,0.246154,0.294798,1.0,3,0.17948717948718,0.128205128205128,6.0,1.0,7.0,5.0,3.625
21900012,2019-10-23,KINGS at SUNS,64421.0,657.0,186.0,109.0,219.0,0.287671,0.335135,0.0,1,0.146118721461187,0.17351598173516,11.0,1.0,12.0,29.0,4.525
21900013,2019-10-23,NUGGETS at TRAIL BLAZERS,35753.0,369.0,51.0,102.5,208.0,0.360577,0.357143,1.0,2,0.206730769230769,0.105769230769231,,,,8.0,3.925
21900014,2019-10-24,HAWKS at PISTONS,82640.0,727.0,133.0,97.0,217.0,0.290323,0.397661,0.0,1,0.175115207373272,0.101382488479263,13.0,6.0,19.0,17.0,3.875
21900015,2019-10-24,BUCKS at ROCKETS,288729.0,2001.0,335.0,109.0,228.0,0.421053,0.497354,1.0,4,0.166666666666667,0.192982456140351,,,,6.0,4.9
21900016,2019-10-24,CLIPPERS at WARRIORS,578162.0,3292.0,814.0,107.0,263.0,0.376426,0.413408,0.0,1,0.197718631178707,0.167300380228137,10.0,3.0,13.0,19.0,7.4
21900018,2019-10-25,TIMBERWOLVES at HORNETS,28910.0,279.0,63.0,106.0,220.0,0.327273,0.382857,0.0,0,0.163636363636364,0.1,14.0,3.0,17.0,22.0,3.3
21900017,2019-10-25,RAPTORS at CELTICS,115380.0,1098.0,166.0,104.5,218.0,0.426606,0.395722,1.0,4,0.13302752293578,0.100917431192661,4.0,1.0,5.0,6.0,5.0
21900022,2019-10-25,WIZARDS at THUNDER,27845.0,229.0,67.0,104.0,182.0,0.263736,0.355556,1.0,1,0.120879120879121,0.0934065934065934,5.0,0.0,5.0,12.0,3.875
21900019,2019-10-25,KNICKS at NETS,129521.0,1070.0,223.0,109.0,222.0,0.445946,0.389937,1.0,0,0.175675675675676,,7.0,2.0,9.0,4.0,6.55
21900021,2019-10-25,MAVERICKS at PELICANS,89093.0,656.0,168.0,104.0,239.0,0.364017,0.424084,1.0,2,0.125523012552301,0.179916317991632,10.0,2.0,12.0,7.0,4.15
21900020,2019-10-25,BULLS at GRIZZLIES,59174.0,570.0,117.0,106.0,212.0,0.311321,0.379679,1.0,0,0.150943396226415,,9.0,2.0,11.0,8.0,4.5
21900023,2019-10-25,SUNS at NUGGETS,59395.0,742.0,168.0,96.91,215.0,0.209302,0.308989,0.0,2,0.27906976744186,,5.0,0.0,5.0,1.0,4.4
21900024,2019-10-25,TRAIL BLAZERS at KINGS,32573.0,340.0,78.0,105.0,234.0,0.333333,0.389535,0.0,1,0.17948717948718,0.0598290598290598,7.0,1.0,8.0,10.0,4.05
21900025,2019-10-25,JAZZ at LAKERS,315807.0,2446.0,489.0,95.5,181.0,0.265193,0.326923,0.0,4,0.215469613259669,0.149171270718232,9.0,0.0,9.0,9.0,5.375
21900026,2019-10-26,HEAT at BUCKS,93644.0,886.0,214.0,110.94,257.0,0.385214,0.502564,1.0,3,0.194552529182879,0.140077821011673,12.0,3.0,15.0,5.0,4.6
21900027,2019-10-26,76ERS at PISTONS,87303.0,625.0,152.0,109.0,228.0,0.276316,0.325153,1.0,1,0.179824561403509,0.0745614035087719,9.0,1.0,10.0,6.0,4.175000000000000
21900029,2019-10-26,CELTICS at KNICKS,43172.0,358.0,61.0,101.5,213.0,0.309859,0.388571,0.0,2,0.211267605633803,0.0845070422535211,,,,23.0,6.5
21900031,2019-10-26,RAPTORS at BULLS,30914.0,175.0,33.0,106.0,192.0,0.375,0.430168,0.0,2,0.177083333333333,0.166666666666667,11.0,0.0,11.0,24.0,5.15
21900028,2019-10-26,MAGIC at HAWKS,42778.0,523.0,123.0,101.5,202.0,0.207921,0.333333,1.0,1,0.158415841584158,0.108910891089109,8.0,1.0,9.0,4.0,3.925
21900030,2019-10-26,PACERS at CAVALIERS,39785.0,333.0,69.0,99.0,209.0,0.301435,0.353293,0.0,1,0.143540669856459,0.0813397129186603,14.0,4.0,18.0,11.0,3.875
21900032,2019-10-26,PELICANS at ROCKETS,123419.0,787.0,171.0,111.0,249.0,0.373494,0.489691,0.0,3,0.160642570281125,0.120481927710843,10.0,0.0,10.0,3.0,4.5
21900033,2019-10-26,WIZARDS at SPURS,46328.0,399.0,104.0,99.5,246.0,0.317073,0.305419,1.0,0,0.105691056910569,,11.0,2.0,13.0,2.0,3.975
21900034,2019-10-26,KINGS at JAZZ,34359.0,224.0,61.0,98.0,194.0,0.386598,0.396226,0.0,2,0.108247422680412,0.0824742268041237,5.0,1.0,6.0,32.0,4.1
21900035,2019-10-26,CLIPPERS at SUNS,231385.0,2177.0,743.0,104.5,252.0,0.333333,0.433526,0.0,2,0.23015873015873,0.123015873015873,7.0,1.0,8.0,8.0,5.0
21900036,2019-10-27,WARRIORS at THUNDER,157778.0,939.0,294.0,103.0,212.0,0.283019,0.382353,0.0,1,0.207547169811321,0.0990566037735849,8.0,5.0,13.0,28.0,6.45
21900037,2019-10-27,NETS at GRIZZLIES,140708.0,1457.0,180.0,105.96,267.0,0.325843,0.382353,1.0,0,0.187265917602996,,9.0,0.0,9.0,1.0,4.4
21900039,2019-10-27,HEAT at TIMBERWOLVES,52113.0,375.0,120.0,103.5,225.0,0.373333,0.460227,1.0,1,0.155555555555556,0.0533333333333333,10.0,1.0,11.0,7.0,4.175
21900038,2019-10-27,TRAIL BLAZERS at MAVERICKS,78171.0,485.0,128.0,107.5,240.0,0.275,0.39779,1.0,2,0.225,,11.0,1.0,12.0,2.0,4.325
21900040,2019-10-27,HORNETS at LAKERS,412414.0,2809.0,413.0,101.5,221.0,0.285068,0.358696,0.0,2,0.144796380090498,0.190045248868778,18.0,3.0,21.0,19.0,5.175
21900041,2019-10-28,PACERS at PISTONS,30255.0,240.0,63.0,96.0,190.0,0.3,0.257143,1.0,1,0.1,,7.0,0.0,7.0,2.0,3.425
21900042,2019-10-28,BULLS at KNICKS,77237.0,676.0,188.0,95.0,203.0,0.26601,0.363636,1.0,0,0.182266009852217,,9.0,1.0,10.0,7.0,6.65
21900044,2019-10-28,MAGIC at RAPTORS,26552.0,237.0,40.0,104.5,199.0,0.331658,0.448276,1.0,2,0.21608040201005,0.165829145728643,3.0,2.0,5.0,9.0,4.025
21900043,2019-10-28,76ERS at HAWKS,109507.0,826.0,311.0,106.0,208.0,0.288462,0.395349,0.0,3,0.201923076923077,0.0480769230769231,9.0,0.0,9.0,2.0,4.6
21900046,2019-10-28,CAVALIERS at BUCKS,36849.0,282.0,41.0,105.5,241.0,0.360996,0.401042,0.0,2,0.107883817427386,0.145228215767635,8.0,4.0,12.0,17.0,4.225
21900047,2019-10-28,WARRIORS at PELICANS,214847.0,1398.0,259.0,110.0,257.0,0.338521,0.396135,0.0,1,0.116731517509728,0.132295719844358,11.0,4.0,15.0,11.0,6.35
21900045,2019-10-28,THUNDER at ROCKETS,173491.0,1108.0,226.0,103.0,228.0,0.302632,0.429348,0.0,3,0.197368421052632,0.0964912280701754,10.0,2.0,12.0,4.0,4.6
21900048,2019-10-28,TRAIL BLAZERS at SPURS,75516.0,601.0,157.0,109.0,223.0,0.2287,0.297297,0.0,1,0.20627802690583,0.179372197309417,10.0,0.0,10.0,3.0,3.675
21900050,2019-10-28,NUGGETS at KINGS,32321.0,303.0,73.0,92.5,195.0,0.338462,0.386243,0.0,1,0.148717948717949,0.112820512820513,10.0,0.0,10.0,7.0,4.325
21900049,2019-10-28,JAZZ at SUNS,56458.0,431.0,206.0,103.0,191.0,0.361257,0.430464,1.0,3,0.25130890052356,0.146596858638743,7.0,0.0,7.0,1.0,4.175
21900051,2019-10-28,HORNETS at CLIPPERS,71941.0,491.0,226.0,101.0,207.0,0.376812,0.433735,0.0,1,0.140096618357488,0.115942028985507,7.0,3.0,10.0,15.0,4.375
21900052,2019-10-29,HAWKS at HEAT,78857.0,671.0,108.0,104.5,209.0,0.344498,0.448718,0.0,2,0.23444976076555,0.0861244019138756,11.0,3.0,14.0,15.0,4.700000000000000
21900053,2019-10-29,MAVERICKS at NUGGETS,127194.0,947.0,193.0,93.0,215.0,0.334884,0.394286,1.0,2,0.106976744186047,0.0790697674418605,,,,3.0,4.6
21900054,2019-10-29,GRIZZLIES at LAKERS,517177.0,3554.0,523.0,110.0,211.0,0.199052,0.331492,0.0,2,0.260663507109005,0.184834123222749,,,,29.0,5.1
21900056,2019-10-30,KNICKS at MAGIC,20938.0,147.0,34.0,89.0,178.0,0.320225,0.370588,1.0,0,0.129213483146067,0.0617977528089888,6.0,1.0,7.0,12.0,5.525
21900055,2019-10-30,BULLS at CAVALIERS,48435.0,380.0,66.0,97.5,228.0,0.315789,0.375,1.0,0,0.192982456140351,0.100877192982456,10.0,3.0,13.0,6.0,5.075000000000000
21900060,2019-10-30,PISTONS at RAPTORS,24124.0,153.0,42.0,103.5,238.0,0.340336,0.327586,0.0,2,0.113445378151261,,8.0,3.0,11.0,12.0,3.975
21900059,2019-10-30,PACERS at NETS,75222.0,250.0,33.0,101.5,226.0,0.278761,0.301587,0.0,1,0.146017699115044,0.0530973451327434,10.0,0.0,10.0,10.0,4.5
21900058,2019-10-30,BUCKS at CELTICS,145658.0,1182.0,183.0,101.5,221.0,0.420814,0.494253,0.0,4,0.144796380090498,0.081447963800905,9.0,2.0,11.0,11.0,4.8
21900057,2019-10-30,TIMBERWOLVES at 76ERS,70096.0,465.0,104.0,110.0,212.0,0.268868,0.346821,0.0,2,0.202830188679245,0.155660377358491,8.0,3.0,11.0,32.0,4.075
21900061,2019-10-30,ROCKETS at WIZARDS,202733.0,1766.0,335.0,112.0,317.0,0.40694,0.463918,0.0,2,0.157728706624606,0.0946372239747634,10.0,10.0,20.0,1.0,4.975
21900062,2019-10-30,TRAIL BLAZERS at THUNDER,46197.0,328.0,94.0,106.5,201.0,0.313433,0.364706,1.0,2,0.228855721393035,0.114427860696517,6.0,5.0,11.0,3.0,3.575
21900064,2019-10-30,HORNETS at KINGS,20131.0,174.0,77.0,102.0,229.0,0.393013,0.433333,0.0,0,0.0829694323144105,0.117903930131004,13.0,1.0,14.0,7.0,3.9000000000000000
21900063,2019-10-30,CLIPPERS at JAZZ,103881.0,588.0,231.0,98.5,206.0,0.276699,0.290123,0.0,2,0.101941747572816,,12.0,1.0,13.0,14.0,4.575
21900065,2019-10-30,SUNS at WARRIORS,159431.0,902.0,419.0,107.0,231.0,0.298701,0.359551,0.0,1,0.207792207792208,0.186147186147186,7.0,2.0,9.0,11.0,7.0
21900066,2019-10-31,HEAT at HAWKS,46669.0,459.0,121.0,97.0,203.0,0.310345,0.412791,0.0,1,0.147783251231527,0.147783251231527,,,,9.0,4.700000000000000
21900067,2019-10-31,NUGGETS at PELICANS,42919.0,310.0,70.0,103.0,229.0,0.28821,0.355422,0.0,2,0.170305676855895,0.248908296943231,10.0,0.0,10.0,15.0,3.75
21900068,2019-10-31,SPURS at CLIPPERS,114042.0,720.0,310.0,101.0,200.0,0.18,0.274854,0.0,1,0.19,0.165,5.0,0.0,5.0,6.0,4.550000000000000
21900071,2019-11-01,BUCKS at MAGIC,43225.0,384.0,56.0,103.0,214.0,0.406542,0.456522,0.0,2,0.107476635514019,0.177570093457944,,,,32.0,3.8250000000000000
21900070,2019-11-01,CAVALIERS at PACERS,26465.0,180.0,22.0,106.0,197.0,0.243655,0.322404,0.0,1,0.197969543147208,0.17258883248731,8.0,0.0,8.0,7.0,3.875
21900069,2019-11-01,ROCKETS at NETS,175589.0,1239.0,120.0,110.0,239.0,0.389121,0.434783,0.0,2,0.175732217573222,0.133891213389121,12.0,0.0,12.0,7.0,5.65
21900072,2019-11-01,KNICKS at CELTICS,125462.0,882.0,203.0,97.5,206.0,0.364078,0.431138,1.0,2,0.199029126213592,0.160194174757282,4.0,0.0,4.0,2.0,6.5
21900073,2019-11-01,PISTONS at BULLS,73538.0,538.0,124.0,100.5,218.0,0.302752,0.396552,1.0,0,0.165137614678899,0.0963302752293578,10.0,0.0,10.0,6.0,4.625
21900074,2019-11-01,LAKERS at MAVERICKS,553283.0,5854.0,1299.0,100.98,229.0,0.30131,0.343434,1.0,3,0.139737991266376,,15.0,1.0,16.0,9.0,6.0
21900075,2019-11-01,JAZZ at KINGS,39854.0,346.0,77.0,95.0,203.0,0.280788,0.363057,0.0,2,0.157635467980296,,9.0,1.0,10.0,1.0,4.1
21900076,2019-11-01,SPURS at WARRIORS,113147.0,771.0,247.0,99.0,237.0,0.329114,0.355932,0.0,0,0.189873417721519,0.126582278481013,6.0,3.0,9.0,17.0,6.550000000000000
21900077,2019-11-02,PELICANS at THUNDER,36636.0,314.0,47.0,103.0,219.0,0.356164,0.375,1.0,2,0.141552511415525,0.0684931506849315,13.0,1.0,14.0,11.0,3.4
21900079,2019-11-02,NUGGETS at MAGIC,23744.0,284.0,46.0,94.0,178.0,0.252809,0.358491,1.0,1,0.196629213483146,0.0786516853932584,6.0,1.0,7.0,4.0,3.875
21900078,2019-11-02,NETS at PISTONS,53514.0,458.0,164.0,102.5,222.0,0.243243,0.320652,0.0,0,0.162162162162162,0.0945945945945946,12.0,2.0,14.0,4.0,4.525
21900081,2019-11-02,SUNS at GRIZZLIES,46047.0,418.0,143.0,102.0,219.0,0.315068,0.356322,0.0,1,0.10958904109589,0.141552511415525,6.0,1.0,7.0,9.0,3.9
21900080,2019-11-02,TIMBERWOLVES at WIZARDS,26904.0,210.0,42.0,115.5,240.0,0.3625,0.391534,0.0,0,0.145833333333333,0.1,8.0,9.0,17.0,22.0,3.75
21900082,2019-11-02,RAPTORS at BUCKS,65974.0,514.0,90.0,100.0,220.0,0.381818,0.427746,0.0,4,0.190909090909091,0.136363636363636,6.0,6.0,12.0,10.0,4.3
21900083,2019-11-02,HORNETS at WARRIORS,104427.0,480.0,274.0,91.5,180.0,0.233333,0.351852,1.0,0,0.144444444444444,,9.0,0.0,9.0,6.0,6.375
21900084,2019-11-02,76ERS at TRAIL BLAZERS,136900.0,1091.0,306.0,105.5,257.0,0.350195,0.362162,0.0,2,0.11284046692607,,9.0,7.0,16.0,1.0,4.275
21900085,2019-11-03,BULLS at PACERS,23194.0,160.0,36.0,104.0,203.0,0.251232,0.325444,0.0,0,0.167487684729064,0.083743842364532,12.0,8.0,20.0,13.0,4.6
21900086,2019-11-03,ROCKETS at HEAT,151407.0,1328.0,449.0,109.0,229.0,0.419214,0.529762,0.0,3,0.179039301310044,0.135371179039301,12.0,5.0,17.0,29.0,5.4
21900087,2019-11-03,KINGS at KNICKS,32098.0,246.0,53.0,97.0,205.0,0.336585,0.424242,0.0,0,0.175609756097561,0.0878048780487805,10.0,0.0,10.0,21.0,5.975
21900088,2019-11-03,LAKERS at SPURS,330657.0,2263.0,373.0,104.0,199.0,0.180905,0.288235,1.0,2,0.185929648241206,0.175879396984925,11.0,2.0,13.0,7.0,5.35
21900089,2019-11-03,MAVERICKS at CAVALIERS,54690.0,415.0,70.0,98.5,242.0,0.471074,0.468421,0.0,1,0.107438016528926,,8.0,4.0,12.0,20.0,4.675
21900090,2019-11-03,JAZZ at CLIPPERS,75215.0,520.0,187.0,96.5,199.0,0.256281,0.370588,1.0,3,0.241206030150754,0.0753768844221106,9.0,0.0,9.0,11.0,4.575
21900091,2019-11-04,PISTONS at WIZARDS,22838.0,276.0,69.0,98.5,214.0,0.294393,0.32,0.0,0,0.182242990654206,,7.0,3.0,10.0,16.0,3.85
21900092,2019-11-04,PELICANS at NETS,66690.0,536.0,66.0,111.5,260.0,0.334615,0.386243,1.0,1,0.142307692307692,0.15,11.0,2.0,13.0,10.0,4.450000000000000
21900093,2019-11-04,ROCKETS at GRIZZLIES,72783.0,489.0,101.0,103.5,207.0,0.289855,0.40107,0.0,1,0.178743961352657,0.178743961352657,10.0,1.0,11.0,7.0,4.45
21900094,2019-11-04,BUCKS at TIMBERWOLVES,32451.0,255.0,49.0,111.5,240.0,0.3375,0.418367,0.0,2,0.1625,0.1,9.0,1.0,10.0,28.0,3.675
21900095,2019-11-04,76ERS at SUNS,97310.0,973.0,336.0,105.5,223.0,0.32287,0.343373,1.0,2,0.147982062780269,0.103139013452915,6.0,0.0,6.0,5.0,4.75
21900096,2019-11-04,TRAIL BLAZERS at WARRIORS,193724.0,1508.0,280.0,100.0,245.0,0.281633,0.34555,0.0,1,0.179591836734694,0.102040816326531,,,,9.0,6.525
21900098,2019-11-05,CELTICS at CAVALIERS,93875.0,757.0,152.0,103.0,232.0,0.323276,0.35,0.0,2,0.133620689655172,0.0732758620689655,5.0,6.0,11.0,6.0,4.925
21900097,2019-11-05,PACERS at HORNETS,24151.0,350.0,120.0,96.45,242.0,0.272727,0.335165,0.0,0,0.140495867768595,0.0909090909090909,,,,2.0,3.375
21900099,2019-11-05,SPURS at HAWKS,36636.0,335.0,92.0,102.5,208.0,0.274038,0.348066,1.0,1,0.129807692307692,0.0913461538461538,12.0,0.0,12.0,8.0,4.0
21900100,2019-11-05,LAKERS at BULLS,528168.0,4344.0,718.0,104.5,230.0,0.326087,0.367232,0.0,2,0.126086956521739,0.173913043478261,13.0,0.0,13.0,6.0,6.4
21900101,2019-11-05,MAGIC at THUNDER,35155.0,249.0,27.0,94.5,196.0,0.229592,0.327381,1.0,1,0.219387755102041,0.0459183673469388,8.0,0.0,8.0,8.0,3.525
21900102,2019-11-05,HEAT at NUGGETS,45575.0,335.0,68.0,98.0,198.0,0.272727,0.298851,0.0,2,0.131313131313131,0.146464646464646,12.0,1.0,13.0,20.0,4.65
21900103,2019-11-06,KNICKS at PISTONS,32244.0,253.0,62.0,98.5,224.0,0.348214,0.345912,0.0,0,0.142857142857143,0.09375,11.0,0.0,11.0,20.0,5.475
21900104,2019-11-06,WIZARDS at PACERS,15324.0,224.0,27.0,102.5,227.0,0.330396,0.37037,0.0,1,0.176211453744493,0.171806167400881,2.0,6.0,8.0,15.0,3.825
21900105,2019-11-06,BULLS at HAWKS,41651.0,378.0,66.0,107.0,206.0,0.276699,0.403846,0.0,1,0.218446601941748,0.116504854368932,10.0,0.0,10.0,20.0,5.05
21900106,2019-11-06,KINGS at RAPTORS,22757.0,151.0,17.0,102.5,244.0,0.418033,0.421965,0.0,2,0.163934426229508,0.114754098360656,7.0,1.0,8.0,4.0,4.475
21900107,2019-11-06,WARRIORS at ROCKETS,152001.0,803.0,179.0,102.0,241.0,0.423237,0.404145,0.0,2,0.145228215767635,0.0871369294605809,9.0,1.0,10.0,17.0,7.550000000000000
21900108,2019-11-06,TIMBERWOLVES at GRIZZLIES,24175.0,201.0,40.0,107.0,258.0,0.325581,0.369565,0.0,0,0.170542635658915,0.151162790697674,5.0,0.0,5.0,16.0,3.225
21900109,2019-11-06,MAGIC at MAVERICKS,62880.0,428.0,75.0,100.5,213.0,0.239437,0.335366,1.0,1,0.215962441314554,0.15962441314554,9.0,2.0,11.0,1.0,4.275
21900110,2019-11-06,76ERS at JAZZ,53217.0,364.0,59.0,99.5,210.0,0.228571,0.278107,1.0,4,0.219047619047619,0.104761904761905,13.0,1.0,14.0,2.0,4.325
21900111,2019-11-06,BUCKS at CLIPPERS,120349.0,813.0,310.0,117.0,253.0,0.367589,0.408163,0.0,2,0.221343873517787,0.130434782608696,7.0,0.0,7.0,5.0,4.75
21900112,2019-11-07,CELTICS at HORNETS,75602.0,720.0,110.0,104.0,195.0,0.246154,0.357542,0.0,2,0.169230769230769,0.107692307692308,9.0,0.0,9.0,21.0,4.425
21900113,2019-11-07,THUNDER at SPURS,39069.0,298.0,61.0,98.0,233.0,0.244635,0.235632,0.0,1,0.120171673819742,0.133047210300429,4.0,3.0,7.0,9.0,3.6
21900114,2019-11-07,HEAT at SUNS,52774.0,566.0,106.0,101.0,232.0,0.336207,0.361446,0.0,2,0.181034482758621,,13.0,1.0,14.0,16.0,4.85
21900115,2019-11-07,TRAIL BLAZERS at CLIPPERS,97080.0,666.0,126.0,104.5,208.0,0.216346,0.321244,1.0,2,0.177884615384615,0.173076923076923,8.0,0.0,8.0,6.0,4.525
21900117,2019-11-08,GRIZZLIES at MAGIC,13213.0,201.0,18.0,101.0,204.0,0.264706,0.318436,0.0,0,0.166666666666667,0.132352941176471,7.0,0.0,7.0,32.0,3.375
21900118,2019-11-08,CAVALIERS at WIZARDS,36386.0,315.0,65.0,98.0,213.0,0.183099,0.311828,0.0,0,0.131455399061033,0.0845070422535211,9.0,2.0,11.0,13.0,4.3
21900116,2019-11-08,PISTONS at PACERS,17613.0,118.0,37.0,97.0,218.0,0.233945,0.284024,0.0,1,0.169724770642202,0.155963302752294,5.0,0.0,5.0,6.0,3.425
21900119,2019-11-08,KINGS at HAWKS,24492.0,213.0,78.0,92.0,230.0,0.352174,0.361963,0.0,1,0.117391304347826,0.091304347826087,15.0,3.0,18.0,12.0,4.375
21900121,2019-11-08,RAPTORS at PELICANS,25474.0,163.0,37.0,108.5,226.0,0.384956,0.4375,0.0,3,0.154867256637168,0.230088495575221,8.0,1.0,9.0,18.0,3.9
21900122,2019-11-08,KNICKS at MAVERICKS,88023.0,713.0,213.0,102.0,208.0,0.403846,0.402235,1.0,1,0.153846153846154,0.115384615384615,3.0,1.0,4.0,4.0,6.25
21900120,2019-11-08,WARRIORS at TIMBERWOLVES,106359.0,769.0,208.0,108.68,244.0,0.233607,0.331776,0.0,0,0.176229508196721,0.0491803278688525,11.0,2.0,13.0,6.0,6.325
21900123,2019-11-08,76ERS at NUGGETS,84487.0,705.0,225.0,96.5,197.0,0.335025,0.277457,0.0,2,0.106598984771574,,7.0,0.0,7.0,3.0,4.550000000000000
21900124,2019-11-08,BUCKS at JAZZ,70858.0,599.0,219.0,106.0,203.0,0.369458,0.402235,1.0,4,0.206896551724138,0.108374384236453,5.0,1.0,6.0,3.0,3.925
21900125,2019-11-08,NETS at TRAIL BLAZERS,72576.0,666.0,149.0,100.0,234.0,0.346154,0.341837,1.0,1,0.192307692307692,0.106837606837607,6.0,3.0,9.0,4.0,4.625
21900126,2019-11-08,HEAT at LAKERS,497926.0,3493.0,547.0,94.5,175.0,0.24,0.39645,0.0,3,0.142857142857143,0.0914285714285714,12.0,0.0,12.0,15.0,6.05
21900127,2019-11-09,CELTICS at SPURS,99640.0,738.0,262.0,105.5,250.0,0.336,0.34715,0.0,2,0.192,0.124,10.0,0.0,10.0,20.0,4.6
21900128,2019-11-09,PELICANS at HORNETS,28414.0,321.0,79.0,107.5,225.0,0.346667,0.417178,1.0,1,0.208888888888889,0.128888888888889,12.0,2.0,14.0,5.0,3.325
21900130,2019-11-09,MAVERICKS at GRIZZLIES,45009.0,335.0,54.0,105.5,260.0,0.346154,0.40625,0.0,1,0.1,0.0923076923076923,10.0,1.0,11.0,16.0,4.1
21900129,2019-11-09,ROCKETS at BULLS,100483.0,672.0,116.0,108.5,211.0,0.327014,0.41989,0.0,2,0.170616113744076,,,,,23.0,5.75
21900131,2019-11-09,WARRIORS at THUNDER,111081.0,489.0,143.0,101.0,222.0,0.283784,0.317073,0.0,1,0.13963963963964,0.0810810810810811,10.0,1.0,11.0,6.0,6.45
21900132,2019-11-10,NUGGETS at TIMBERWOLVES,77268.0,1097.0,132.0,97.81,198.0,0.257576,0.368687,0.0,1,0.176767676767677,0.0656565656565657,10.0,1.0,11.0,2.0,3.725
21900133,2019-11-10,PACERS at MAGIC,20315.0,271.0,73.0,92.5,211.0,0.341232,0.311111,0.0,1,0.042654028436019,0.0710900473933649,2.0,0.0,2.0,7.0,3.4750000000000000
21900134,2019-11-10,HORNETS at 76ERS,50978.0,454.0,78.0,100.0,220.0,0.327273,0.363095,0.0,1,0.127272727272727,0.1,11.0,1.0,12.0,8.0,4.125
21900135,2019-11-10,BUCKS at THUNDER,75624.0,966.0,95.0,108.5,240.0,0.35,0.402299,1.0,3,0.116666666666667,0.0666666666666667,12.0,2.0,14.0,2.0,3.8
21900136,2019-11-10,CAVALIERS at KNICKS,49086.0,394.0,135.0,98.5,195.0,0.261538,0.35119,0.0,0,0.225641025641026,,9.0,2.0,11.0,21.0,5.925
21900137,2019-11-10,NETS at SUNS,68401.0,733.0,187.0,107.0,250.0,0.324,0.4,0.0,1,0.124,0.128,12.0,1.0,13.0,26.0,5.1
21900138,2019-11-10,HAWKS at TRAIL BLAZERS,33552.0,299.0,39.0,101.43,237.0,0.291139,0.370192,1.0,2,0.168776371308017,0.126582278481013,9.0,5.0,14.0,11.0,3.9750000000000000
21900139,2019-11-10,RAPTORS at LAKERS,381928.0,2797.0,669.0,101.5,217.0,0.304147,0.360656,0.0,3,0.124423963133641,0.184331797235023,10.0,3.0,13.0,9.0,5.75
21900140,2019-11-11,TIMBERWOLVES at PISTONS,22064.0,308.0,64.0,100.5,234.0,0.397436,0.375,0.0,0,0.14957264957265,0.158119658119658,5.0,3.0,8.0,6.0,3.35
21900143,2019-11-11,GRIZZLIES at SPURS,24796.0,183.0,58.0,99.5,222.0,0.310811,0.327684,1.0,0,0.121621621621622,0.0855855855855856,1.0,2.0,3.0,4.0,3.45
21900141,2019-11-11,MAVERICKS at CELTICS,104743.0,722.0,198.0,92.5,222.0,0.351351,0.44,1.0,3,0.18018018018018,0.0810810810810811,10.0,3.0,13.0,10.0,5.25
21900142,2019-11-11,ROCKETS at PELICANS,67004.0,464.0,72.0,109.0,238.0,0.327731,0.477778,0.0,2,0.176470588235294,0.176470588235294,5.0,0.0,5.0,6.0,4.5
21900145,2019-11-11,RAPTORS at CLIPPERS,74303.0,556.0,186.0,102.0,186.0,0.306452,0.372881,0.0,2,0.166666666666667,0.204301075268817,11.0,2.0,13.0,10.0,4.95
21900144,2019-11-11,JAZZ at WARRIORS,83235.0,361.0,111.0,101.0,230.0,0.33913,0.377143,0.0,2,0.147826086956522,,13.0,7.0,20.0,14.0,6.575
21900146,2019-11-12,THUNDER at PACERS,20599.0,238.0,54.0,100.0,196.0,0.19898,0.272727,0.0,2,0.168367346938776,0.122448979591837,4.0,7.0,11.0,26.0,3.45
21900147,2019-11-12,CAVALIERS at 76ERS,58642.0,623.0,116.0,97.0,195.0,0.2,0.337143,1.0,2,0.133333333333333,,13.0,2.0,15.0,1.0,4.625
21900148,2019-11-12,PISTONS at HEAT,43083.0,414.0,102.0,98.0,225.0,0.386667,0.470968,0.0,1,0.204444444444444,0.111111111111111,11.0,5.0,16.0,9.0,4.275
21900149,2019-11-12,KNICKS at BULLS,70826.0,524.0,165.0,103.0,222.0,0.324324,0.384615,0.0,0,0.198198198198198,0.135135135135135,7.0,1.0,8.0,18.0,6.65
21900151,2019-11-12,LAKERS at SUNS,278080.0,2235.0,331.0,100.0,238.0,0.327731,0.33871,1.0,3,0.100840336134454,0.092436974789916,13.0,0.0,13.0,8.0,5.8
21900150,2019-11-12,HAWKS at NUGGETS,45629.0,363.0,87.0,100.0,246.0,0.317073,0.40107,0.0,2,0.16260162601626,0.121951219512195,21.0,5.0,26.0,4.0,4.25
21900152,2019-11-12,NETS at JAZZ,70719.0,453.0,91.0,104.0,233.0,0.218884,0.346154,1.0,2,0.206008583690987,0.0944206008583691,10.0,0.0,10.0,5.0,4.675
21900153,2019-11-12,TRAIL BLAZERS at KINGS,27194.0,222.0,66.0,98.5,206.0,0.276699,0.380368,0.0,1,0.20873786407767,0.12621359223301,7.0,2.0,9.0,8.0,4.05
21900154,2019-11-13,GRIZZLIES at HORNETS,27677.0,324.0,45.0,104.0,236.0,0.419492,0.403409,0.0,0,0.0889830508474576,0.101694915254237,11.0,1.0,12.0,2.0,3.2750000000000000
21900155,2019-11-13,76ERS at MAGIC,30392.0,281.0,58.0,102.5,209.0,0.258373,0.350282,0.0,1,0.167464114832536,0.162679425837321,11.0,2.0,13.0,15.0,4.225
21900156,2019-11-13,WIZARDS at CELTICS,75049.0,566.0,122.0,107.5,273.0,0.296703,0.338542,0.0,2,0.175824175824176,0.157509157509158,3.0,2.0,5.0,7.0,4.875
21900158,2019-11-13,SPURS at TIMBERWOLVES,24145.0,148.0,60.0,102.5,243.0,0.17284,0.281768,0.0,0,0.209876543209877,0.0452674897119342,8.0,0.0,8.0,15.0,3.475
21900157,2019-11-13,CLIPPERS at ROCKETS,188222.0,1447.0,368.0,100.0,195.0,0.369231,0.407609,1.0,3,0.148717948717949,0.0974358974358974,8.0,4.0,12.0,9.0,5.550000000000000
21900160,2019-11-13,RAPTORS at TRAIL BLAZERS,40342.0,272.0,55.0,98.0,220.0,0.422727,0.425532,0.0,2,0.131818181818182,0.127272727272727,,,,8.0,4.075
21900159,2019-11-13,WARRIORS at LAKERS,378620.0,2586.0,488.0,98.5,214.0,0.252336,0.308989,0.0,1,0.130841121495327,0.126168224299065,17.0,1.0,18.0,26.0,8.2
21900161,2019-11-14,HEAT at CAVALIERS,51937.0,460.0,108.0,98.5,205.0,0.292683,0.378049,0.0,1,0.131707317073171,0.151219512195122,10.0,5.0,15.0,11.0,4.725
21900164,2019-11-14,CLIPPERS at PELICANS,115391.0,884.0,493.0,105.5,259.0,0.335907,0.318681,1.0,0,0.16988416988417,,11.0,0.0,11.0,5.0,4.35
21900163,2019-11-14,BULLS at BUCKS,65522.0,543.0,113.0,113.0,239.0,0.301255,0.41989,1.0,1,0.230125523012552,0.175732217573222,9.0,4.0,13.0,9.0,4.950000000000000
21900162,2019-11-14,MAVERICKS at KNICKS,98871.0,977.0,222.0,96.0,209.0,0.301435,0.370787,1.0,1,0.15311004784689,0.0334928229665072,11.0,1.0,12.0,3.0,6.25
21900165,2019-11-14,HAWKS at SUNS,43139.0,434.0,98.0,112.0,240.0,0.2875,0.397727,0.0,2,0.229166666666667,0.125,11.0,0.0,11.0,16.0,4.450000000000000
21900166,2019-11-14,NETS at NUGGETS,44858.0,355.0,151.0,100.0,194.0,0.278351,0.362245,0.0,1,0.0927835051546392,,10.0,0.0,10.0,8.0,4.9
21900167,2019-11-15,PISTONS at HORNETS,23749.0,325.0,75.0,96.5,215.0,0.390698,0.39548,1.0,0,0.0976744186046512,,9.0,0.0,9.0,3.0,3.4000000000000000
21900168,2019-11-15,SPURS at MAGIC,21358.0,274.0,64.0,95.0,220.0,0.340909,0.3125,1.0,0,0.15,0.15,4.0,0.0,4.0,2.0,3.625
21900169,2019-11-15,PACERS at ROCKETS,32095.0,366.0,75.0,100.0,213.0,0.309859,0.461988,0.0,3,0.211267605633803,,7.0,3.0,10.0,9.0,4.55
21900170,2019-11-15,JAZZ at GRIZZLIES,51549.0,444.0,85.0,103.0,213.0,0.267606,0.377049,1.0,2,0.178403755868545,0.140845070422535,10.0,1.0,11.0,1.0,3.475
21900171,2019-11-15,WIZARDS at TIMBERWOLVES,16740.0,160.0,44.0,111.0,253.0,0.249012,0.343915,0.0,0,0.158102766798419,0.106719367588933,17.0,2.0,19.0,21.0,3.75
21900172,2019-11-15,76ERS at THUNDER,53202.0,365.0,110.0,93.28,246.0,0.292683,0.337349,1.0,3,0.203252032520325,0.0731707317073171,,,,8.0,4.2
21900174,2019-11-15,KINGS at LAKERS,312517.0,2428.0,607.0,93.5,196.0,0.413265,0.466258,1.0,2,0.147959183673469,0.147959183673469,9.0,4.0,13.0,2.0,5.725
21900173,2019-11-15,CELTICS at WARRIORS,161289.0,1087.0,266.0,104.5,205.0,0.263415,0.352601,1.0,2,0.219512195121951,0.185365853658537,8.0,4.0,12.0,5.0,7.45
21900175,2019-11-16,NETS at BULLS,43478.0,460.0,94.0,109.5,228.0,0.25,0.458101,1.0,0,0.285087719298246,0.118421052631579,8.0,1.0,9.0,6.0,5.700000000000000
21900176,2019-11-16,BUCKS at PACERS,33088.0,271.0,39.0,102.0,185.0,0.372973,0.372449,0.0,2,0.0648648648648649,0.189189189189189,,,,19.0,3.75
21900177,2019-11-16,HORNETS at KNICKS,39637.0,404.0,96.0,90.5,205.0,0.336585,0.393064,1.0,0,0.15609756097561,,14.0,4.0,18.0,1.0,5.425
21900178,2019-11-16,PELICANS at HEAT,41807.0,438.0,86.0,95.0,203.0,0.369458,0.361963,0.0,1,0.0788177339901478,0.137931034482759,,,,15.0,4.200000000000000
21900179,2019-11-16,ROCKETS at TIMBERWOLVES,78310.0,591.0,141.0,100.0,230.0,0.404348,0.488764,0.0,1,0.160869565217391,0.121739130434783,5.0,0.0,5.0,20.0,4.475
21900180,2019-11-16,RAPTORS at MAVERICKS,61136.0,486.0,104.0,102.5,212.0,0.367925,0.451977,0.0,2,0.179245283018868,0.122641509433962,7.0,3.0,10.0,8.0,4.75
21900181,2019-11-16,TRAIL BLAZERS at SPURS,47937.0,294.0,93.0,104.5,237.0,0.227848,0.314917,0.0,1,0.223628691983122,0.0886075949367089,4.0,0.0,4.0,5.0,3.675
21900182,2019-11-16,HAWKS at CLIPPERS,52674.0,593.0,238.0,109.0,251.0,0.2749,0.311475,0.0,1,0.239043824701195,0.207171314741036,17.0,2.0,19.0,49.0,4.85
21900183,2019-11-17,76ERS at CAVALIERS,16372.0,217.0,29.0,101.5,209.0,0.215311,0.275862,0.0,2,0.162679425837321,0.119617224880383,9.0,1.0,10.0,19.0,4.625
21900184,2019-11-17,CELTICS at KINGS,100418.0,853.0,343.0,96.0,199.0,0.361809,0.380117,1.0,2,0.155778894472362,,6.0,1.0,7.0,1.0,4.975
21900186,2019-11-17,NUGGETS at GRIZZLIES,26867.0,230.0,40.0,104.0,245.0,0.416327,0.393064,0.0,1,0.142857142857143,0.159183673469388,13.0,0.0,13.0,17.0,3.7
21900185,2019-11-17,WIZARDS at MAGIC,19315.0,210.0,47.0,101.5,246.0,0.414634,0.429348,0.0,0,0.138211382113821,0.0528455284552846,11.0,2.0,13.0,4.0,3.9
21900187,2019-11-17,WARRIORS at PELICANS,86872.0,408.0,185.0,98.5,208.0,0.360577,0.394444,0.0,0,0.168269230769231,0.125,4.0,0.0,4.0,8.0,6.35
21900188,2019-11-17,HAWKS at LAKERS,468149.0,3588.0,585.0,101.0,223.0,0.309417,0.36,0.0,3,0.143497757847534,0.165919282511211,13.0,6.0,19.0,21.0,5.65
21900189,2019-11-18,CAVALIERS at KNICKS,49645.0,452.0,81.0,96.0,228.0,0.328947,0.33908,0.0,0,0.18859649122807,0.0570175438596491,8.0,1.0,9.0,18.0,5.925
21900190,2019-11-18,PACERS at NETS,21618.0,178.0,40.0,97.5,201.0,0.373134,0.362162,0.0,1,0.139303482587065,0.0945273631840796,7.0,0.0,7.0,29.0,4.5
21900191,2019-11-18,HORNETS at RAPTORS,20975.0,153.0,21.0,98.0,228.0,0.460526,0.502857,0.0,1,0.118421052631579,0.109649122807018,10.0,3.0,13.0,36.0,3.925
21900193,2019-11-18,TRAIL BLAZERS at ROCKETS,123357.0,930.0,299.0,106.5,240.0,0.35,0.413265,0.0,3,0.158333333333333,0.0916666666666667,10.0,4.0,14.0,24.0,4.675
21900194,2019-11-18,SPURS at MAVERICKS,62429.0,519.0,161.0,97.0,227.0,0.330396,0.361111,1.0,1,0.13215859030837,0.101321585903084,2.0,4.0,6.0,7.0,4.35
21900192,2019-11-18,BUCKS at BULLS,24269.0,236.0,46.0,104.0,216.0,0.375,0.418994,1.0,1,0.162037037037037,0.125,15.0,1.0,16.0,14.0,4.950000000000000
21900196,2019-11-18,TIMBERWOLVES at JAZZ,25874.0,261.0,55.0,106.5,214.0,0.364486,0.372973,1.0,2,0.168224299065421,0.0841121495327103,6.0,2.0,8.0,10.0,3.5
21900195,2019-11-18,CELTICS at SUNS,23804.0,344.0,30.0,100.0,184.0,0.358696,0.450292,0.0,3,0.119565217391304,0.201086956521739,,,,14.0,5.05
21900197,2019-11-18,THUNDER at CLIPPERS,86819.0,642.0,144.0,95.5,178.0,0.286517,0.388889,1.0,1,0.196629213483146,,8.0,2.0,10.0,2.0,4.45
21900199,2019-11-19,TRAIL BLAZERS at PELICANS,85408.0,654.0,194.0,103.0,219.0,0.39726,0.351351,0.0,1,0.127853881278539,0.127853881278539,,,,11.0,3.4750000000000000
21900198,2019-11-19,WARRIORS at GRIZZLIES,92771.0,665.0,163.0,99.0,209.0,0.258373,0.303371,0.0,0,0.157894736842105,0.124401913875598,11.0,1.0,12.0,19.0,6.300000000000000
21900200,2019-11-19,SUNS at KINGS,28951.0,256.0,69.0,102.0,236.0,0.317797,0.39881,0.0,1,0.216101694915254,0.0423728813559322,7.0,1.0,8.0,4.0,4.525
21900201,2019-11-19,THUNDER at LAKERS,389482.0,2832.0,413.0,97.5,219.0,0.315068,0.349112,0.0,3,0.155251141552511,0.210045662100457,18.0,2.0,20.0,5.0,5.25
21900203,2019-11-20,SPURS at WIZARDS,21674.0,214.0,77.0,106.0,270.0,0.333333,0.335135,0.0,0,0.125925925925926,0.111111111111111,7.0,1.0,8.0,6.0,3.975
21900202,2019-11-20,KNICKS at 76ERS,61105.0,541.0,153.0,97.0,213.0,0.366197,0.32948,1.0,2,0.136150234741784,0.131455399061033,10.0,4.0,14.0,5.0,6.2
21900207,2019-11-20,MAGIC at RAPTORS,19621.0,144.0,30.0,97.5,210.0,0.257143,0.331461,0.0,1,0.152380952380952,0.1,11.0,0.0,11.0,16.0,4.025
21900205,2019-11-20,HORNETS at NETS,18587.0,190.0,56.0,100.5,192.0,0.328125,0.421053,0.0,0,0.203125,0.0885416666666667,13.0,0.0,13.0,10.0,4.475
21900208,2019-11-20,WARRIORS at MAVERICKS,120484.0,748.0,276.0,100.0,236.0,0.381356,0.361111,0.0,1,0.14406779661017,0.13135593220339,15.0,1.0,16.0,48.0,7.2
21900206,2019-11-20,CAVALIERS at HEAT,43086.0,437.0,72.0,102.0,224.0,0.415179,0.454545,0.0,1,0.165178571428571,0.0803571428571429,,,,24.0,4.725
21900204,2019-11-20,BUCKS at HAWKS,34900.0,333.0,68.0,112.5,262.0,0.354962,0.404372,0.0,2,0.194656488549618,0.0954198473282443,10.0,0.0,10.0,8.0,4.200000000000000
21900209,2019-11-20,PISTONS at BULLS,48038.0,376.0,58.0,100.0,198.0,0.333333,0.344828,0.0,0,0.212121212121212,0.136363636363636,12.0,0.0,12.0,20.0,4.625
21900210,2019-11-20,JAZZ at TIMBERWOLVES,24943.0,213.0,39.0,96.5,198.0,0.424242,0.445714,0.0,2,0.151515151515152,0.121212121212121,5.0,1.0,6.0,8.0,3.5
21900211,2019-11-20,ROCKETS at NUGGETS,76025.0,582.0,217.0,97.0,200.0,0.315,0.382353,0.0,3,0.135,0.2,10.0,1.0,11.0,10.0,4.95
21900212,2019-11-20,CELTICS at CLIPPERS,216349.0,2072.0,494.0,96.91,211.0,0.412322,0.456853,1.0,3,0.104265402843602,0.118483412322275,7.0,5.0,12.0,3.0,5.45
21900213,2019-11-21,TRAIL BLAZERS at BUCKS,124024.0,1187.0,199.0,107.0,266.0,0.37218,0.392344,0.0,1,0.12406015037594,0.161654135338346,8.0,2.0,10.0,8.0,3.875
21900214,2019-11-21,PELICANS at SUNS,46386.0,519.0,114.0,103.5,245.0,0.355102,0.37931,0.0,2,0.171428571428571,0.110204081632653,10.0,2.0,12.0,3.0,3.9500000000000000
21900216,2019-11-22,HORNETS at WIZARDS,20043.0,229.0,63.0,106.0,243.0,0.345679,0.369565,1.0,0,0.0946502057613169,0.131687242798354,16.0,2.0,18.0,7.0,3.8
21900215,2019-11-22,HAWKS at PISTONS,23038.0,240.0,98.0,98.5,231.0,0.350649,0.417647,0.0,1,0.12987012987013,0.116883116883117,14.0,2.0,16.0,25.0,3.875
21900217,2019-11-22,KINGS at NETS,33939.0,269.0,95.0,100.5,213.0,0.225352,0.359281,0.0,0,0.173708920187793,0.117370892018779,11.0,0.0,11.0,19.0,5.025
21900218,2019-11-22,SPURS at 76ERS,65674.0,505.0,125.0,99.0,219.0,0.219178,0.252874,0.0,2,0.114155251141553,0.146118721461187,9.0,0.0,9.0,11.0,4.300000000000000
21900219,2019-11-22,HEAT at BULLS,59960.0,514.0,129.0,99.0,224.0,0.321429,0.402367,0.0,1,0.178571428571429,0.0714285714285714,15.0,0.0,15.0,8.0,5.450000000000000
21900220,2019-11-22,LAKERS at THUNDER,602758.0,3848.0,451.0,104.0,257.0,0.326848,0.342541,1.0,3,0.159533073929961,0.101167315175097,20.0,1.0,21.0,3.0,5.25
21900221,2019-11-22,CAVALIERS at MAVERICKS,84794.0,572.0,172.0,95.5,244.0,0.393443,0.354839,0.0,1,0.0901639344262295,,10.0,4.0,14.0,42.0,4.675
21900223,2019-11-22,WARRIORS at JAZZ,123920.0,502.0,151.0,101.0,222.0,0.351351,0.335196,0.0,2,0.108108108108108,0.117117117117117,11.0,0.0,11.0,4.0,6.575
21900222,2019-11-22,CELTICS at NUGGETS,83453.0,500.0,116.0,98.0,188.0,0.223404,0.325444,1.0,3,0.159574468085106,0.143617021276596,8.0,0.0,8.0,4.0,4.85
21900224,2019-11-22,ROCKETS at CLIPPERS,423189.0,3268.0,1020.0,107.5,241.0,0.348548,0.444444,1.0,3,0.186721991701245,,9.0,4.0,13.0,3.0,5.550000000000000
21900225,2019-11-23,SUNS at TIMBERWOLVES,42254.0,408.0,86.0,101.5,198.0,0.333333,0.411765,0.0,1,0.171717171717172,0.0555555555555556,3.0,0.0,3.0,2.0,3.925
21900227,2019-11-23,MAGIC at PACERS,16624.0,198.0,62.0,98.0,217.0,0.317972,0.321637,1.0,1,0.101382488479263,0.124423963133641,7.0,0.0,7.0,5.0,3.4750000000000000
21900226,2019-11-23,BULLS at HORNETS,193375.0,2346.0,434.0,97.5,231.0,0.441558,0.428571,0.0,0,0.0995670995670996,,,,,1.0,4.575
21900230,2019-11-23,HEAT at 76ERS,86792.0,586.0,469.0,95.5,199.0,0.301508,0.335443,0.0,3,0.175879396984925,0.115577889447236,8.0,3.0,11.0,27.0,5.0
21900228,2019-11-23,RAPTORS at HAWKS,38090.0,279.0,147.0,100.5,235.0,0.344681,0.398876,0.0,2,0.14468085106383,0.127659574468085,7.0,3.0,10.0,3.0,4.4
21900229,2019-11-23,SPURS at KNICKS,37827.0,296.0,82.0,101.0,215.0,0.376744,0.375,0.0,0,0.130232558139535,0.0790697674418605,14.0,0.0,14.0,7.0,5.6
21900232,2019-11-23,LAKERS at GRIZZLIES,797179.0,5153.0,880.0,99.0,217.0,0.373272,0.398844,1.0,2,0.129032258064516,0.202764976958525,5.0,1.0,6.0,1.0,5.1
21900233,2019-11-23,PISTONS at BUCKS,102194.0,551.0,108.0,101.5,194.0,0.35567,0.411429,0.0,1,0.077319587628866,0.190721649484536,9.0,0.0,9.0,14.0,3.775
21900234,2019-11-23,PELICANS at JAZZ,52233.0,408.0,106.0,107.0,248.0,0.387097,0.420765,0.0,2,0.193548387096774,0.0725806451612903,,,,8.0,3.525
21900235,2019-11-24,MAVERICKS at ROCKETS,373955.0,2342.0,646.0,109.5,260.0,0.311538,0.44,0.0,3,0.173076923076923,0.146153846153846,13.0,1.0,14.0,14.0,5.35
21900237,2019-11-24,KINGS at WIZARDS,23728.0,210.0,39.0,101.0,219.0,0.328767,0.375723,0.0,0,0.150684931506849,,7.0,1.0,8.0,7.0,4.35
21900236,2019-11-24,NETS at KNICKS,76430.0,568.0,106.0,95.0,204.0,0.470588,0.464968,1.0,0,0.176470588235294,0.0882352941176471,9.0,2.0,11.0,2.0,6.55
21900238,2019-11-24,SUNS at NUGGETS,43278.0,417.0,86.0,92.5,220.0,0.354545,0.381503,0.0,2,0.118181818181818,0.0772727272727273,13.0,1.0,14.0,12.0,4.4
21900239,2019-11-24,PELICANS at CLIPPERS,140945.0,887.0,329.0,102.0,243.0,0.358025,0.428571,0.0,2,0.148148148148148,0.0946502057613169,7.0,0.0,7.0,25.0,4.35
21900242,2019-11-25,GRIZZLIES at PACERS,21062.0,203.0,28.0,101.0,240.0,0.3875,0.326316,0.0,1,0.0625,0.1625,7.0,15.0,22.0,12.0,3.3
21900241,2019-11-25,MAGIC at PISTONS,40792.0,275.0,73.0,95.0,191.0,0.34555,0.386503,0.0,0,0.193717277486911,,6.0,1.0,7.0,15.0,3.5
21900240,2019-11-25,NETS at CAVALIERS,53418.0,395.0,103.0,95.0,214.0,0.336449,0.351064,1.0,0,0.102803738317757,0.0934579439252336,8.0,4.0,12.0,2.0,4.975
21900244,2019-11-25,KINGS at CELTICS,111831.0,915.0,148.0,90.5,205.0,0.365854,0.469512,1.0,1,0.146341463414634,,13.0,1.0,14.0,1.0,4.975
21900246,2019-11-25,76ERS at RAPTORS,123526.0,886.0,279.0,94.0,197.0,0.395939,0.430233,0.0,3,0.116751269035533,,,,,5.0,4.7
21900243,2019-11-25,TIMBERWOLVES at HAWKS,25966.0,176.0,42.0,105.0,238.0,0.315126,0.36413,0.0,1,0.205882352941176,0.0504201680672269,13.0,1.0,14.0,12.0,3.775
21900245,2019-11-25,HORNETS at HEAT,62991.0,573.0,234.0,97.0,217.0,0.304147,0.390244,0.0,1,0.19815668202765,0.110599078341014,16.0,1.0,17.0,17.0,4.225
21900247,2019-11-25,TRAIL BLAZERS at BULLS,189029.0,922.0,261.0,100.5,211.0,0.241706,0.377143,0.0,1,0.14218009478673,,10.0,0.0,10.0,23.0,4.725
21900248,2019-11-25,JAZZ at BUCKS,98687.0,771.0,176.0,101.5,240.0,0.425,0.472527,1.0,2,0.141666666666667,0.1375,7.0,1.0,8.0,4.0,3.925
21900249,2019-11-25,LAKERS at SPURS,643085.0,4142.0,727.0,93.0,218.0,0.330275,0.327684,0.0,2,0.110091743119266,0.0825688073394496,8.0,1.0,9.0,10.0,5.35
21900250,2019-11-25,THUNDER at WARRIORS,159780.0,830.0,225.0,97.0,197.0,0.304569,0.298851,0.0,1,0.116751269035533,,8.0,4.0,12.0,3.0,6.45
21900251,2019-11-26,CLIPPERS at MAVERICKS,214259.0,1498.0,504.0,106.5,213.0,0.309859,0.403409,0.0,2,0.230046948356808,0.154929577464789,7.0,2.0,9.0,15.0,5.2
21900252,2019-11-26,WIZARDS at NUGGETS,41476.0,305.0,58.0,109.5,221.0,0.217195,0.345946,0.0,1,0.14027149321267,0.104072398190045,19.0,0.0,19.0,13.0,4.225
21900255,2019-11-27,MAGIC at CAVALIERS,26195.0,187.0,28.0,104.0,220.0,0.313636,0.385057,0.0,0,0.15,0.159090909090909,4.0,0.0,4.0,12.0,3.9500000000000000
21900256,2019-11-27,JAZZ at PACERS,21569.0,201.0,60.0,101.0,223.0,0.242152,0.301676,0.0,3,0.147982062780269,0.134529147982063,8.0,0.0,8.0,19.0,3.575
21900254,2019-11-27,PISTONS at HORNETS,26164.0,229.0,94.0,89.5,203.0,0.251232,0.352273,1.0,0,0.12807881773399,0.0985221674876847,12.0,0.0,12.0,1.0,3.4000000000000000
21900257,2019-11-27,KINGS at 76ERS,47142.0,361.0,75.0,99.0,188.0,0.223404,0.348837,0.0,2,0.127659574468085,0.218085106382979,,,,6.0,4.675000000000000
21900253,2019-11-27,NETS at CELTICS,144978.0,853.0,216.0,101.5,231.0,0.441558,0.481283,0.0,2,0.134199134199134,0.147186147186147,9.0,2.0,11.0,11.0,5.55
21900258,2019-11-27,KNICKS at RAPTORS,42240.0,288.0,64.0,96.0,224.0,0.441964,0.450549,0.0,1,0.147321428571429,0.160714285714286,6.0,1.0,7.0,28.0,6.0
21900260,2019-11-27,CLIPPERS at GRIZZLIES,123574.0,668.0,318.0,107.5,240.0,0.3125,0.368984,1.0,0,0.170833333333333,,12.0,0.0,12.0,2.0,4.300000000000000
21900259,2019-11-27,HEAT at ROCKETS,152237.0,1083.0,205.0,103.0,225.0,0.386667,0.496933,0.0,3,0.204444444444444,0.124444444444444,7.0,8.0,15.0,9.0,5.4
21900261,2019-11-27,HAWKS at BUCKS,64807.0,396.0,112.0,100.5,213.0,0.295775,0.373626,0.0,3,0.150234741784038,0.145539906103286,10.0,1.0,11.0,9.0,4.200000000000000
21900262,2019-11-27,TIMBERWOLVES at SPURS,39629.0,256.0,116.0,101.0,214.0,0.32243,0.379121,1.0,0,0.163551401869159,0.130841121495327,4.0,1.0,5.0,12.0,3.475
21900263,2019-11-27,WIZARDS at SUNS,28896.0,245.0,39.0,107.0,272.0,0.375,0.401099,0.0,1,0.147058823529412,0.147058823529412,8.0,2.0,10.0,8.0,4.425
21900264,2019-11-27,LAKERS at PELICANS,960569.0,6210.0,1112.0,102.0,224.0,0.334821,0.378698,1.0,3,0.191964285714286,0.178571428571429,13.0,0.0,13.0,4.0,5.15
21900265,2019-11-27,THUNDER at TRAIL BLAZERS,334892.0,1840.0,272.0,102.5,255.0,0.294118,0.357143,0.0,2,0.211764705882353,0.0784313725490196,7.0,1.0,8.0,17.0,3.575
21900266,2019-11-27,BULLS at WARRIORS,245798.0,1781.0,339.0,99.5,194.0,0.324742,0.341176,1.0,0,0.15979381443299,,15.0,2.0,17.0,14.0,7.6
21900267,2019-11-29,CELTICS at NETS,169159.0,1063.0,254.0,103.5,219.0,0.356164,0.370968,0.0,2,0.114155251141553,0.123287671232877,,,,5.0,5.55
21900269,2019-11-29,RAPTORS at MAGIC,33481.0,406.0,56.0,97.5,173.0,0.312139,0.41358,0.0,1,0.225433526011561,0.161849710982659,8.0,5.0,13.0,7.0,4.025
21900268,2019-11-29,HORNETS at PISTONS,22742.0,182.0,56.0,88.5,217.0,0.470046,0.439759,0.0,0,0.0967741935483871,0.115207373271889,7.0,1.0,8.0,3.0,3.4000000000000000
21900270,2019-11-29,BUCKS at CAVALIERS,68588.0,433.0,74.0,100.0,229.0,0.379913,0.386364,1.0,2,0.0960698689956332,,15.0,3.0,18.0,9.0,4.225
21900271,2019-11-29,76ERS at KNICKS,55838.0,435.0,116.0,95.5,196.0,0.229592,0.306667,1.0,2,0.260204081632653,0.0561224489795918,8.0,2.0,10.0,6.0,6.2
21900275,2019-11-29,PELICANS at THUNDER,35546.0,289.0,82.0,103.5,213.0,0.338028,0.40678,1.0,2,0.117370892018779,,11.0,3.0,14.0,5.0,3.4
21900274,2019-11-29,JAZZ at GRIZZLIES,95192.0,642.0,71.0,96.5,197.0,0.335025,0.365079,1.0,2,0.126903553299492,0.126903553299492,6.0,2.0,8.0,9.0,3.475
21900273,2019-11-29,WARRIORS at HEAT,215754.0,1109.0,218.0,99.5,227.0,0.303965,0.333333,0.0,1,0.246696035242291,0.066079295154185,8.0,2.0,10.0,17.0,7.25
21900272,2019-11-29,HAWKS at PACERS,36734.0,318.0,112.0,99.62,209.0,0.215311,0.318681,1.0,2,0.181818181818182,0.129186602870813,7.0,7.0,14.0,1.0,3.8500000000000000
21900276,2019-11-29,CLIPPERS at SPURS,200335.0,1118.0,661.0,102.0,204.0,0.382353,0.372973,0.0,1,0.127450980392157,0.137254901960784,10.0,1.0,11.0,10.0,4.550000000000000
21900277,2019-11-29,MAVERICKS at SUNS,108889.0,687.0,201.0,100.5,233.0,0.386266,0.477528,0.0,2,0.218884120171674,,,,,7.0,4.8
21900279,2019-11-29,WIZARDS at LAKERS,803034.0,5019.0,752.0,108.5,228.0,0.315789,0.377049,0.0,2,0.166666666666667,0.175438596491228,12.0,2.0,14.0,22.0,5.625
21900280,2019-11-30,NUGGETS at KINGS,62579.0,642.0,143.0,92.38,197.0,0.28934,0.355191,0.0,1,0.16243654822335,0.0761421319796954,,,,3.0,4.325
21900281,2019-11-30,PACERS at 76ERS,98418.0,835.0,190.0,101.0,235.0,0.280851,0.294118,1.0,3,0.225531914893617,0.106382978723404,6.0,0.0,6.0,3.0,4.15
21900283,2019-11-30,HORNETS at BUCKS,92102.0,510.0,146.0,101.0,233.0,0.450644,0.451777,0.0,2,0.0686695278969957,0.218884120171674,7.0,5.0,12.0,41.0,3.7250000000000000
21900282,2019-11-30,HAWKS at ROCKETS,239063.0,1532.0,321.0,106.0,269.0,0.446097,0.544944,0.0,3,0.182156133828996,0.104089219330855,11.0,3.0,14.0,47.0,5.0
21900284,2019-12-01,HEAT at NETS,145746.0,880.0,189.0,99.0,215.0,0.362791,0.424731,1.0,1,0.162790697674419,,5.0,1.0,6.0,3.0,5.35
21900286,2019-12-01,GRIZZLIES at TIMBERWOLVES,21638.0,182.0,25.0,106.0,222.0,0.364865,0.410811,0.0,0,0.211711711711712,0.0990990990990991,4.0,0.0,4.0,8.0,3.225
21900285,2019-12-01,CELTICS at KNICKS,101268.0,604.0,127.0,98.5,217.0,0.317972,0.39645,1.0,2,0.193548387096774,0.124423963133641,5.0,0.0,5.0,9.0,6.5
21900287,2019-12-01,MAVERICKS at LAKERS,903027.0,4965.0,1520.0,100.0,214.0,0.336449,0.413043,0.0,3,0.121495327102804,0.219626168224299,11.0,3.0,14.0,14.0,6.0
21900288,2019-12-01,SPURS at PISTONS,56526.0,476.0,137.0,100.0,230.0,0.286957,0.323864,0.0,0,0.139130434782609,0.108695652173913,10.0,2.0,12.0,34.0,3.575
21900289,2019-12-01,THUNDER at PELICANS,40976.0,280.0,51.0,96.5,211.0,0.398104,0.422619,1.0,2,0.137440758293839,0.118483412322275,2.0,3.0,5.0,3.0,3.4
21900291,2019-12-01,JAZZ at RAPTORS,83841.0,457.0,125.0,103.5,240.0,0.4,0.394444,0.0,3,0.158333333333333,0.15,5.0,5.0,10.0,20.0,4.125
21900290,2019-12-01,WARRIORS at MAGIC,101467.0,518.0,158.0,96.0,196.0,0.260204,0.314607,1.0,0,0.168367346938776,0.168367346938776,13.0,1.0,14.0,4.0,6.475
21900292,2019-12-01,WIZARDS at CLIPPERS,159528.0,978.0,298.0,115.0,275.0,0.272727,0.316327,0.0,1,0.189090909090909,0.141818181818182,8.0,3.0,11.0,25.0,4.825
21900294,2019-12-02,JAZZ at 76ERS,139558.0,911.0,110.0,103.5,197.0,0.274112,0.27907,0.0,4,0.147208121827411,0.16243654822335,7.0,2.0,9.0,9.0,4.325
21900293,2019-12-02,SUNS at HORNETS,38096.0,334.0,69.0,100.5,213.0,0.225352,0.389535,1.0,1,0.2018779342723,,9.0,1.0,10.0,5.0,3.9750000000000000
21900295,2019-12-02,WARRIORS at HAWKS,144106.0,659.0,189.0,95.5,183.0,0.180328,0.267442,0.0,1,0.131147540983607,0.103825136612022,19.0,1.0,20.0,25.0,6.85
21900296,2019-12-02,PACERS at GRIZZLIES,18681.0,188.0,14.0,99.5,221.0,0.352941,0.429379,0.0,1,0.14027149321267,0.0723981900452489,6.0,1.0,7.0,13.0,3.3
21900297,2019-12-02,KNICKS at BUCKS,108725.0,669.0,166.0,101.5,220.0,0.354545,0.418079,0.0,2,0.190909090909091,0.209090909090909,8.0,3.0,11.0,44.0,5.8
21900298,2019-12-02,BULLS at KINGS,60751.0,514.0,50.0,99.5,219.0,0.342466,0.443038,0.0,0,0.191780821917808,0.0821917808219178,13.0,1.0,14.0,7.0,5.125
21900299,2019-12-03,PISTONS at CAVALIERS,46627.0,397.0,66.0,95.0,221.0,0.352941,0.336957,0.0,0,0.0769230769230769,0.122171945701357,12.0,3.0,15.0,33.0,3.9
21900300,2019-12-03,MAGIC at WIZARDS,18575.0,171.0,18.0,104.0,247.0,0.327935,0.368715,0.0,0,0.153846153846154,0.0323886639676113,11.0,5.0,16.0,7.0,3.9
21900302,2019-12-03,MAVERICKS at PELICANS,152773.0,809.0,181.0,100.5,215.0,0.418605,0.472527,0.0,2,0.153488372093023,0.0930232558139535,7.0,4.0,11.0,21.0,4.15
21900301,2019-12-03,HEAT at RAPTORS,164114.0,1295.0,308.0,99.17,231.0,0.337662,0.426316,1.0,3,0.194805194805195,0.12987012987013,3.0,4.0,7.0,11.0,4.8
21900304,2019-12-03,LAKERS at NUGGETS,913978.0,5170.0,943.0,100.5,201.0,0.19403,0.302857,0.0,3,0.17910447761194,0.139303482587065,16.0,0.0,16.0,9.0,5.6
21900303,2019-12-03,ROCKETS at SPURS,403868.0,2888.0,825.0,102.21,268.0,0.313433,0.373272,0.0,2,0.208955223880597,,8.0,0.0,8.0,2.0,4.7
21900305,2019-12-03,TRAIL BLAZERS at CLIPPERS,183426.0,927.0,233.0,100.0,214.0,0.336449,0.32973,0.0,2,0.121495327102804,0.149532710280374,13.0,3.0,16.0,20.0,4.525
21900306,2019-12-04,WARRIORS at HORNETS,108496.0,737.0,161.0,93.0,197.0,0.456853,0.430303,0.0,0,0.0761421319796954,,7.0,4.0,11.0,15.0,6.375
21900308,2019-12-04,SUNS at MAGIC,11473.0,154.0,25.0,97.5,242.0,0.359504,0.33526,0.0,1,0.119834710743802,,10.0,0.0,10.0,14.0,4.075000000000000
21900307,2019-12-04,BUCKS at PISTONS,165583.0,958.0,204.0,104.5,230.0,0.326087,0.387978,0.0,2,0.169565217391304,0.1,,,,24.0,3.775
21900310,2019-12-04,HEAT at CELTICS,172812.0,903.0,269.0,95.0,205.0,0.439024,0.50641,0.0,3,0.180487804878049,,7.0,2.0,9.0,19.0,5.3
21900309,2019-12-04,NETS at HAWKS,45474.0,332.0,65.0,102.5,248.0,0.278226,0.298429,0.0,1,0.116935483870968,0.0806451612903226,14.0,1.0,15.0,12.0,4.950000000000000
21900312,2019-12-04,PACERS at THUNDER,26543.0,232.0,65.0,90.0,207.0,0.26087,0.292398,1.0,2,0.111111111111111,0.072463768115942,9.0,4.0,13.0,7.0,3.45
21900311,2019-12-04,GRIZZLIES at BULLS,43676.0,371.0,40.0,101.0,205.0,0.292683,0.364162,0.0,0,0.219512195121951,0.102439024390244,9.0,0.0,9.0,7.0,4.5
21900313,2019-12-04,TIMBERWOLVES at MAVERICKS,144016.0,860.0,211.0,96.5,235.0,0.357447,0.414365,1.0,1,0.174468085106383,0.0978723404255319,7.0,1.0,8.0,7.0,4.125
21900314,2019-12-04,LAKERS at JAZZ,874263.0,5649.0,910.0,99.0,217.0,0.387097,0.346821,0.0,4,0.133640552995392,,12.0,3.0,15.0,25.0,5.375
21900315,2019-12-04,KINGS at TRAIL BLAZERS,109843.0,673.0,125.0,101.0,243.0,0.333333,0.368715,0.0,1,0.139917695473251,0.185185185185185,9.0,2.0,11.0,11.0,4.05
21900316,2019-12-05,76ERS at WIZARDS,89490.0,659.0,187.0,102.5,232.0,0.310345,0.329341,0.0,2,0.189655172413793,0.0732758620689655,9.0,2.0,11.0,6.0,4.575
21900318,2019-12-05,ROCKETS at RAPTORS,291936.0,1648.0,299.0,103.0,228.0,0.447368,0.505376,0.0,4,0.166666666666667,0.184210526315789,3.0,2.0,5.0,10.0,5.1
21900317,2019-12-05,NUGGETS at KNICKS,41358.0,272.0,90.0,99.5,221.0,0.40724,0.429412,0.0,1,0.113122171945701,0.0769230769230769,12.0,0.0,12.0,37.0,5.85
21900319,2019-12-05,SUNS at PELICANS,78244.0,603.0,127.0,105.51,271.0,0.343173,0.398964,0.0,2,0.191881918819188,0.132841328413284,15.0,0.0,15.0,7.0,3.9500000000000000
21900322,2019-12-06,PACERS at PISTONS,39193.0,312.0,109.0,97.0,209.0,0.287081,0.288235,1.0,1,0.167464114832536,,3.0,1.0,4.0,7.0,3.425
21900321,2019-12-06,MAGIC at CAVALIERS,30249.0,214.0,31.0,94.0,180.0,0.316667,0.363636,1.0,0,0.15,0.144444444444444,10.0,5.0,15.0,6.0,3.9500000000000000
21900320,2019-12-06,NETS at HORNETS,40937.0,268.0,47.0,96.0,215.0,0.446512,0.45614,0.0,0,0.125581395348837,0.111627906976744,,,,7.0,4.475
21900325,2019-12-06,WARRIORS at BULLS,254417.0,1572.0,235.0,93.5,198.0,0.393939,0.408805,1.0,0,0.0909090909090909,0.106060606060606,12.0,4.0,16.0,2.0,7.6
21900323,2019-12-06,NUGGETS at CELTICS,151842.0,1065.0,159.0,95.5,203.0,0.26601,0.369318,0.0,3,0.0935960591133005,0.137931034482759,7.0,1.0,8.0,13.0,4.85
21900324,2019-12-06,WIZARDS at HEAT,69560.0,636.0,256.0,96.0,215.0,0.306977,0.378531,0.0,1,0.144186046511628,0.0604651162790698,15.0,2.0,17.0,9.0,4.675
21900326,2019-12-06,TIMBERWOLVES at THUNDER,85942.0,724.0,161.0,96.45,266.0,0.203008,0.304348,0.0,1,0.18796992481203,0.0488721804511278,11.0,2.0,13.0,12.0,3.375
21900327,2019-12-06,CLIPPERS at BUCKS,1061251.0,4887.0,1436.0,105.5,210.0,0.314286,0.361702,0.0,3,0.161904761904762,0.10952380952381,13.0,3.0,16.0,28.0,4.75
21900328,2019-12-06,KINGS at SPURS,85868.0,674.0,213.0,95.09,209.0,0.287081,0.333333,0.0,0,0.129186602870813,,,,,1.0,4.075
21900329,2019-12-06,LAKERS at TRAIL BLAZERS,1062724.0,6227.0,823.0,107.5,249.0,0.325301,0.409357,0.0,3,0.208835341365462,0.1285140562249,14.0,3.0,17.0,23.0,5.325
21900330,2019-12-07,PELICANS at MAVERICKS,176731.0,1086.0,348.0,103.0,214.0,0.224299,0.4,0.0,2,0.196261682242991,0.116822429906542,,,,46.0,4.15
21900332,2019-12-07,CAVALIERS at 76ERS,75480.0,747.0,195.0,101.0,235.0,0.255319,0.327957,0.0,1,0.123404255319149,0.157446808510638,11.0,0.0,11.0,47.0,4.625
21900331,2019-12-07,PACERS at KNICKS,49403.0,322.0,125.0,99.0,207.0,0.318841,0.325967,1.0,1,0.120772946859903,0.0579710144927536,13.0,1.0,14.0,1.0,5.45
21900333,2019-12-07,SUNS at ROCKETS,292508.0,1480.0,231.0,107.5,224.0,0.294643,0.40107,1.0,3,0.178571428571429,,10.0,1.0,11.0,6.0,5.15
21900334,2019-12-07,GRIZZLIES at JAZZ,50828.0,430.0,44.0,101.0,238.0,0.365546,0.428571,0.0,2,0.138655462184874,0.121848739495798,9.0,2.0,11.0,14.0,3.475
21900335,2019-12-08,NUGGETS at NETS,92888.0,781.0,149.0,97.0,207.0,0.362319,0.397727,1.0,1,0.144927536231884,,5.0,2.0,7.0,3.0,4.9
21900336,2019-12-08,HAWKS at HORNETS,25252.0,249.0,33.0,97.5,229.0,0.379913,0.41989,0.0,1,0.174672489082969,0.0960698689956332,15.0,2.0,17.0,15.0,3.825
21900338,2019-12-08,RAPTORS at 76ERS,93895.0,636.0,215.0,100.0,214.0,0.350467,0.389222,0.0,4,0.154205607476636,0.126168224299065,8.0,0.0,8.0,6.0,4.7
21900339,2019-12-08,CLIPPERS at WIZARDS,118258.0,661.0,252.0,103.0,254.0,0.34252,0.396739,0.0,1,0.177165354330709,0.0866141732283465,9.0,5.0,14.0,16.0,4.825
21900337,2019-12-08,BULLS at HEAT,126011.0,1155.0,239.0,91.47,215.0,0.334884,0.452229,1.0,1,0.265116279069767,,9.0,0.0,9.0,5.0,5.450000000000000
21900340,2019-12-08,KINGS at MAVERICKS,143142.0,858.0,258.0,90.0,216.0,0.416667,0.45614,0.0,1,0.0740740740740741,0.0972222222222222,10.0,1.0,11.0,4.0,4.725
21900341,2019-12-08,THUNDER at TRAIL BLAZERS,157707.0,767.0,124.0,95.0,204.0,0.294118,0.351351,1.0,2,0.205882352941176,0.0637254901960784,5.0,0.0,5.0,12.0,3.575
21900342,2019-12-08,TIMBERWOLVES at LAKERS,955284.0,6423.0,1134.0,103.5,267.0,0.325843,0.382022,0.0,2,0.149812734082397,0.213483146067416,14.0,6.0,20.0,17.0,5.125
21900343,2019-12-09,CLIPPERS at PACERS,176239.0,938.0,218.0,108.0,209.0,0.287081,0.345361,0.0,1,0.196172248803828,,10.0,2.0,12.0,11.0,4.4
21900344,2019-12-09,CAVALIERS at CELTICS,103822.0,753.0,143.0,93.5,198.0,0.333333,0.343195,0.0,2,0.0707070707070707,0.136363636363636,14.0,3.0,17.0,22.0,4.925
21900347,2019-12-09,MAGIC at BUCKS,101691.0,641.0,126.0,103.5,211.0,0.369668,0.391304,0.0,2,0.137440758293839,0.180094786729858,9.0,5.0,14.0,9.0,3.8250000000000000
21900345,2019-12-09,RAPTORS at BULLS,68976.0,461.0,95.0,101.5,185.0,0.308108,0.418994,1.0,2,0.151351351351351,,,,,1.0,5.15
21900346,2019-12-09,KINGS at ROCKETS,230051.0,1538.0,380.0,100.0,237.0,0.468354,0.552326,1.0,2,0.160337552742616,,7.0,8.0,15.0,1.0,5.075
21900348,2019-12-09,PISTONS at PELICANS,142360.0,943.0,194.0,101.5,208.0,0.274038,0.414773,1.0,1,0.177884615384615,,8.0,0.0,8.0,2.0,3.375
21900350,2019-12-09,THUNDER at JAZZ,112241.0,1008.0,122.0,101.5,194.0,0.247423,0.33908,0.0,3,0.134020618556701,0.128865979381443,8.0,1.0,9.0,14.0,3.625
21900349,2019-12-09,TIMBERWOLVES at SUNS,82910.0,957.0,128.0,100.0,234.0,0.282051,0.344444,0.0,1,0.162393162393162,0.123931623931624,9.0,0.0,9.0,16.0,3.925
21900351,2019-12-09,GRIZZLIES at WARRIORS,220144.0,1013.0,227.0,106.5,212.0,0.367925,0.382857,0.0,0,0.160377358490566,0.165094339622642,9.0,5.0,14.0,8.0,6.300000000000000
21900352,2019-12-10,WIZARDS at HORNETS,42128.0,415.0,86.0,96.5,221.0,0.366516,0.434286,1.0,0,0.190045248868778,0.0769230769230769,5.0,4.0,9.0,7.0,3.8
21900353,2019-12-10,NUGGETS at 76ERS,139336.0,789.0,125.0,97.0,189.0,0.301587,0.362069,1.0,3,0.116402116402116,,9.0,0.0,9.0,5.0,4.550000000000000
21900354,2019-12-10,HAWKS at HEAT,204480.0,1869.0,441.0,97.36,256.0,0.398438,0.479798,1.0,2,0.1015625,0.05859375,15.0,2.0,17.0,14.0,4.700000000000000
21900355,2019-12-10,KNICKS at TRAIL BLAZERS,156271.0,787.0,126.0,101.5,202.0,0.356436,0.436464,0.0,1,0.178217821782178,,6.0,3.0,9.0,28.0,5.575
21900356,2019-12-11,ROCKETS at CAVALIERS,248230.0,1605.0,268.0,94.0,226.0,0.39823,0.420455,1.0,2,0.079646017699115,0.146017699115044,11.0,5.0,16.0,6.0,5.025
21900358,2019-12-11,LAKERS at MAGIC,1016798.0,5765.0,551.0,93.5,183.0,0.327869,0.339286,0.0,2,0.114754098360656,0.120218579234973,8.0,1.0,9.0,9.0,5.275
21900359,2019-12-11,CLIPPERS at RAPTORS,769611.0,3634.0,427.0,101.5,204.0,0.294118,0.436782,0.0,3,0.225490196078431,0.112745098039216,10.0,2.0,12.0,20.0,4.95
21900357,2019-12-11,CELTICS at PACERS,92473.0,500.0,125.0,101.5,239.0,0.301255,0.354651,1.0,3,0.196652719665272,0.129707112970711,5.0,9.0,14.0,5.0,4.45
21900360,2019-12-11,HORNETS at NETS,85897.0,413.0,85.0,95.0,221.0,0.339367,0.414773,1.0,0,0.217194570135747,0.113122171945701,6.0,3.0,9.0,5.0,4.475
21900361,2019-12-11,HAWKS at BULLS,48417.0,429.0,106.0,107.0,238.0,0.302521,0.350282,0.0,1,0.151260504201681,0.214285714285714,22.0,1.0,23.0,34.0,5.05
21900362,2019-12-11,JAZZ at TIMBERWOLVES,34910.0,230.0,53.0,99.5,243.0,0.382716,0.436782,0.0,2,0.156378600823045,0.0288065843621399,9.0,1.0,10.0,11.0,3.5
21900363,2019-12-11,GRIZZLIES at SUNS,39387.0,404.0,39.0,107.0,223.0,0.255605,0.322222,0.0,1,0.20627802690583,0.0941704035874439,7.0,1.0,8.0,7.0,3.9
21900364,2019-12-11,PELICANS at BUCKS,109897.0,640.0,165.0,106.0,239.0,0.439331,0.464088,0.0,2,0.108786610878661,,7.0,5.0,12.0,15.0,3.7000000000000000
21900365,2019-12-11,THUNDER at KINGS,73758.0,550.0,112.0,97.0,187.0,0.368984,0.383234,0.0,1,0.0962566844919786,,,,,1.0,3.975
21900366,2019-12-11,KNICKS at WARRIORS,281374.0,1598.0,389.0,99.62,246.0,0.268293,0.340206,0.0,0,0.195121951219512,0.146341463414634,15.0,1.0,16.0,2.0,8.45
21900367,2019-12-12,76ERS at CELTICS,360194.0,1760.0,327.0,93.0,224.0,0.334821,0.34104,1.0,4,0.147321428571429,0.0892857142857143,4.0,0.0,4.0,6.0,5.2
21900368,2019-12-12,CAVALIERS at SPURS,189407.0,1074.0,242.0,98.72,226.0,0.265487,0.335165,1.0,0,0.150442477876106,0.119469026548673,5.0,0.0,5.0,8.0,4.025
21900369,2019-12-12,MAVERICKS at PISTONS,312625.0,1676.0,318.0,99.0,233.0,0.399142,0.485876,0.0,1,0.137339055793991,0.11587982832618,17.0,1.0,18.0,11.0,4.225
21900370,2019-12-12,TRAIL BLAZERS at NUGGETS,106847.0,480.0,60.0,90.5,213.0,0.380282,0.37931,0.0,2,0.0938967136150235,0.0516431924882629,6.0,1.0,7.0,15.0,3.925
21900371,2019-12-13,ROCKETS at MAGIC,169055.0,1159.0,250.0,91.0,237.0,0.468354,0.429379,0.0,2,0.10126582278481,0.109704641350211,9.0,6.0,15.0,23.0,4.625
21900372,2019-12-13,PELICANS at 76ERS,82768.0,492.0,153.0,100.0,225.0,0.213333,0.251429,0.0,3,0.208888888888889,0.106666666666667,14.0,0.0,14.0,7.0,4.1
21900374,2019-12-13,LAKERS at HEAT,2003057.0,10549.0,1786.0,99.5,223.0,0.295964,0.406977,1.0,3,0.165919282511211,0.121076233183857,19.0,2.0,21.0,3.0,6.05
21900373,2019-12-13,PACERS at HAWKS,26893.0,181.0,35.0,106.0,210.0,0.185714,0.268817,1.0,2,0.128571428571429,0.104761904761905,11.0,0.0,11.0,10.0,3.8500000000000000
21900376,2019-12-13,BUCKS at GRIZZLIES,134536.0,853.0,187.0,107.0,241.0,0.385892,0.427027,0.0,2,0.190871369294606,0.170124481327801,,,,13.0,3.65
21900375,2019-12-13,HORNETS at BULLS,29454.0,196.0,54.0,98.0,156.0,0.25,0.384615,1.0,0,0.185897435897436,0.166666666666667,10.0,0.0,10.0,10.0,4.575
21900379,2019-12-13,WARRIORS at JAZZ,169037.0,723.0,218.0,98.5,220.0,0.340909,0.394118,1.0,2,0.177272727272727,0.0681818181818182,15.0,0.0,15.0,8.0,6.575
21900378,2019-12-13,KNICKS at KINGS,66970.0,503.0,154.0,91.5,204.0,0.382353,0.38764,1.0,0,0.0588235294117647,0.0490196078431373,10.0,2.0,12.0,2.0,5.975
21900377,2019-12-13,CLIPPERS at TIMBERWOLVES,314104.0,1777.0,466.0,108.5,241.0,0.261411,0.402439,0.0,1,0.273858921161826,,5.0,0.0,5.0,7.0,4.325
21900380,2019-12-14,SPURS at SUNS,124971.0,990.0,159.0,105.96,240.0,0.225,0.334928,1.0,0,0.183333333333333,,8.0,0.0,8.0,2.0,4.15
21900381,2019-12-14,NETS at RAPTORS,145418.0,963.0,160.0,110.0,212.0,0.367925,0.432161,0.0,2,0.150943396226415,0.231132075471698,5.0,0.0,5.0,8.0,5.05
21900383,2019-12-14,WIZARDS at GRIZZLIES,29446.0,325.0,49.0,107.0,239.0,0.313808,0.384615,0.0,0,0.192468619246862,0.154811715481172,11.0,4.0,15.0,17.0,3.725
21900382,2019-12-14,CLIPPERS at BULLS,250252.0,1777.0,557.0,99.0,215.0,0.334884,0.321212,1.0,0,0.190697674418605,,9.0,0.0,9.0,3.0,5.6
21900385,2019-12-14,CAVALIERS at BUCKS,97427.0,539.0,107.0,101.5,233.0,0.373391,0.411429,0.0,2,0.128755364806867,0.214592274678112,16.0,6.0,22.0,17.0,4.225
21900387,2019-12-14,THUNDER at NUGGETS,44396.0,272.0,31.0,98.5,212.0,0.183962,0.301205,0.0,2,0.174528301886792,0.0943396226415094,15.0,0.0,15.0,8.0,3.85
21900386,2019-12-14,PISTONS at ROCKETS,496599.0,2260.0,441.0,105.0,222.0,0.337838,0.42268,0.0,1,0.148648648648649,0.144144144144144,10.0,0.0,10.0,8.0,4.575
21900384,2019-12-14,HEAT at MAVERICKS,227285.0,1349.0,328.0,100.08,240.0,0.4125,0.4375,1.0,2,0.1625,,16.0,3.0,19.0,4.0,5.05
21900388,2019-12-15,MAGIC at PELICANS,40201.0,263.0,58.0,99.0,249.0,0.433735,0.435028,0.0,1,0.108433734939759,0.160642570281125,8.0,0.0,8.0,11.0,3.425
21900389,2019-12-15,HORNETS at PACERS,30968.0,230.0,29.0,98.0,192.0,0.234375,0.374302,0.0,1,0.213541666666667,0.140625,4.0,0.0,4.0,22.0,3.375
21900390,2019-12-15,LAKERS at HAWKS,987290.0,5658.0,714.0,106.0,197.0,0.258883,0.429412,1.0,3,0.233502538071066,0.187817258883249,15.0,2.0,17.0,5.0,5.65
21900391,2019-12-15,76ERS at NETS,145760.0,680.0,185.0,102.5,198.0,0.212121,0.277778,0.0,1,0.121212121212121,0.156565656565657,10.0,2.0,12.0,20.0,5.25
21900392,2019-12-15,KNICKS at NUGGETS,67502.0,456.0,92.0,92.5,216.0,0.25,0.319149,0.0,1,0.101851851851852,0.12037037037037,13.0,1.0,14.0,6.0,5.85
21900393,2019-12-15,KINGS at WARRIORS,159165.0,762.0,279.0,94.5,179.0,0.268156,0.338129,0.0,0,0.150837988826816,,8.0,4.0,12.0,21.0,6.925000000000000
21900395,2019-12-16,CAVALIERS at RAPTORS,181872.0,1071.0,191.0,99.5,246.0,0.341463,0.374302,0.0,2,0.105691056910569,0.134146341463415,7.0,0.0,7.0,20.0,4.425
21900394,2019-12-16,WIZARDS at PISTONS,93308.0,482.0,104.0,99.0,252.0,0.369048,0.41954,0.0,0,0.162698412698413,0.0674603174603175,9.0,3.0,12.0,14.0,3.85
21900399,2019-12-16,BULLS at THUNDER,109466.0,866.0,207.0,100.0,215.0,0.348837,0.416667,0.0,1,0.158139534883721,0.0930232558139535,16.0,3.0,19.0,3.0,4.65
21900397,2019-12-16,MIAMI at GRIZZLIES,111101.0,685.0,124.0,98.5,229.0,0.31441,0.359281,1.0,1,0.205240174672489,0.0873362445414847,7.0,1.0,8.0,7.0,4.15
21900396,2019-12-16,SPURS at ROCKETS,408412.0,2084.0,286.0,110.0,216.0,0.319444,0.402116,0.0,2,0.162037037037037,0.115740740740741,9.0,0.0,9.0,2.0,4.7
21900398,2019-12-16,MAVERICKS at BUCKS,688089.0,3843.0,1185.0,104.0,236.0,0.34322,0.42487,0.0,2,0.165254237288136,0.161016949152542,10.0,6.0,16.0,4.0,4.55
21900400,2019-12-16,TRAIL BLAZERS at SUNS,148806.0,847.0,137.0,104.0,221.0,0.352941,0.390805,1.0,1,0.149321266968326,,13.0,1.0,14.0,1.0,4.125
21900402,2019-12-17,LAKERS at PACERS,785216.0,3384.0,1289.0,93.5,207.0,0.26087,0.318182,1.0,2,0.101449275362319,0.0869565217391304,17.0,4.0,21.0,3.0,5.2
21900401,2019-12-17,KINGS at HORNETS,28710.0,267.0,53.0,92.5,212.0,0.382075,0.401163,1.0,0,0.14622641509434,0.0613207547169811,6.0,2.0,8.0,8.0,3.9000000000000000
21900403,2019-12-17,HAWKS at KNICKS,80219.0,583.0,168.0,106.5,263.0,0.319392,0.365979,1.0,1,0.14828897338403,0.0836501901140684,15.0,1.0,16.0,23.0,5.9
21900404,2019-12-17,NETS at PELICANS,89027.0,577.0,102.0,96.91,209.0,0.315789,0.389163,0.0,1,0.157894736842105,0.0956937799043062,12.0,0.0,12.0,7.0,4.450000000000000
21900405,2019-12-17,MAGIC at JAZZ,41246.0,275.0,26.0,98.5,211.0,0.312796,0.387978,1.0,2,0.0995260663507109,0.161137440758294,7.0,1.0,8.0,7.0,3.65
21900406,2019-12-17,SUNS at CLIPPERS,296038.0,1361.0,190.0,106.0,219.0,0.328767,0.350785,0.0,1,0.105022831050228,0.19634703196347,8.0,2.0,10.0,21.0,5.0
21900407,2019-12-18,HORNETS at CAVALIERS,65419.0,379.0,64.0,91.5,198.0,0.30303,0.381818,1.0,0,0.121212121212121,0.101010101010101,5.0,5.0,10.0,2.0,3.8500000000000000
21900408,2019-12-18,RAPTORS at PISTONS,263133.0,1231.0,240.0,100.0,211.0,0.270142,0.393258,1.0,2,0.170616113744076,0.118483412322275,16.0,2.0,18.0,13.0,3.975
21900410,2019-12-18,HEAT at 76ERS,272894.0,1944.0,449.0,98.0,212.0,0.339623,0.4,1.0,3,0.150943396226415,0.141509433962264,8.0,5.0,13.0,4.0,5.0
21900409,2019-12-18,BULLS at WIZARDS,102911.0,781.0,138.0,98.72,219.0,0.342466,0.427083,0.0,0,0.219178082191781,,5.0,9.0,14.0,1.0,5.025
21900411,2019-12-18,PELICANS at TIMBERWOLVES,42213.0,348.0,142.0,101.5,206.0,0.349515,0.39779,1.0,1,0.16504854368932,,3.0,1.0,4.0,8.0,3.275
21900412,2019-12-18,GRIZZLIES at THUNDER,96009.0,666.0,104.0,103.5,248.0,0.205645,0.273224,0.0,1,0.157258064516129,0.0483870967741936,12.0,1.0,13.0,4.0,3.35
21900414,2019-12-18,MAGIC at NUGGETS,45348.0,284.0,35.0,98.0,217.0,0.304147,0.327485,0.0,1,0.188940092165899,0.119815668202765,12.0,0.0,12.0,9.0,3.875
21900413,2019-12-18,CELTICS at MAVERICKS,269987.0,1376.0,232.0,98.0,212.0,0.382075,0.468208,0.0,2,0.221698113207547,0.14622641509434,5.0,2.0,7.0,6.0,5.25
21900415,2019-12-18,WARRIORS at TRAIL BLAZERS,338097.0,1363.0,224.0,102.5,234.0,0.320513,0.345,1.0,1,0.166666666666667,0.145299145299145,15.0,0.0,15.0,10.0,6.525
21900416,2019-12-19,JAZZ at HAWKS,61861.0,464.0,103.0,107.0,217.0,0.235023,0.306358,0.0,3,0.202764976958525,0.142857142857143,10.0,1.0,11.0,5.0,4.025
21900417,2019-12-19,LAKERS at BUCKS,1869392.0,10312.0,2160.0,97.5,215.0,0.390698,0.471338,0.0,4,0.190697674418605,0.116279069767442,10.0,6.0,16.0,7.0,5.55
21900418,2019-12-19,NETS at SPURS,126276.0,694.0,127.0,105.5,223.0,0.269058,0.385475,0.0,0,0.210762331838565,0.116591928251121,9.0,2.0,11.0,13.0,4.65
21900419,2019-12-19,ROCKETS at CLIPPERS,856762.0,4819.0,723.0,106.5,239.0,0.376569,0.430233,1.0,3,0.154811715481172,0.129707112970711,12.0,3.0,15.0,5.0,5.550000000000000
21900421,2019-12-20,KINGS at PACERS,31727.0,236.0,40.0,96.5,224.0,0.321429,0.355932,1.0,1,0.125,0.111607142857143,11.0,3.0,14.0,14.0,3.925
21900420,2019-12-20,GRIZZLIES at CAVALIERS,130203.0,755.0,155.0,100.0,221.0,0.420814,0.402062,0.0,0,0.0995475113122172,,13.0,4.0,17.0,7.0,3.775
21900422,2019-12-20,PISTONS at CELTICS,191767.0,1266.0,179.0,103.5,207.0,0.289855,0.339181,0.0,2,0.140096618357488,0.130434782608696,12.0,2.0,14.0,21.0,4.475
21900423,2019-12-20,WIZARDS at RAPTORS,141437.0,769.0,148.0,107.5,240.0,0.325,0.418182,0.0,1,0.241666666666667,0.170833333333333,7.0,0.0,7.0,4.0,4.375
21900426,2019-12-20,SUNS at THUNDER,61137.0,461.0,103.0,98.0,234.0,0.269231,0.321839,1.0,2,0.166666666666667,0.0427350427350427,10.0,0.0,10.0,18.0,4.05
21900424,2019-12-20,KNICKS at HEAT,119623.0,891.0,209.0,100.5,243.0,0.345679,0.421053,0.0,1,0.193415637860082,0.0823045267489712,,,,15.0,6.3
21900425,2019-12-20,MAVERICKS at 76ERS,240560.0,1582.0,535.0,101.5,215.0,0.334884,0.387283,0.0,2,0.134883720930233,0.162790697674419,11.0,4.0,15.0,19.0,4.95
21900427,2019-12-20,TIMBERWOLVES at NUGGETS,41326.0,288.0,62.0,97.5,209.0,0.287081,0.397727,0.0,1,0.138755980861244,0.0956937799043062,6.0,1.0,7.0,9.0,3.725
21900428,2019-12-20,MAGIC at TRAIL BLAZERS,84348.0,429.0,97.0,102.5,221.0,0.325792,0.336842,0.0,1,0.158371040723982,0.144796380090498,6.0,3.0,9.0,15.0,3.6000000000000000
21900429,2019-12-20,PELICANS at WARRIORS,390719.0,2345.0,400.0,104.0,208.0,0.274038,0.380682,0.0,1,0.1875,0.163461538461538,8.0,6.0,14.0,4.0,6.35
21900430,2019-12-21,JAZZ at HORNETS,47561.0,311.0,62.0,95.5,221.0,0.393665,0.39375,0.0,2,0.16289592760181,0.081447963800905,6.0,0.0,6.0,7.0,3.55
21900431,2019-12-21,HAWKS at NETS,84986.0,715.0,166.0,109.5,234.0,0.282051,0.380488,0.0,1,0.17948717948718,0.141025641025641,5.0,0.0,5.0,10.0,4.950000000000000
21900432,2019-12-21,BULLS at PISTONS,92842.0,686.0,128.0,99.5,226.0,0.451327,0.426829,0.0,0,0.141592920353982,0.119469026548673,9.0,0.0,9.0,12.0,4.625
21900433,2019-12-21,WIZARDS at 76ERS,66088.0,433.0,82.0,102.0,233.0,0.270386,0.351648,0.0,2,0.180257510729614,0.145922746781116,6.0,1.0,7.0,17.0,4.575
21900434,2019-12-21,BUCKS at KNICKS,127648.0,966.0,184.0,107.5,225.0,0.36,0.401099,0.0,2,0.168888888888889,0.106666666666667,12.0,2.0,14.0,21.0,5.8
21900435,2019-12-21,KINGS at GRIZZLIES,37581.0,285.0,45.0,103.0,234.0,0.333333,0.387978,1.0,0,0.17948717948718,0.158119658119658,10.0,0.0,10.0,4.0,3.825
21900436,2019-12-21,CLIPPERS at SPURS,253960.0,1235.0,329.0,104.5,243.0,0.271605,0.353591,1.0,1,0.119341563786008,0.160493827160494,22.0,1.0,23.0,25.0,4.550000000000000
21900437,2019-12-21,ROCKETS at SUNS,262636.0,1465.0,288.0,102.0,264.0,0.306818,0.38764,0.0,3,0.15530303030303,0.0909090909090909,10.0,9.0,19.0,14.0,5.15
21900438,2019-12-21,TIMBERWOLVES at TRAIL BLAZERS,102869.0,522.0,109.0,104.5,219.0,0.383562,0.39779,0.0,1,0.159817351598174,0.0776255707762557,6.0,4.0,10.0,7.0,3.45
21900439,2019-12-22,MAVERICKS at RAPTORS,643902.0,6546.0,1271.0,101.5,217.0,0.345622,0.434783,0.0,1,0.221198156682028,,11.0,2.0,13.0,3.0,4.75
21900440,2019-12-22,HORNETS at CELTICS,166456.0,1001.0,168.0,92.0,212.0,0.339623,0.388235,0.0,2,0.141509433962264,,8.0,2.0,10.0,26.0,4.425
21900441,2019-12-22,PACERS at BUCKS,165575.0,1041.0,199.0,101.0,206.0,0.393204,0.411765,0.0,3,0.0825242718446602,0.155339805825243,9.0,5.0,14.0,28.0,3.75
21900442,2019-12-22,CLIPPERS at THUNDER,228765.0,1205.0,290.0,101.5,230.0,0.26087,0.295082,0.0,1,0.165217391304348,0.0304347826086957,12.0,1.0,13.0,6.0,4.45
21900443,2019-12-22,NUGGETS at LAKERS,606045.0,2438.0,975.0,96.5,232.0,0.271552,0.348571,0.0,2,0.185344827586207,0.133620689655172,7.0,1.0,8.0,24.0,5.6
21900448,2019-12-23,BULLS at MAGIC,54500.0,398.0,73.0,100.0,198.0,0.348485,0.372781,1.0,0,0.136363636363636,0.0909090909090909,12.0,0.0,12.0,8.0,4.675
21900445,2019-12-23,76ERS at PISTONS,171531.0,836.0,184.0,97.5,234.0,0.282051,0.335196,0.0,2,0.094017094017094,0.11965811965812,11.0,1.0,12.0,16.0,4.175000000000000
21900447,2019-12-23,WIZARDS at KNICKS,39509.0,400.0,125.0,100.0,236.0,0.317797,0.341969,1.0,0,0.122881355932203,0.0932203389830509,,,,6.0,5.875
21900444,2019-12-23,HAWKS at CAVALIERS,75066.0,496.0,185.0,112.0,239.0,0.32636,0.371728,0.0,1,0.096234309623431,,9.0,8.0,17.0,3.0,4.325000000000000
21900446,2019-12-23,RAPTORS at PACERS,122594.0,649.0,828.0,96.0,235.0,0.370213,0.433862,0.0,2,0.127659574468085,0.153191489361702,6.0,1.0,7.0,5.0,3.95
21900449,2019-12-23,JAZZ at HEAT,214940.0,1331.0,290.0,100.5,211.0,0.298578,0.338889,0.0,3,0.180094786729858,0.0947867298578199,13.0,1.0,14.0,3.0,4.425
21900450,2019-12-23,SPURS at GRIZZLIES,84565.0,588.0,96.0,104.5,260.0,0.346154,0.32973,0.0,0,0.0769230769230769,0.146153846153846,7.0,0.0,7.0,30.0,3.45
21900451,2019-12-23,NUGGETS at SUNS,84510.0,591.0,89.0,101.0,224.0,0.375,0.393939,0.0,2,0.116071428571429,0.0848214285714286,8.0,0.0,8.0,2.0,4.4
21900453,2019-12-23,ROCKETS at KINGS,194107.0,1159.0,189.0,102.5,217.0,0.304147,0.396552,0.0,2,0.161290322580645,0.175115207373272,7.0,0.0,7.0,9.0,5.075
21900452,2019-12-23,PELICANS at TRAIL BLAZERS,213592.0,874.0,185.0,100.0,196.0,0.290816,0.347826,1.0,2,0.137755102040816,0.13265306122449,15.0,1.0,16.0,8.0,3.4750000000000000
21900454,2019-12-23,TIMBERWOLVES at WARRIORS,241817.0,1542.0,250.0,105.5,217.0,0.317972,0.367816,0.0,0,0.221198156682028,0.216589861751152,10.0,7.0,17.0,9.0,6.325
21900455,2019-12-25,CELTICS at RAPTORS,372086.0,1980.0,581.0,100.0,220.0,0.3,0.325581,0.0,3,0.136363636363636,0.122727272727273,5.0,1.0,6.0,16.0,5.0
21900456,2019-12-25,BUCKS at 76ERS,483957.0,2721.0,871.0,97.5,230.0,0.443478,0.392857,0.0,4,0.0782608695652174,0.147826086956522,6.0,1.0,7.0,12.0,4.5
21900457,2019-12-25,ROCKETS at WARRIORS,988627.0,6615.0,1101.0,104.0,220.0,0.340909,0.42246,1.0,2,0.177272727272727,0.145454545454545,6.0,4.0,10.0,12.0,7.550000000000000
21900458,2019-12-25,CLIPPERS at LAKERS,1414628.0,9251.0,3907.0,100.5,217.0,0.290323,0.38674,0.0,3,0.184331797235023,0.188940092165899,9.0,4.0,13.0,5.0,6.2
21900459,2019-12-25,PELICANS at NUGGETS,131480.0,996.0,256.0,97.5,212.0,0.424528,0.43956,1.0,2,0.122641509433962,0.14622641509434,6.0,2.0,8.0,12.0,3.75
21900460,2019-12-26,WIZARDS at PISTONS,65087.0,500.0,77.0,99.0,234.0,0.333333,0.404494,1.0,0,0.170940170940171,0.0726495726495727,6.0,2.0,8.0,30.0,3.85
21900461,2019-12-26,KNICKS at NETS,126271.0,751.0,212.0,100.0,176.0,0.375,0.464706,0.0,0,0.215909090909091,0.0511363636363636,3.0,1.0,4.0,12.0,6.55
21900462,2019-12-26,GRIZZLIES at THUNDER,61415.0,447.0,44.0,97.5,207.0,0.289855,0.340909,0.0,1,0.0917874396135266,0.140096618357488,10.0,3.0,13.0,13.0,3.35
21900463,2019-12-26,SPURS at MAVERICKS,276774.0,1395.0,205.0,99.5,200.0,0.36,0.398844,0.0,1,0.1,0.15,8.0,0.0,8.0,4.0,4.35
21900464,2019-12-26,TIMBERWOLVES at KINGS,56259.0,362.0,90.0,95.59,209.0,0.272727,0.402844,0.0,0,0.210526315789474,0.0334928229665072,5.0,0.0,5.0,1.0,3.85
21900465,2019-12-26,TRAIL BLAZERS at JAZZ,235756.0,1193.0,193.0,95.5,236.0,0.368644,0.411765,1.0,3,0.122881355932203,,6.0,2.0,8.0,6.0,3.7
21900466,2019-12-27,CAVALIERS at CELTICS,227415.0,1519.0,350.0,101.0,246.0,0.280488,0.35,0.0,2,0.150406504065041,0.166666666666667,11.0,2.0,13.0,12.0,4.925
21900468,2019-12-27,76ERS at MAGIC,129067.0,913.0,304.0,102.0,195.0,0.307692,0.337143,0.0,2,0.158974358974359,,9.0,0.0,9.0,1.0,4.225
21900469,2019-12-27,BUCKS at HAWKS,105279.0,745.0,157.0,107.5,198.0,0.348485,0.379121,1.0,2,0.0858585858585859,0.106060606060606,12.0,1.0,13.0,26.0,4.200000000000000
21900467,2019-12-27,THUNDER at HORNETS,94083.0,655.0,92.0,95.09,206.0,0.174757,0.368421,1.0,1,0.145631067961165,0.131067961165049,,,,2.0,3.425
21900470,2019-12-27,PACERS at HEAT,223866.0,1666.0,362.0,97.0,225.0,0.4,0.385475,0.0,2,0.12,,9.0,1.0,10.0,1.0,4.25
21900471,2019-12-27,SUNS at WARRIORS,388712.0,3038.0,518.0,102.0,201.0,0.238806,0.359281,0.0,1,0.194029850746269,0.119402985074627,4.0,3.0,7.0,9.0,7.0
21900472,2019-12-28,GRIZZLIES at NUGGETS,77972.0,578.0,68.0,101.0,229.0,0.235808,0.333333,0.0,1,0.170305676855895,0.074235807860262,12.0,0.0,12.0,9.0,3.7
21900474,2019-12-28,PACERS at PELICANS,49819.0,511.0,102.0,104.0,218.0,0.330275,0.393258,0.0,2,0.192660550458716,,4.0,0.0,4.0,22.0,3.3500000000000000
21900473,2019-12-28,RAPTORS at CELTICS,334695.0,2275.0,864.0,99.0,210.0,0.3,0.407407,0.0,3,0.185714285714286,0.138095238095238,6.0,2.0,8.0,16.0,5.0
21900477,2019-12-28,HAWKS at BULLS,63556.0,468.0,121.0,100.5,197.0,0.365482,0.375723,0.0,0,0.116751269035533,0.16751269035533,12.0,0.0,12.0,35.0,5.05
21900476,2019-12-28,KNICKS at WIZARDS,55909.0,405.0,103.0,105.5,207.0,0.304348,0.309392,1.0,0,0.21256038647343,0.0966183574879227,9.0,2.0,11.0,7.0,5.875
21900478,2019-12-28,NETS at ROCKETS,157531.0,889.0,229.0,102.5,206.0,0.349515,0.419689,0.0,2,0.0970873786407767,0.0970873786407767,10.0,3.0,13.0,10.0,5.65
21900479,2019-12-28,CAVALIERS at TIMBERWOLVES,42830.0,253.0,54.0,104.0,182.0,0.197802,0.335294,0.0,0,0.21978021978022,0.115384615384615,7.0,1.0,8.0,6.0,3.8
21900480,2019-12-28,MAGIC at BUCKS,54670.0,398.0,67.0,101.0,211.0,0.383886,0.421053,1.0,1,0.132701421800948,0.151658767772512,8.0,0.0,8.0,11.0,3.8250000000000000
21900481,2019-12-28,PISTONS at SPURS,105308.0,618.0,233.0,102.0,245.0,0.367347,0.387978,1.0,0,0.118367346938776,0.155102040816327,7.0,0.0,7.0,27.0,3.575
21900475,2019-12-28,76ERS at HEAT,455660.0,3672.0,889.0,94.19,233.0,0.257511,0.31694,1.0,3,0.1931330472103,,11.0,1.0,12.0,1.0,5.0
21900482,2019-12-28,MAVERICKS at WARRIORS,364121.0,1985.0,484.0,105.0,262.0,0.480916,0.486486,0.0,1,0.129770992366412,0.141221374045802,8.0,15.0,23.0,20.0,7.2
21900483,2019-12-28,SUNS at KINGS,59389.0,411.0,87.0,97.5,222.0,0.283784,0.335294,0.0,1,0.130630630630631,0.0945945945945946,10.0,1.0,11.0,2.0,4.525
21900484,2019-12-28,LAKERS at TRAIL BLAZERS,834504.0,4761.0,658.0,101.0,248.0,0.314516,0.378531,1.0,3,0.185483870967742,0.116935483870968,13.0,2.0,15.0,8.0,5.325
21900485,2019-12-28,JAZZ at CLIPPERS,554232.0,2518.0,875.0,97.0,227.0,0.38326,0.414365,0.0,3,0.167400881057269,0.145374449339207,6.0,2.0,8.0,13.0,4.575
21900486,2019-12-29,THUNDER at RAPTORS,208463.0,1300.0,424.0,95.0,195.0,0.384615,0.453416,0.0,2,0.164102564102564,,8.0,5.0,13.0,1.0,4.0
21900488,2019-12-29,ROCKETS at PELICANS,293385.0,1824.0,468.0,98.5,239.0,0.414226,0.453552,0.0,1,0.0920502092050209,0.133891213389121,10.0,1.0,11.0,15.0,4.5
21900487,2019-12-29,HORNETS at GRIZZLIES,49784.0,377.0,60.0,100.5,221.0,0.257919,0.368715,0.0,0,0.171945701357466,0.0995475113122172,7.0,3.0,10.0,13.0,3.2750000000000000
21900489,2019-12-29,KINGS at NUGGETS,102303.0,561.0,96.0,96.0,235.0,0.268085,0.379518,0.0,1,0.170212765957447,0.0425531914893617,6.0,0.0,6.0,5.0,4.325
21900490,2019-12-29,MAVERICKS at LAKERS,947421.0,5217.0,773.0,101.0,203.0,0.325123,0.39521,1.0,3,0.201970443349754,0.172413793103448,17.0,4.0,21.0,13.0,6.0
21900491,2019-12-30,HAWKS at MAGIC,51850.0,400.0,118.0,97.5,194.0,0.216495,0.317647,0.0,0,0.144329896907216,0.0876288659793814,8.0,2.0,10.0,8.0,3.925
21900492,2019-12-30,HEAT at WIZARDS,123895.0,629.0,342.0,98.0,228.0,0.355263,0.414013,0.0,1,0.214912280701754,,9.0,5.0,14.0,18.0,4.675
21900493,2019-12-30,BUCKS at BULLS,254465.0,1373.0,226.0,103.0,225.0,0.373333,0.397906,0.0,2,0.111111111111111,0.115555555555556,9.0,0.0,9.0,21.0,4.950000000000000
21900494,2019-12-30,NETS at TIMBERWOLVES,70854.0,535.0,157.0,107.32,237.0,0.405063,0.418719,0.0,0,0.172995780590717,0.0717299578059072,6.0,2.0,8.0,7.0,4.425
21900495,2019-12-30,PISTONS at JAZZ,306100.0,1276.0,203.0,95.5,185.0,0.227027,0.246914,0.0,2,0.178378378378378,0.140540540540541,7.0,0.0,7.0,23.0,3.6
21900496,2019-12-30,SUNS at TRAIL BLAZERS,155664.0,985.0,278.0,98.5,238.0,0.340336,0.303191,0.0,2,0.147058823529412,0.100840336134454,5.0,3.0,8.0,6.0,4.125
21900497,2019-12-31,CELTICS at HORNETS,203520.0,1017.0,113.0,97.0,201.0,0.38806,0.393443,0.0,2,0.0945273631840796,0.0895522388059701,7.0,1.0,8.0,17.0,4.425
21900498,2019-12-31,76ERS at PACERS,93103.0,514.0,223.0,95.5,212.0,0.240566,0.305085,1.0,2,0.174528301886792,0.0849056603773585,5.0,4.0,9.0,18.0,4.15
21900499,2019-12-31,CLIPPERS at KINGS,253622.0,1166.0,229.0,93.5,192.0,0.3125,0.380952,1.0,1,0.177083333333333,0.119791666666667,8.0,0.0,8.0,18.0,4.925000000000000
21900501,2019-12-31,NUGGETS at ROCKETS,355271.0,1863.0,337.0,99.5,234.0,0.307692,0.320652,0.0,3,0.11965811965812,0.141025641025641,5.0,0.0,5.0,26.0,4.95
21900500,2019-12-31,CAVALIERS at RAPTORS,198301.0,997.0,227.0,96.0,214.0,0.378505,0.450292,0.0,1,0.154205607476636,0.0560747663551402,,,,20.0,4.425
21900502,2019-12-31,WARRIORS at SPURS,341795.0,1683.0,309.0,91.92,230.0,0.33913,0.302083,0.0,0,0.11304347826087,0.139130434782609,6.0,2.0,8.0,4.0,6.550000000000000
21900503,2019-12-31,MAVERICKS at THUNDER,271624.0,1609.0,443.0,97.0,207.0,0.304348,0.423913,1.0,2,0.202898550724638,,10.0,5.0,15.0,5.0,4.25
21900504,2020-01-01,MAGIC at WIZARDS,54506.0,339.0,48.0,103.5,223.0,0.282511,0.346154,1.0,0,0.20627802690583,0.125560538116592,6.0,5.0,11.0,21.0,3.9
21900505,2020-01-01,TRAIL BLAZERS at KNICKS,309080.0,1968.0,458.0,99.5,210.0,0.342857,0.354167,0.0,1,0.0857142857142857,0.0571428571428571,10.0,1.0,11.0,24.0,5.575
21900506,2020-01-01,TIMBERWOLVES at BUCKS,223064.0,1247.0,304.0,104.0,210.0,0.342857,0.443243,0.0,2,0.180952380952381,0.147619047619048,7.0,3.0,10.0,2.0,3.675
21900507,2020-01-01,SUNS at LAKERS,838954.0,4881.0,560.0,101.0,224.0,0.174107,0.289773,1.0,3,0.183035714285714,0.160714285714286,13.0,0.0,13.0,10.0,5.8
21900508,2020-01-02,HORNETS at CAVALIERS,46545.0,460.0,74.0,95.0,215.0,0.390698,0.445122,0.0,0,0.144186046511628,0.102325581395349,11.0,4.0,15.0,3.0,3.8500000000000000
21900509,2020-01-02,NUGGETS at PACERS,90378.0,656.0,106.0,93.5,240.0,0.25,0.313609,0.0,2,0.175,0.120833333333333,7.0,4.0,11.0,8.0,3.8
21900510,2020-01-02,RAPTORS at HEAT,222354.0,1498.0,382.0,90.0,160.0,0.3375,0.464706,0.0,2,0.125,0.0375,9.0,0.0,9.0,8.0,4.8
21900511,2020-01-02,JAZZ at BULLS,236358.0,1009.0,201.0,94.0,200.0,0.33,0.388235,0.0,2,0.15,0.07,12.0,0.0,12.0,4.0,4.775
21900514,2020-01-02,THUNDER at SPURS,87643.0,529.0,157.0,92.0,212.0,0.311321,0.309392,0.0,1,0.113207547169811,0.141509433962264,9.0,0.0,9.0,6.0,3.6
21900513,2020-01-02,NETS at MAVERICKS,233439.0,1314.0,236.0,99.0,234.0,0.384615,0.416667,1.0,1,0.128205128205128,0.153846153846154,10.0,4.0,14.0,12.0,5.3
21900515,2020-01-02,GRIZZLIES at KINGS,100079.0,643.0,83.0,108.0,251.0,0.322709,0.371585,0.0,0,0.183266932270916,0.183266932270916,6.0,1.0,7.0,5.0,3.825
21900516,2020-01-02,PISTONS at CLIPPERS,308001.0,1233.0,149.0,103.0,238.0,0.226891,0.327957,1.0,1,0.168067226890756,0.172268907563025,15.0,2.0,17.0,14.0,4.425000000000000
21900518,2020-01-03,HEAT at MAGIC,130621.0,751.0,233.0,97.0,190.0,0.315789,0.447205,0.0,1,0.231578947368421,0.0894736842105263,8.0,0.0,8.0,20.0,4.325000000000000
21900517,2020-01-03,HAWKS at CELTICS,240552.0,1381.0,300.0,102.5,215.0,0.306977,0.376344,0.0,2,0.153488372093023,0.213953488372093,14.0,6.0,20.0,3.0,4.9
21900519,2020-01-03,TRAIL BLAZERS at WIZARDS,86916.0,426.0,77.0,94.5,225.0,0.226667,0.325843,0.0,1,0.186666666666667,0.106666666666667,,,,19.0,3.95
21900520,2020-01-03,76ERS at ROCKETS,622776.0,3198.0,775.0,101.5,226.0,0.238938,0.331461,0.0,4,0.185840707964602,0.168141592920354,18.0,4.0,22.0,10.0,5.300000000000000
21900521,2020-01-03,KNICKS at SUNS,78037.0,518.0,110.0,104.0,232.0,0.258621,0.357143,0.0,1,0.198275862068966,0.107758620689655,6.0,0.0,6.0,8.0,6.05
21900522,2020-01-03,PELICANS at LAKERS,880479.0,4798.0,736.0,103.0,236.0,0.317797,0.351064,0.0,3,0.122881355932203,0.216101694915254,21.0,1.0,22.0,10.0,5.15
21900524,2020-01-04,RAPTORS at NETS,196530.0,1206.0,358.0,99.5,223.0,0.349776,0.408537,1.0,1,0.201793721973094,0.134529147982063,11.0,1.0,12.0,19.0,5.05
21900525,2020-01-04,JAZZ at MAGIC,174116.0,855.0,139.0,91.5,205.0,0.395122,0.432584,0.0,2,0.0878048780487805,,6.0,3.0,9.0,13.0,3.65
21900527,2020-01-04,THUNDER at CAVALIERS,78361.0,545.0,157.0,98.5,227.0,0.370044,0.370166,0.0,1,0.154185022026432,0.0748898678414097,6.0,5.0,11.0,15.0,3.925
21900526,2020-01-04,PACERS at HAWKS,54635.0,487.0,82.0,98.0,227.0,0.264317,0.349112,0.0,2,0.224669603524229,0.0881057268722467,11.0,3.0,14.0,5.0,3.8500000000000000
21900529,2020-01-04,CELTICS at BULLS,204502.0,1117.0,206.0,97.5,215.0,0.293023,0.32716,0.0,1,0.186046511627907,,9.0,0.0,9.0,7.0,5.65
21900528,2020-01-04,NUGGETS at WIZARDS,50444.0,263.0,130.0,99.5,242.0,0.14876,0.252809,0.0,1,0.206611570247934,0.0950413223140496,12.0,0.0,12.0,14.0,4.225
21900532,2020-01-04,PISTONS at WARRIORS,186301.0,763.0,220.0,101.0,215.0,0.306977,0.290909,0.0,0,0.190697674418605,0.102325581395349,10.0,5.0,15.0,7.0,6.425000000000000
21900531,2020-01-04,SPURS at BUCKS,294630.0,1181.0,194.0,105.0,245.0,0.342857,0.430168,1.0,2,0.224489795918367,0.0857142857142857,0.0,4.0,4.0,9.0,3.9
21900530,2020-01-04,HORNETS at MAVERICKS,204888.0,949.0,241.0,91.92,243.0,0.320988,0.405405,0.0,1,0.160493827160494,0.131687242798354,9.0,2.0,11.0,3.0,4.175
21900533,2020-01-04,PELICANS at KINGS,114391.0,924.0,200.0,107.0,232.0,0.362069,0.383721,0.0,1,0.224137931034483,0.133620689655172,8.0,1.0,9.0,2.0,3.875
21900534,2020-01-05,KNICKS at CLIPPERS,247698.0,1049.0,286.0,106.0,267.0,0.337079,0.329341,1.0,0,0.191011235955056,0.131086142322097,8.0,1.0,9.0,3.0,6.45
21900535,2020-01-05,TRAIL BLAZERS at HEAT,233491.0,1382.0,386.0,97.0,233.0,0.399142,0.457627,0.0,2,0.120171673819742,0.111587982832618,14.0,5.0,19.0,11.0,4.375
21900536,2020-01-05,TIMBERWOLVES at CAVALIERS,53337.0,378.0,80.0,100.5,221.0,0.298643,0.351955,0.0,0,0.113122171945701,0.0633484162895928,9.0,5.0,14.0,15.0,3.8
21900537,2020-01-05,GRIZZLIES at SUNS,61950.0,531.0,68.0,103.5,235.0,0.306383,0.382022,0.0,1,0.148936170212766,0.136170212765957,10.0,4.0,14.0,7.0,3.9
21900538,2020-01-05,PISTONS at LAKERS,1159175.0,7036.0,954.0,101.5,205.0,0.24878,0.270588,0.0,2,0.224390243902439,0.170731707317073,12.0,2.0,14.0,7.0,5.225
21900539,2020-01-06,PACERS at HORNETS,37728.0,337.0,50.0,91.0,219.0,0.273973,0.329412,1.0,1,0.141552511415525,0.091324200913242,,,,11.0,3.375
21900540,2020-01-06,NETS at MAGIC,45852.0,430.0,71.0,101.5,190.0,0.284211,0.412429,1.0,0,0.2,0.121052631578947,5.0,1.0,6.0,12.0,4.575000000000000
21900541,2020-01-06,THUNDER at 76ERS,129139.0,619.0,76.0,98.5,233.0,0.321888,0.307263,0.0,3,0.15450643776824,0.141630901287554,7.0,1.0,8.0,7.0,4.2
21900542,2020-01-06,CELTICS at WIZARDS,84114.0,414.0,110.0,101.0,193.0,0.233161,0.324022,0.0,1,0.176165803108808,0.150259067357513,3.0,3.0,6.0,5.0,4.875
21900544,2020-01-06,JAZZ at PELICANS,196976.0,933.0,313.0,98.5,254.0,0.330709,0.347826,1.0,3,0.173228346456693,,8.0,0.0,8.0,2.0,3.525
21900545,2020-01-06,BULLS at MAVERICKS,156560.0,857.0,174.0,95.0,228.0,0.328947,0.395604,0.0,1,0.100877192982456,0.157894736842105,14.0,2.0,16.0,8.0,5.4
21900546,2020-01-06,BUCKS at SPURS,319863.0,1702.0,372.0,97.5,230.0,0.443478,0.437158,1.0,2,0.130434782608696,0.104347826086957,8.0,1.0,9.0,22.0,3.9
21900543,2020-01-06,NUGGETS at HAWKS,121381.0,599.0,102.0,95.0,238.0,0.340336,0.390533,0.0,2,0.197478991596639,0.0756302521008403,9.0,4.0,13.0,8.0,4.25
21900547,2020-01-06,WARRIORS at KINGS,134297.0,716.0,113.0,108.0,209.0,0.287081,0.335329,1.0,0,0.205741626794258,0.148325358851675,10.0,1.0,11.0,13.0,6.925000000000000
21900549,2020-01-07,TRAIL BLAZERS at RAPTORS,257738.0,1691.0,567.0,96.0,200.0,0.42,0.418478,0.0,2,0.13,,7.0,6.0,13.0,2.0,4.075
21900548,2020-01-07,PISTONS at CAVALIERS,129974.0,810.0,206.0,97.5,228.0,0.355263,0.363636,0.0,0,0.144736842105263,,7.0,2.0,9.0,2.0,3.9
21900550,2020-01-07,THUNDER at NETS,164878.0,778.0,143.0,101.43,214.0,0.308411,0.389474,0.0,1,0.168224299065421,0.0841121495327103,8.0,0.0,8.0,8.0,4.55
21900551,2020-01-07,TIMBERWOLVES at GRIZZLIES,76309.0,488.0,75.0,105.0,231.0,0.298701,0.418994,1.0,0,0.155844155844156,0.151515151515152,5.0,2.0,7.0,7.0,3.225
21900552,2020-01-07,KINGS at SUNS,69960.0,413.0,139.0,101.0,217.0,0.359447,0.440994,1.0,1,0.19815668202765,0.110599078341014,8.0,1.0,9.0,11.0,4.525
21900553,2020-01-07,KNICKS at LAKERS,684223.0,3734.0,565.0,103.5,204.0,0.308824,0.316384,0.0,2,0.132352941176471,0.230392156862745,11.0,4.0,15.0,30.0,7.25
21900557,2020-01-08,WIZARDS at MAGIC,33678.0,270.0,47.0,103.0,212.0,0.226415,0.292398,0.0,0,0.179245283018868,0.080188679245283,3.0,1.0,4.0,34.0,3.9
21900554,2020-01-08,SPURS at CELTICS,228689.0,1144.0,276.0,105.0,243.0,0.271605,0.380682,0.0,2,0.209876543209877,0.106995884773663,7.0,3.0,10.0,15.0,4.6
21900555,2020-01-08,RAPTORS at HORNETS,189027.0,1043.0,342.0,89.66,222.0,0.391892,0.405556,0.0,1,0.148648648648649,0.144144144144144,11.0,1.0,12.0,2.0,3.925
21900558,2020-01-08,ROCKETS at HAWKS,305938.0,1756.0,314.0,108.5,237.0,0.329114,0.449495,0.0,2,0.232067510548523,0.105485232067511,,,,7.0,5.0
21900559,2020-01-08,NUGGETS at MAVERICKS,339447.0,1715.0,378.0,96.0,213.0,0.295775,0.364198,1.0,2,0.150234741784038,,,,,1.0,4.6
21900556,2020-01-08,HEAT at PACERS,155803.0,1043.0,234.0,97.0,230.0,0.326087,0.393939,0.0,2,0.169565217391304,,10.0,4.0,14.0,14.0,4.25
21900560,2020-01-08,BULLS at PELICANS,119586.0,524.0,125.0,101.5,231.0,0.376623,0.441341,1.0,1,0.164502164502165,0.203463203463203,13.0,2.0,15.0,15.0,4.55
21900561,2020-01-08,KNICKS at JAZZ,108914.0,525.0,104.0,96.0,232.0,0.323276,0.363636,1.0,2,0.107758620689655,0.0818965517241379,11.0,1.0,12.0,24.0,5.625
21900562,2020-01-08,BUCKS at WARRIORS,299898.0,1583.0,238.0,105.0,205.0,0.35122,0.454023,0.0,2,0.219512195121951,,10.0,10.0,20.0,9.0,6.75
21900564,2020-01-09,CELTICS at 76ERS,397643.0,1846.0,386.0,95.5,207.0,0.362319,0.357955,0.0,3,0.0966183574879227,0.1256038647343,8.0,0.0,8.0,11.0,5.2
21900563,2020-01-09,CAVALIERS at PISTONS,152018.0,836.0,159.0,92.38,227.0,0.145374,0.21164,0.0,0,0.105726872246696,0.0616740088105727,9.0,1.0,10.0,3.0,3.9
21900565,2020-01-09,TRAIL BLAZERS at TIMBERWOLVES,100642.0,415.0,191.0,99.0,218.0,0.330275,0.372973,0.0,1,0.165137614678899,0.100917431192661,,,,14.0,3.45
21900566,2020-01-09,ROCKETS at THUNDER,427636.0,2448.0,599.0,100.5,205.0,0.321951,0.409091,0.0,3,0.141463414634146,0.0878048780487805,7.0,3.0,10.0,21.0,4.6
21900567,2020-01-10,HAWKS at WIZARDS,86624.0,353.0,63.0,107.5,212.0,0.240566,0.288557,0.0,1,0.136792452830189,0.127358490566038,10.0,5.0,15.0,10.0,4.275
21900569,2020-01-10,PELICANS at KNICKS,80527.0,691.0,176.0,106.5,234.0,0.294872,0.349462,0.0,1,0.0982905982905983,0.123931623931624,20.0,1.0,21.0,12.0,5.4
21900568,2020-01-10,HEAT at NETS,185282.0,867.0,240.0,98.5,230.0,0.286957,0.410112,1.0,1,0.130434782608696,0.1,16.0,0.0,16.0,4.0,5.35
21900570,2020-01-10,PACERS at BULLS,52572.0,281.0,90.0,98.0,221.0,0.393665,0.432927,1.0,0,0.0995475113122172,0.144796380090498,12.0,4.0,16.0,11.0,4.6
21900571,2020-01-10,SPURS at GRIZZLIES,121340.0,671.0,174.0,101.5,255.0,0.388235,0.417112,0.0,0,0.133333333333333,0.12156862745098,10.0,2.0,12.0,13.0,3.45
21900574,2020-01-10,HORNETS at JAZZ,156936.0,696.0,160.0,94.0,201.0,0.38806,0.441558,1.0,2,0.124378109452736,0.054726368159204,12.0,0.0,12.0,17.0,3.55
21900573,2020-01-10,MAGIC at SUNS,65913.0,493.0,100.0,95.5,192.0,0.28125,0.363095,0.0,1,0.21875,,6.0,1.0,7.0,4.0,4.075000000000000
21900572,2020-01-10,LAKERS at MAVERICKS,898571.0,5587.0,1024.0,99.5,243.0,0.259259,0.335135,0.0,2,0.205761316872428,0.160493827160494,9.0,1.0,10.0,15.0,6.0
21900575,2020-01-10,BUCKS at KINGS,97862.0,458.0,83.0,110.5,233.0,0.257511,0.387435,0.0,2,0.133047210300429,0.145922746781116,8.0,0.0,8.0,21.0,4.275
21900576,2020-01-10,WARRIORS at CLIPPERS,380679.0,1517.0,354.0,102.5,209.0,0.272727,0.433333,0.0,1,0.162679425837321,0.0861244019138756,13.0,0.0,13.0,9.0,7.4
21900577,2020-01-11,TIMBERWOLVES at ROCKETS,214094.0,1163.0,215.0,114.0,248.0,0.375,0.489474,0.0,2,0.189516129032258,0.104838709677419,10.0,6.0,16.0,30.0,4.475
21900578,2020-01-11,PELICANS at CELTICS,169855.0,1051.0,187.0,106.5,245.0,0.342857,0.37,1.0,3,0.110204081632653,0.163265306122449,13.0,2.0,15.0,35.0,4.4
21900579,2020-01-11,BULLS at PISTONS,150521.0,780.0,195.0,94.5,207.0,0.289855,0.391304,0.0,0,0.14975845410628,,10.0,1.0,11.0,9.0,4.625
21900580,2020-01-11,LAKERS at THUNDER,1096609.0,5870.0,1146.0,101.0,235.0,0.306383,0.329843,0.0,1,0.0978723404255319,0.0680851063829787,8.0,1.0,9.0,15.0,5.25
21900581,2020-01-11,76ERS at MAVERICKS,276367.0,1209.0,258.0,93.5,200.0,0.3,0.361582,0.0,2,0.13,0.16,13.0,0.0,13.0,18.0,4.95
21900582,2020-01-11,CAVALIERS at NUGGETS,125790.0,656.0,182.0,96.0,214.0,0.280374,0.413043,1.0,1,0.11214953271028,0.088785046728972,17.0,0.0,17.0,8.0,4.275
21900583,2020-01-11,BUCKS at TRAIL BLAZERS,261678.0,1328.0,183.0,108.0,223.0,0.32287,0.373737,0.0,3,0.139013452914798,0.174887892376682,4.0,3.0,7.0,21.0,3.875
21900585,2020-01-12,JAZZ at WIZARDS,222196.0,996.0,183.0,100.0,243.0,0.209877,0.284153,0.0,1,0.148148148148148,0.065843621399177,,,,11.0,4.0
21900584,2020-01-12,HEAT at KNICKS,222206.0,1372.0,366.0,95.5,245.0,0.281633,0.392857,0.0,1,0.187755102040816,0.0653061224489796,13.0,2.0,15.0,3.0,6.3
21900588,2020-01-12,WARRIORS at GRIZZLIES,211389.0,888.0,183.0,109.0,224.0,0.375,0.359375,0.0,0,0.160714285714286,0.227678571428571,,,,20.0,6.300000000000000
21900586,2020-01-12,HAWKS at NETS,332846.0,1547.0,239.0,107.0,194.0,0.340206,0.425287,1.0,0,0.134020618556701,0.185567010309278,14.0,1.0,15.0,,4.950000000000000
21900587,2020-01-12,SPURS at RAPTORS,325622.0,1758.0,566.0,100.5,209.0,0.344498,0.437158,0.0,2,0.148325358851675,,8.0,4.0,12.0,1.0,4.1
21900590,2020-01-12,HORNETS at SUNS,72629.0,695.0,121.0,96.5,192.0,0.234375,0.333333,0.0,1,0.119791666666667,0.135416666666667,13.0,1.0,14.0,8.0,3.9750000000000000
21900589,2020-01-12,CLIPPERS at NUGGETS,523920.0,2200.0,815.0,98.0,218.0,0.261468,0.360248,1.0,2,0.224770642201835,0.073394495412844,14.0,1.0,15.0,10.0,4.800000000000000
21900592,2020-01-13,76ERS at PACERS,83303.0,526.0,208.0,96.5,196.0,0.244898,0.337143,0.0,2,0.204081632653061,,,,,6.0,4.15
21900591,2020-01-13,PELICANS at PISTONS,150975.0,685.0,249.0,100.53,227.0,0.264317,0.287129,0.0,0,0.180616740088106,0.101321585903084,10.0,2.0,12.0,7.0,3.375
21900593,2020-01-13,BULLS at CELTICS,240567.0,1247.0,176.0,98.5,214.0,0.21028,0.292683,1.0,2,0.219626168224299,0.163551401869159,7.0,1.0,8.0,12.0,5.65
21900594,2020-01-13,THUNDER at TIMBERWOLVES,85823.0,908.0,136.0,100.5,221.0,0.325792,0.375723,0.0,1,0.176470588235294,0.104072398190045,8.0,2.0,10.0,13.0,3.375
21900596,2020-01-13,MAGIC at KINGS,85754.0,493.0,91.0,98.5,226.0,0.278761,0.335196,0.0,0,0.154867256637168,,8.0,2.0,10.0,2.0,4.0
21900597,2020-01-13,CAVALIERS at LAKERS,1295442.0,7677.0,848.0,99.5,227.0,0.237885,0.317919,0.0,1,0.162995594713656,,,,,29.0,5.675
21900598,2020-01-14,SUNS at HAWKS,107725.0,685.0,165.0,103.5,233.0,0.23176,0.283333,0.0,2,0.184549356223176,0.0815450643776824,,,,13.0,4.450000000000000
21900599,2020-01-14,JAZZ at NETS,502286.0,2275.0,335.0,96.5,225.0,0.28,0.340659,0.0,2,0.0977777777777778,0.0666666666666667,13.0,0.0,13.0,11.0,4.675
21900600,2020-01-14,ROCKETS at GRIZZLIES,497684.0,2809.0,456.0,98.0,231.0,0.350649,0.463277,0.0,1,0.164502164502165,0.138528138528139,10.0,0.0,10.0,11.0,4.45
21900601,2020-01-14,KNICKS at BUCKS,141439.0,712.0,107.0,110.5,230.0,0.33913,0.376289,0.0,2,0.182608695652174,0.139130434782609,8.0,4.0,12.0,26.0,5.8
21900603,2020-01-14,CAVALIERS at CLIPPERS,170849.0,1050.0,197.0,99.0,231.0,0.376623,0.405405,0.0,1,0.121212121212121,0.138528138528139,13.0,5.0,18.0,25.0,4.875
21900602,2020-01-14,MAVERICKS at WARRIORS,316945.0,1269.0,278.0,97.0,221.0,0.298643,0.377049,1.0,1,0.104072398190045,,12.0,7.0,19.0,27.0,7.2
21900604,2020-01-15,PISTONS at CELTICS,179744.0,876.0,219.0,96.0,219.0,0.287671,0.372671,0.0,1,0.100456621004566,0.0958904109589041,12.0,1.0,13.0,13.0,4.475
21900605,2020-01-15,NETS at 76ERS,169981.0,1014.0,188.0,99.5,223.0,0.309417,0.314286,0.0,1,0.152466367713004,0.130044843049327,6.0,2.0,8.0,11.0,5.25
21900606,2020-01-15,SPURS at HEAT,220397.0,1356.0,294.0,95.0,206.0,0.393204,0.412429,0.0,1,0.0922330097087379,0.0728155339805825,,,,6.0,4.4
21900609,2020-01-15,RAPTORS at THUNDER,202323.0,1183.0,337.0,103.5,251.0,0.370518,0.405882,0.0,3,0.119521912350598,0.0956175298804781,9.0,0.0,9.0,9.0,4.0
21900608,2020-01-15,PACERS at TIMBERWOLVES,64426.0,226.0,67.0,99.0,203.0,0.26601,0.294798,0.0,1,0.103448275862069,0.083743842364532,3.0,0.0,3.0,5.0,3.325
21900607,2020-01-15,WIZARDS at BULLS,65986.0,449.0,65.0,100.5,221.0,0.339367,0.396341,1.0,0,0.16289592760181,0.0633484162895928,10.0,0.0,10.0,9.0,5.025
21900610,2020-01-15,HORNETS at NUGGETS,74780.0,362.0,57.0,90.5,186.0,0.33871,0.39375,1.0,1,0.123655913978495,,11.0,0.0,11.0,14.0,3.7750000000000000
21900611,2020-01-15,TRAIL BLAZERS at ROCKETS,401297.0,2051.0,594.0,102.0,224.0,0.361607,0.445026,0.0,3,0.174107142857143,0.0758928571428571,12.0,2.0,14.0,10.0,4.675
21900612,2020-01-15,MAVERICKS at KINGS,117391.0,764.0,123.0,100.5,250.0,0.3,0.388298,0.0,1,0.124,,10.0,3.0,13.0,4.0,4.725
21900613,2020-01-15,MAGIC at LAKERS,824107.0,4190.0,1214.0,104.0,237.0,0.316456,0.335079,0.0,1,0.126582278481013,0.164556962025316,14.0,0.0,14.0,1.0,5.275
21900632,2020-01-18,RAPTORS at TIMBERWOLVES,168858.0,868.0,342.0,106.5,234.0,0.346154,0.459459,0.0,2,0.158119658119658,0.111111111111111,6.0,0.0,6.0,10.0,3.875
21900634,2020-01-18,MAGIC at WARRIORS,313337.0,1902.0,362.0,99.5,204.0,0.308824,0.394444,0.0,0,0.0931372549019608,0.0833333333333333,11.0,5.0,16.0,14.0,6.475
21900633,2020-01-18,LAKERS at ROCKETS,2679106.0,14750.0,2288.0,109.5,239.0,0.288703,0.382514,1.0,3,0.192468619246862,0.121338912133891,13.0,3.0,16.0,9.0,6.35
21900636,2020-01-18,KINGS at JAZZ,128516.0,763.0,136.0,96.0,224.0,0.321429,0.397661,1.0,2,0.133928571428571,0.107142857142857,9.0,2.0,11.0,,4.1
21900635,2020-01-18,TRAIL BLAZERS at THUNDER,152742.0,904.0,202.0,99.5,225.0,0.253333,0.310345,0.0,2,0.186666666666667,0.0488888888888889,10.0,0.0,10.0,13.0,3.575
21900637,2020-01-19,HEAT at SPURS,292899.0,1464.0,217.0,93.5,209.0,0.315789,0.391813,0.0,1,0.196172248803828,0.110047846889952,9.0,0.0,9.0,5.0,4.4
21900638,2020-01-19,PACERS at NUGGETS,162601.0,867.0,180.0,96.0,222.0,0.216216,0.298851,0.0,2,0.171171171171171,0.045045045045045,11.0,1.0,12.0,8.0,3.8
21900639,2020-01-20,PISTONS at WIZARDS,66367.0,299.0,69.0,102.0,206.0,0.276699,0.327485,0.0,0,0.131067961165049,0.0679611650485437,14.0,2.0,16.0,6.0,3.85
21900640,2020-01-20,RAPTORS at HAWKS,241617.0,1413.0,539.0,110.0,239.0,0.313808,0.428571,0.0,3,0.234309623430962,0.0878661087866109,15.0,1.0,16.0,5.0,4.4
21900641,2020-01-20,76ERS at NETS,201886.0,1011.0,233.0,105.0,228.0,0.315789,0.388571,0.0,1,0.184210526315789,0.12719298245614,11.0,1.0,12.0,6.0,5.25
21900643,2020-01-20,KNICKS at CAVALIERS,88083.0,346.0,91.0,96.0,192.0,0.3125,0.312849,0.0,0,0.135416666666667,0.130208333333333,,,,20.0,5.925
21900642,2020-01-20,MAGIC at HORNETS,25901.0,205.0,32.0,90.5,189.0,0.380952,0.363095,0.0,0,0.100529100529101,0.037037037037037,11.0,2.0,13.0,23.0,3.45
21900647,2020-01-20,BULLS at BUCKS,173205.0,868.0,120.0,107.0,209.0,0.358852,0.43787,1.0,2,0.124401913875598,,7.0,1.0,8.0,13.0,4.950000000000000
21900645,2020-01-20,THUNDER at ROCKETS,505441.0,2818.0,885.0,103.0,219.0,0.287671,0.407407,1.0,3,0.146118721461187,0.118721461187215,7.0,5.0,12.0,5.0,4.6
21900646,2020-01-20,PELICANS at GRIZZLIES,188094.0,859.0,274.0,107.0,242.0,0.371901,0.424084,0.0,1,0.148760330578512,0.214876033057851,5.0,0.0,5.0,10.0,3.25
21900644,2020-01-20,KINGS at HEAT,138009.0,1161.0,409.0,97.36,231.0,0.376623,0.492063,1.0,1,0.12987012987013,,12.0,1.0,13.0,5.0,4.775
21900648,2020-01-20,LAKERS at CELTICS,1457599.0,7629.0,1957.0,101.0,246.0,0.280488,0.32967,0.0,4,0.166666666666667,0.146341463414634,15.0,1.0,16.0,32.0,6.25
21900649,2020-01-20,NUGGETS at TIMBERWOLVES,85302.0,529.0,123.0,95.0,207.0,0.347826,0.403315,1.0,1,0.101449275362319,0.0531400966183575,10.0,1.0,11.0,7.0,3.725
21900651,2020-01-20,PACERS at JAZZ,190301.0,910.0,211.0,98.5,206.0,0.276699,0.316667,1.0,3,0.0728155339805825,0.121359223300971,10.0,1.0,11.0,30.0,3.575
21900650,2020-01-20,SPURS at SUNS,106375.0,724.0,207.0,98.0,238.0,0.315126,0.317365,0.0,1,0.180672268907563,0.0756302521008403,6.0,0.0,6.0,2.0,4.15
21900652,2020-01-20,WARRIORS at TRAIL BLAZERS,529281.0,2914.0,560.0,102.79,253.0,0.272727,0.37037,1.0,1,0.181818181818182,,15.0,5.0,20.0,5.0,6.525
21900653,2020-01-21,CLIPPERS at MAVERICKS,898936.0,4217.0,826.0,98.5,217.0,0.331797,0.430851,1.0,2,0.19815668202765,0.110599078341014,10.0,1.0,11.0,3.0,5.2
21900655,2020-01-22,THUNDER at MAGIC,83380.0,547.0,107.0,100.5,234.0,0.294872,0.321429,0.0,1,0.132478632478632,0.0854700854700855,,,,6.0,3.525
21900654,2020-01-22,KINGS at PISTONS,62658.0,503.0,121.0,106.0,233.0,0.283262,0.374269,0.0,0,0.210300429184549,0.0858369098712446,,,,21.0,3.95
21900660,2020-01-22,76ERS at RAPTORS,322887.0,2241.0,923.0,98.0,202.0,0.460396,0.464706,1.0,3,0.133663366336634,0.202970297029703,8.0,3.0,11.0,12.0,4.7
21900657,2020-01-22,GRIZZLIES at CELTICS,161069.0,907.0,127.0,101.0,214.0,0.350467,0.367816,0.0,2,0.126168224299065,0.177570093457944,,,,24.0,4.35
21900656,2020-01-22,CLIPPERS at HAWKS,138225.0,934.0,635.0,100.5,197.0,0.228426,0.311111,1.0,0,0.223350253807107,0.0862944162436548,11.0,1.0,12.0,7.0,4.85
21900659,2020-01-22,LAKERS at KNICKS,835371.0,4564.0,461.0,90.5,192.0,0.3125,0.358824,0.0,2,0.145833333333333,0.0729166666666667,12.0,2.0,14.0,8.0,7.25
21900658,2020-01-22,WIZARDS at HEAT,162891.0,1075.0,239.0,100.08,263.0,0.342205,0.407609,0.0,1,0.178707224334601,0.0760456273764259,10.0,4.0,14.0,5.0,4.675
21900662,2020-01-22,NUGGETS at ROCKETS,241151.0,1308.0,248.0,100.5,226.0,0.30531,0.314917,1.0,3,0.154867256637168,0.20353982300885,,,,16.0,4.95
21900661,2020-01-22,TIMBERWOLVES at BULLS,71145.0,504.0,76.0,101.0,227.0,0.317181,0.435294,0.0,0,0.18942731277533,0.0881057268722467,8.0,0.0,8.0,7.0,4.525
21900664,2020-01-22,PACERS at SUNS,71531.0,451.0,69.0,96.5,199.0,0.19598,0.238095,0.0,2,0.180904522613065,0.085427135678392,,,,25.0,4.0
21900663,2020-01-22,SPURS at PELICANS,1055870.0,6101.0,1101.0,103.5,238.0,0.315126,0.364162,0.0,1,0.189075630252101,0.0798319327731092,,,,4.0,3.5
21900665,2020-01-22,JAZZ at WARRIORS,294359.0,1302.0,307.0,98.0,225.0,0.306667,0.348066,0.0,2,0.142222222222222,0.12,,,,33.0,6.575
21900666,2020-01-23,WIZARDS at CAVALIERS,78190.0,313.0,55.0,99.0,236.0,0.34322,0.381215,0.0,0,0.114406779661017,0.038135593220339,9.0,3.0,12.0,12.0,4.3
21900667,2020-01-23,LAKERS at NETS,3743432.0,16959.0,1486.0,106.0,241.0,0.497925,0.454054,0.0,2,0.112033195020747,0.253112033195021,12.0,3.0,15.0,15.0,6.3
21900668,2020-01-23,MAVERICKS at TRAIL BLAZERS,433160.0,2333.0,445.0,100.0,258.0,0.5,0.467391,1.0,2,0.104651162790698,,9.0,6.0,15.0,8.0,4.325
21900669,2020-01-24,BUCKS at HORNETS,231671.0,1488.0,200.0,103.5,219.0,0.328767,0.433526,0.0,2,0.19634703196347,0.105022831050228,,,,13.0,3.7250000000000000
21900671,2020-01-24,CELTICS at MAGIC,143657.0,815.0,131.0,97.0,207.0,0.376812,0.409091,0.0,1,0.140096618357488,0.101449275362319,,,,11.0,4.525
21900670,2020-01-24,GRIZZLIES at PISTONS,162783.0,710.0,101.0,98.5,237.0,0.278481,0.317647,0.0,0,0.215189873417722,0.105485232067511,9.0,4.0,13.0,13.0,3.325
21900672,2020-01-24,RAPTORS at KNICKS,181912.0,1191.0,291.0,93.0,230.0,0.391304,0.427711,0.0,2,0.147826086956522,0.143478260869565,8.0,0.0,8.0,6.0,6.0
21900674,2020-01-24,KINGS at BULLS,55755.0,299.0,47.0,95.0,179.0,0.301676,0.43125,0.0,0,0.162011173184358,0.184357541899441,7.0,2.0,9.0,17.0,5.125
21900677,2020-01-24,HAWKS at THUNDER,90214.0,605.0,170.0,101.5,251.0,0.298805,0.342697,0.0,2,0.167330677290837,0.0637450199203187,14.0,0.0,14.0,29.0,3.9
21900676,2020-01-24,NUGGETS at PELICANS,609382.0,2677.0,515.0,99.5,219.0,0.342466,0.361702,1.0,2,0.17351598173516,0.159817351598174,3.0,0.0,3.0,7.0,3.75
21900675,2020-01-24,ROCKETS at TIMBERWOLVES,215078.0,1187.0,304.0,109.0,255.0,0.258824,0.338624,0.0,2,0.168627450980392,,13.0,0.0,13.0,7.0,4.475
21900673,2020-01-24,CLIPPERS at HEAT,631418.0,3279.0,816.0,100.5,239.0,0.364017,0.42246,0.0,2,0.184100418410042,,12.0,3.0,15.0,5.0,5.25
21900678,2020-01-24,SUNS at SPURS,98828.0,663.0,125.0,95.5,202.0,0.193069,0.333333,1.0,1,0.222772277227723,0.113861386138614,10.0,0.0,10.0,4.0,4.15
21900679,2020-01-24,PACERS at WARRIORS,198220.0,1018.0,230.0,101.5,247.0,0.437247,0.39645,0.0,1,0.125506072874494,0.1417004048583,6.0,13.0,19.0,11.0,6.4
21900680,2020-01-25,MAVERICKS at JAZZ,478734.0,2593.0,609.0,98.5,219.0,0.424658,0.446809,1.0,3,0.10958904109589,,15.0,1.0,16.0,5.0,4.375
21900681,2020-01-25,NETS at PISTONS,272240.0,1464.0,229.0,94.64,232.0,0.362069,0.388889,0.0,0,0.146551724137931,0.116379310344828,9.0,1.0,10.0,10.0,4.525
21900682,2020-01-25,BULLS at CAVALIERS,105712.0,533.0,70.0,99.0,224.0,0.334821,0.372781,0.0,0,0.120535714285714,0.107142857142857,,,,12.0,5.075000000000000
21900683,2020-01-25,THUNDER at TIMBERWOLVES,100355.0,622.0,158.0,101.0,217.0,0.317972,0.394118,1.0,1,0.165898617511521,0.0276497695852535,5.0,1.0,6.0,9.0,3.375
21900684,2020-01-25,LAKERS at 76ERS,1245747.0,6672.0,2326.0,101.5,199.0,0.286432,0.441558,1.0,3,0.14070351758794,0.165829145728643,10.0,1.0,11.0,17.0,5.95
21900685,2020-01-26,ROCKETS at NUGGETS,346987.0,2276.0,278.0,102.0,227.0,0.290749,0.337017,0.0,2,0.162995594713656,0.0748898678414097,5.0,0.0,5.0,7.0,4.95
21900686,2020-01-26,RAPTORS at SPURS,275199.0,1814.0,315.0,100.0,216.0,0.444444,0.480663,1.0,2,0.157407407407407,0.134259259259259,,,,4.0,4.1
21900689,2020-01-26,CLIPPERS at MAGIC,308627.0,3126.0,340.0,95.0,209.0,0.287081,0.356322,0.0,1,0.22488038277512,0.0717703349282297,10.0,1.0,11.0,15.0,4.475
21900691,2020-01-26,CELTICS at PELICANS,766236.0,5875.0,525.0,105.5,231.0,0.311688,0.381215,0.0,2,0.16017316017316,0.134199134199134,15.0,0.0,15.0,15.0,4.4
21900687,2020-01-26,WIZARDS at HAWKS,184273.0,1946.0,131.0,111.0,285.0,0.273684,0.375691,0.0,1,0.235087719298246,0.0912280701754386,14.0,7.0,21.0,19.0,4.275
21900690,2020-01-26,SUNS at GRIZZLIES,251849.0,2371.0,191.0,112.0,223.0,0.255605,0.272727,0.0,1,0.20627802690583,0.165919282511211,,,,5.0,3.9
21900688,2020-01-26,NETS at KNICKS,179440.0,1698.0,212.0,97.0,207.0,0.275362,0.33526,0.0,0,0.106280193236715,0.0772946859903382,12.0,1.0,13.0,13.0,6.55
21900692,2020-01-26,PACERS at TRAIL BLAZERS,264462.0,1911.0,159.0,100.5,268.0,0.369403,0.344262,1.0,2,0.152985074626866,0.0671641791044776,9.0,9.0,18.0,10.0,3.525
21900693,2020-01-27,CAVALIERS at PISTONS,244344.0,2221.0,172.0,99.5,215.0,0.293023,0.327778,0.0,0,0.102325581395349,0.0697674418604651,14.0,4.0,18.0,15.0,3.9
21900694,2020-01-27,MAGIC at HEAT,178380.0,1845.0,182.0,91.5,205.0,0.365854,0.386905,1.0,1,0.146341463414634,0.117073170731707,10.0,1.0,11.0,21.0,4.325000000000000
21900697,2020-01-27,MAVERICKS at THUNDER,339490.0,2538.0,165.0,99.0,204.0,0.455882,0.437838,0.0,1,0.112745098039216,0.0882352941176471,5.0,3.0,8.0,10.0,4.25
21900695,2020-01-27,SPURS at BULLS,227695.0,1639.0,170.0,97.0,219.0,0.328767,0.354286,0.0,0,0.159817351598174,0.0593607305936073,5.0,1.0,6.0,1.0,4.75
21900698,2020-01-27,ROCKETS at JAZZ,418547.0,2880.0,347.0,109.0,243.0,0.333333,0.493976,0.0,2,0.222222222222222,0.123456790123457,6.0,2.0,8.0,9.0,4.725
21900699,2020-01-28,KNICKS at HORNETS,51916.0,700.0,78.0,95.0,189.0,0.269841,0.367816,0.0,0,0.148148148148148,0.100529100529101,7.0,0.0,7.0,5.0,5.425
21900700,2020-01-28,PELICANS at CAVALIERS,294736.0,2261.0,265.0,102.0,236.0,0.305085,0.367568,0.0,1,0.14406779661017,0.0932203389830509,8.0,3.0,11.0,14.0,3.8250000000000000
21900703,2020-01-28,HAWKS at RAPTORS,234337.0,2104.0,303.0,110.0,244.0,0.307377,0.47619,0.0,3,0.168032786885246,0.184426229508197,12.0,3.0,15.0,16.0,4.4
21900704,2020-01-28,NUGGETS at GRIZZLIES,95038.0,510.0,65.0,98.0,200.0,0.345,0.375,0.0,1,0.105,,,,,8.0,3.7
21900701,2020-01-28,CELTICS at HEAT,325092.0,1660.0,542.0,98.0,210.0,0.314286,0.424419,0.0,2,0.20952380952381,0.138095238095238,5.0,1.0,6.0,8.0,5.3
21900702,2020-01-28,WARRIORS at 76ERS,394783.0,2551.0,233.0,105.5,219.0,0.356164,0.426036,0.0,2,0.159817351598174,0.159817351598174,16.0,2.0,18.0,11.0,7.15
21900705,2020-01-28,WIZARDS at BUCKS,177246.0,1455.0,230.0,107.0,282.0,0.351064,0.375,0.0,1,0.216312056737589,0.152482269503546,6.0,4.0,10.0,20.0,4.175
21900706,2020-01-28,SUNS at MAVERICKS,325586.0,2120.0,345.0,100.0,237.0,0.240506,0.360947,0.0,2,0.177215189873418,,12.0,1.0,13.0,29.0,4.8
21900708,2020-01-29,BULLS at PACERS,216773.0,2091.0,203.0,95.09,221.0,0.176471,0.344828,0.0,1,0.117647058823529,0.14027149321267,14.0,2.0,16.0,9.0,4.6
21900709,2020-01-29,PISTONS at NETS,573837.0,3967.0,190.0,100.0,240.0,0.3125,0.386905,1.0,0,0.1875,0.141666666666667,11.0,5.0,16.0,10.0,4.525
21900710,2020-01-29,GRIZZLIES at KNICKS,150393.0,860.0,114.0,104.5,233.0,0.283262,0.316384,1.0,0,0.201716738197425,,9.0,0.0,9.0,21.0,5.35
21900711,2020-01-29,JAZZ at SPURS,162138.0,923.0,197.0,101.5,247.0,0.267206,0.415663,0.0,2,0.238866396761134,,4.0,0.0,4.0,7.0,3.725
21900712,2020-01-29,ROCKETS at TRAIL BLAZERS,433092.0,2485.0,611.0,106.0,237.0,0.379747,0.453552,0.0,3,0.147679324894515,0.130801687763713,,,,13.0,4.675
21900714,2020-01-30,RAPTORS at CAVALIERS,189638.0,1363.0,493.0,102.5,224.0,0.334821,0.390805,0.0,2,0.147321428571429,0.09375,11.0,2.0,13.0,6.0,4.425
21900715,2020-01-30,HORNETS at WIZARDS,48283.0,534.0,59.0,98.0,228.0,0.302632,0.362162,0.0,0,0.162280701754386,0.118421052631579,,,,14.0,3.8
21900716,2020-01-30,76ERS at HAWKS,152608.0,844.0,316.0,108.0,244.0,0.245902,0.390533,0.0,3,0.262295081967213,,18.0,1.0,19.0,10.0,4.6
21900718,2020-01-30,JAZZ at NUGGETS,294750.0,1514.0,307.0,94.5,206.0,0.378641,0.392638,0.0,3,0.135922330097087,0.106796116504854,,,,6.0,3.975
21900719,2020-01-30,KINGS at CLIPPERS,263129.0,1567.0,429.0,99.0,227.0,0.449339,0.4,0.0,0,0.154185022026432,0.136563876651982,5.0,0.0,5.0,21.0,4.925000000000000
21900720,2020-01-31,RAPTORS at PISTONS,211578.0,1545.0,678.0,96.0,197.0,0.304569,0.384146,0.0,2,0.16751269035533,0.101522842639594,9.0,2.0,11.0,13.0,3.975
21900721,2020-01-31,BULLS at NETS,193765.0,1787.0,187.0,103.0,251.0,0.322709,0.391566,0.0,0,0.159362549800797,0.155378486055777,13.0,1.0,14.0,15.0,5.700000000000000
21900722,2020-01-31,MAVERICKS at ROCKETS,395584.0,3009.0,308.0,100.5,249.0,0.421687,0.430851,1.0,2,0.152610441767068,0.104417670682731,7.0,10.0,17.0,7.0,5.35
21900723,2020-01-31,GRIZZLIES at PELICANS,581472.0,3434.0,527.0,106.5,250.0,0.252,0.340314,0.0,1,0.148,0.112,11.0,0.0,11.0,28.0,3.25
21900724,2020-01-31,NUGGETS at BUCKS,275369.0,1655.0,429.0,108.5,242.0,0.421488,0.441026,0.0,3,0.107438016528926,0.136363636363636,7.0,1.0,8.0,12.0,4.15
21900725,2020-01-31,THUNDER at SUNS,108559.0,907.0,230.0,98.5,218.0,0.220183,0.317919,0.0,2,0.211009174311927,,8.0,2.0,10.0,4.0,4.05
21900726,2020-01-31,TRAIL BLAZERS at LAKERS,1830518.0,16827.0,2034.0,108.0,246.0,0.292683,0.352332,0.0,3,0.138211382113821,0.268292682926829,18.0,6.0,24.0,8.0,5.325
21900727,2020-02-01,TIMBERWOLVES at CLIPPERS,289522.0,1579.0,233.0,107.0,224.0,0.254464,0.401099,1.0,1,0.209821428571429,0.174107142857143,,,,12.0,4.325
21900729,2020-02-01,HEAT at MAGIC,155128.0,1097.0,240.0,91.0,191.0,0.376963,0.4125,0.0,1,0.183246073298429,0.0418848167539267,,,,13.0,4.325000000000000
21900728,2020-02-01,KNICKS at PACERS,69267.0,467.0,158.0,92.0,177.0,0.254237,0.316456,0.0,1,0.169491525423729,0.0734463276836158,4.0,3.0,7.0,7.0,5.45
21900730,2020-02-01,WARRIORS at CAVALIERS,303987.0,2454.0,357.0,101.0,243.0,0.419753,0.427027,0.0,0,0.127572016460905,0.1440329218107,8.0,6.0,14.0,19.0,6.875
21900731,2020-02-01,NETS at WIZARDS,110458.0,533.0,105.0,101.5,220.0,0.340909,0.407216,0.0,0,0.131818181818182,0.0863636363636364,13.0,4.0,17.0,6.0,4.925
21900732,2020-02-01,76ERS at CELTICS,299268.0,1700.0,600.0,98.0,211.0,0.21327,0.384146,1.0,3,0.274881516587678,0.156398104265403,10.0,1.0,11.0,21.0,5.2
21900733,2020-02-01,HAWKS at MAVERICKS,86100.0,560.0,206.0,100.5,223.0,0.403587,0.389189,0.0,1,0.139013452914798,0.165919282511211,13.0,2.0,15.0,23.0,4.65
21900734,2020-02-01,HORNETS at SPURS,88304.0,537.0,63.0,97.0,204.0,0.294118,0.376471,0.0,0,0.117647058823529,0.0931372549019608,12.0,2.0,14.0,24.0,3.5250000000000000
21900736,2020-02-01,LAKERS at KINGS,1413490.0,7569.0,650.0,101.0,242.0,0.409091,0.491525,0.0,2,0.177685950413223,0.210743801652893,13.0,0.0,13.0,16.0,5.725
21900735,2020-02-01,JAZZ at TRAIL BLAZERS,368113.0,2064.0,389.0,96.5,231.0,0.428571,0.376344,0.0,3,0.103896103896104,0.125541125541126,4.0,2.0,6.0,17.0,3.7
21900737,2020-02-02,NUGGETS at PISTONS,138246.0,743.0,155.0,92.38,251.0,0.286853,0.331579,0.0,1,0.139442231075697,,8.0,2.0,10.0,5.0,3.825
21900739,2020-02-02,SUNS at BUCKS,256085.0,1332.0,204.0,107.0,237.0,0.265823,0.303483,0.0,3,0.160337552742616,,7.0,3.0,10.0,21.0,4.35
21900738,2020-02-02,PELICANS at ROCKETS,634874.0,3181.0,431.0,107.5,226.0,0.345133,0.422111,0.0,3,0.150442477876106,0.115044247787611,5.0,4.0,9.0,8.0,4.5
21900740,2020-02-02,BULLS at RAPTORS,287089.0,1922.0,580.0,97.0,231.0,0.402597,0.471264,0.0,2,0.155844155844156,0.142857142857143,,,,27.0,5.15
21900741,2020-02-03,MAGIC at HORNETS,52573.0,288.0,44.0,91.5,212.0,0.353774,0.384615,0.0,0,0.089622641509434,0.117924528301887,,,,12.0,3.45
21900743,2020-02-03,MAVERICKS at PACERS,192643.0,1073.0,213.0,95.0,215.0,0.348837,0.434066,0.0,1,0.13953488372093,0.0883720930232558,4.0,8.0,12.0,9.0,4.2
21900744,2020-02-03,WARRIORS at WIZARDS,254618.0,1425.0,171.0,104.0,242.0,0.297521,0.305882,0.0,0,0.198347107438017,0.0826446280991736,6.0,6.0,12.0,8.0,6.825
21900742,2020-02-03,KNICKS at CAVALIERS,97558.0,505.0,117.0,98.72,273.0,0.307692,0.314433,1.0,0,0.0989010989010989,,14.0,3.0,17.0,5.0,5.925
21900746,2020-02-03,SUNS at NETS,84939.0,458.0,97.0,100.0,216.0,0.291667,0.284916,0.0,1,0.143518518518519,0.138888888888889,9.0,1.0,10.0,22.0,5.1
21900747,2020-02-03,76ERS at HEAT,340614.0,2168.0,573.0,92.0,243.0,0.358025,0.416667,1.0,3,0.189300411522634,0.0905349794238683,13.0,0.0,13.0,31.0,5.0
21900745,2020-02-03,CELTICS at HAWKS,244909.0,1370.0,220.0,101.0,238.0,0.302521,0.33908,0.0,2,0.142857142857143,0.126050420168067,9.0,5.0,14.0,8.0,4.9
21900748,2020-02-03,PISTONS at GRIZZLIES,82716.0,469.0,78.0,95.0,178.0,0.168539,0.228723,1.0,0,0.0898876404494382,0.140449438202247,12.0,2.0,14.0,14.0,3.325
21900749,2020-02-03,TIMBERWOLVES at KINGS,59994.0,335.0,77.0,96.5,222.0,0.364865,0.40625,0.0,0,0.202702702702703,0.0855855855855856,9.0,0.0,9.0,4.0,3.85
21900750,2020-02-03,SPURS at CLIPPERS,542897.0,2740.0,478.0,102.5,213.0,0.323944,0.357542,1.0,1,0.150234741784038,0.140845070422535,9.0,3.0,12.0,3.0,4.550000000000000
21900751,2020-02-04,BUCKS at PELICANS,805376.0,3731.0,555.0,114.5,228.0,0.328947,0.422886,0.0,3,0.135964912280702,0.206140350877193,12.0,2.0,14.0,12.0,3.7000000000000000
21900752,2020-02-04,HORNETS at ROCKETS,243622.0,1173.0,194.0,100.5,235.0,0.421277,0.516667,0.0,1,0.161702127659574,0.0851063829787234,4.0,6.0,10.0,15.0,4.525
21900753,2020-02-04,TRAIL BLAZERS at NUGGETS,175161.0,841.0,195.0,98.5,226.0,0.345133,0.359116,1.0,2,0.15929203539823,0.0663716814159292,11.0,0.0,11.0,28.0,3.925
21900754,2020-02-04,SPURS at LAKERS,1851980.0,11777.0,1038.0,97.0,231.0,0.324675,0.3125,0.0,2,0.112554112554113,0.12987012987013,11.0,0.0,11.0,27.0,5.35
21900755,2020-02-05,SUNS at PISTONS,72128.0,404.0,84.0,92.5,224.0,0.321429,0.313953,0.0,1,0.107142857142857,0.09375,12.0,2.0,14.0,8.0,4.025
21900757,2020-02-05,WARRIORS at NETS,285200.0,1279.0,199.0,100.5,217.0,0.262673,0.372449,1.0,0,0.119815668202765,0.110599078341014,6.0,0.0,6.0,41.0,7.5
21900758,2020-02-05,PACERS at RAPTORS,453782.0,4964.0,1368.0,99.0,237.0,0.392405,0.422619,1.0,3,0.143459915611814,,5.0,4.0,9.0,1.0,3.95
21900756,2020-02-05,MAGIC at CELTICS,203703.0,1099.0,163.0,96.0,216.0,0.361111,0.335404,0.0,1,0.157407407407407,0.111111111111111,5.0,0.0,5.0,16.0,4.525
21900760,2020-02-05,CAVALIERS at THUNDER,91284.0,536.0,118.0,100.0,212.0,0.339623,0.376471,1.0,1,0.141509433962264,0.113207547169811,11.0,1.0,12.0,6.0,3.925
21900759,2020-02-05,HAWKS at TIMBERWOLVES,112293.0,558.0,123.0,109.5,247.0,0.267206,0.387283,0.0,1,0.198380566801619,0.0850202429149798,14.0,2.0,16.0,7.0,3.775
21900761,2020-02-05,GRIZZLIES at MAVERICKS,285649.0,1259.0,161.0,100.0,228.0,0.381579,0.371585,0.0,0,0.162280701754386,0.140350877192982,10.0,2.0,12.0,14.0,4.1
21900762,2020-02-05,NUGGETS at JAZZ,191804.0,1112.0,316.0,97.0,193.0,0.326425,0.392045,0.0,3,0.113989637305699,,11.0,0.0,11.0,3.0,3.975
21900763,2020-02-05,HEAT at CLIPPERS,544096.0,2646.0,469.0,101.0,239.0,0.502092,0.527473,0.0,2,0.121338912133891,0.0878661087866109,12.0,3.0,15.0,17.0,5.25
21900764,2020-02-06,MAGIC at KNICKS,102551.0,749.0,216.0,99.5,208.0,0.216346,0.305389,0.0,0,0.1875,0.0817307692307692,13.0,0.0,13.0,2.0,5.525
21900765,2020-02-06,PELICANS at BULLS,578181.0,2325.0,361.0,106.5,244.0,0.356557,0.372222,0.0,1,0.102459016393443,0.14344262295082,10.0,1.0,11.0,6.0,4.55
21900766,2020-02-06,76ERS at BUCKS,423785.0,2245.0,388.0,105.0,213.0,0.43662,0.42487,0.0,4,0.0938967136150235,0.140845070422535,6.0,5.0,11.0,11.0,4.5
21900767,2020-02-06,SPURS at TRAIL BLAZERS,155535.0,951.0,121.0,98.5,242.0,0.347107,0.353261,0.0,1,0.140495867768595,0.107438016528926,4.0,4.0,8.0,8.0,3.675
21900768,2020-02-06,ROCKETS at LAKERS,2416159.0,13886.0,2933.0,102.5,232.0,0.362069,0.414773,0.0,4,0.120689655172414,,9.0,3.0,12.0,10.0,6.35
21900769,2020-02-07,GRIZZLIES at 76ERS,273678.0,1449.0,201.0,106.5,226.0,0.252212,0.251366,1.0,2,0.154867256637168,0.185840707964602,14.0,1.0,15.0,12.0,4.050000000000000
21900770,2020-02-07,MAVERICKS at WIZARDS,121246.0,1040.0,163.0,98.5,237.0,0.443038,0.430939,0.0,0,0.118143459915612,,10.0,6.0,16.0,1.0,4.625
21900771,2020-02-07,HAWKS at CELTICS,204385.0,1157.0,214.0,99.0,219.0,0.39726,0.44186,0.0,2,0.210045662100457,0.0958904109589041,6.0,4.0,10.0,5.0,4.9
21900772,2020-02-07,RAPTORS at PACERS,287187.0,2178.0,671.0,101.0,221.0,0.366516,0.413793,0.0,3,0.144796380090498,,,,,9.0,3.95
21900773,2020-02-07,PISTONS at THUNDER,87274.0,567.0,118.0,89.5,209.0,0.229665,0.369697,0.0,1,0.186602870813397,0.0095693779904306,10.0,2.0,12.0,7.0,3.475
21900774,2020-02-07,ROCKETS at SUNS,390519.0,2074.0,694.0,100.5,218.0,0.357798,0.487654,1.0,2,0.220183486238532,0.142201834862385,8.0,1.0,9.0,36.0,5.15
21900775,2020-02-07,HEAT at KINGS,156989.0,775.0,307.0,95.0,202.0,0.460396,0.528302,1.0,1,0.113861386138614,0.099009900990099,15.0,0.0,15.0,8.0,4.775
21900776,2020-02-07,TRAIL BLAZERS at JAZZ,336245.0,1986.0,692.0,100.5,231.0,0.350649,0.37234,1.0,3,0.112554112554113,0.121212121212121,6.0,6.0,12.0,3.0,3.7
21900777,2020-02-08,BUCKS at MAGIC,220127.0,1137.0,168.0,104.0,206.0,0.364078,0.413613,0.0,2,0.111650485436893,0.0485436893203884,6.0,0.0,6.0,16.0,3.8250000000000000
21900778,2020-02-08,MAVERICKS at HORNETS,147878.0,823.0,135.0,90.5,216.0,0.388889,0.408046,0.0,0,0.111111111111111,0.115740740740741,12.0,3.0,15.0,16.0,4.175
21900779,2020-02-08,KNICKS at PISTONS,111326.0,703.0,168.0,89.0,187.0,0.336898,0.331169,0.0,0,0.117647058823529,0.0588235294117647,,,,3.0,5.475
21900780,2020-02-08,PELICANS at PACERS,183268.0,1001.0,243.0,104.5,241.0,0.298755,0.359551,0.0,1,0.170124481327801,0.128630705394191,4.0,12.0,16.0,7.0,3.3500000000000000
21900781,2020-02-08,NETS at RAPTORS,368052.0,2797.0,861.0,97.0,237.0,0.379747,0.42246,0.0,1,0.147679324894515,0.139240506329114,7.0,0.0,7.0,1.0,5.05
21900782,2020-02-08,CLIPPERS at TIMBERWOLVES,592811.0,3868.0,1568.0,106.5,257.0,0.40856,0.38674,0.0,1,0.140077821011673,0.0389105058365759,13.0,1.0,14.0,27.0,4.325
21900783,2020-02-08,LAKERS at WARRIORS,2166332.0,15816.0,1372.0,106.0,245.0,0.330612,0.356725,0.0,2,0.163265306122449,,16.0,8.0,24.0,5.0,8.2
21900784,2020-02-08,NUGGETS at SUNS,151657.0,710.0,155.0,97.5,225.0,0.266667,0.35503,0.0,2,0.173333333333333,0.12,12.0,0.0,12.0,9.0,4.4
21900785,2020-02-08,SPURS at KINGS,73102.0,449.0,110.0,94.5,224.0,0.348214,0.353293,1.0,0,0.116071428571429,0.0982142857142857,7.0,3.0,10.0,20.0,4.075
21900786,2020-02-09,CELTICS at THUNDER,362907.0,2099.0,412.0,94.0,223.0,0.363229,0.370588,1.0,3,0.188340807174888,0.0762331838565022,5.0,5.0,10.0,1.0,4.5
21900789,2020-02-09,GRIZZLIES at WIZARDS,153566.0,1152.0,158.0,110.5,205.0,0.17561,0.321782,0.0,0,0.180487804878049,0.151219512195122,8.0,6.0,14.0,7.0,3.725
21900788,2020-02-09,BULLS at 76ERS,169580.0,958.0,178.0,100.0,229.0,0.30131,0.343023,0.0,2,0.157205240174673,0.148471615720524,13.0,5.0,18.0,7.0,5.35
21900787,2020-02-09,KNICKS at HAWKS,245737.0,1456.0,292.0,100.55,275.0,0.294545,0.33945,1.0,1,0.167272727272727,0.0981818181818182,12.0,1.0,13.0,5.0,5.9
21900790,2020-02-09,JAZZ at ROCKETS,856748.0,6684.0,1221.0,97.0,227.0,0.396476,0.441989,0.0,4,0.110132158590308,,5.0,2.0,7.0,1.0,4.725
21900791,2020-02-09,CLIPPERS at CAVALIERS,317642.0,1525.0,325.0,103.0,225.0,0.253333,0.367021,0.0,0,0.133333333333333,0.128888888888889,11.0,1.0,12.0,41.0,4.875
21900792,2020-02-09,HEAT at TRAIL BLAZERS,454326.0,2441.0,467.0,101.0,224.0,0.522321,0.497268,1.0,2,0.120535714285714,0.169642857142857,9.0,7.0,16.0,6.0,4.375
21900793,2020-02-10,HORNETS at PISTONS,64348.0,391.0,76.0,88.5,163.0,0.294479,0.417647,1.0,0,0.141104294478528,0.0613496932515337,,,,11.0,3.4000000000000000
21900795,2020-02-10,HAWKS at MAGIC,103167.0,694.0,167.0,99.0,261.0,0.390805,0.409836,0.0,1,0.126436781609195,0.111111111111111,15.0,2.0,17.0,9.0,3.925
21900794,2020-02-10,NETS at PACERS,117492.0,893.0,188.0,94.5,211.0,0.270142,0.374302,1.0,1,0.151658767772512,,11.0,10.0,21.0,1.0,4.5
21900796,2020-02-10,TIMBERWOLVES at RAPTORS,401986.0,3059.0,841.0,110.5,263.0,0.39924,0.417143,0.0,2,0.182509505703422,0.171102661596958,,,,11.0,3.875
21900797,2020-02-10,KINGS at BUCKS,166007.0,853.0,166.0,108.5,234.0,0.410256,0.431472,1.0,1,0.136752136752137,0.153846153846154,3.0,7.0,10.0,12.0,4.275
21900798,2020-02-10,JAZZ at MAVERICKS,321574.0,1397.0,246.0,98.0,242.0,0.371901,0.484472,1.0,2,0.173553719008264,0.111570247933884,12.0,4.0,16.0,4.0,4.375
21900799,2020-02-10,SPURS at NUGGETS,117927.0,803.0,169.0,93.5,247.0,0.412955,0.406061,0.0,1,0.165991902834008,0.0607287449392713,3.0,1.0,4.0,7.0,3.95
21900801,2020-02-10,SUNS at LAKERS,1299070.0,6630.0,502.0,99.5,225.0,0.333333,0.407186,0.0,3,0.186666666666667,0.164444444444444,15.0,5.0,20.0,25.0,5.8
21900800,2020-02-10,HEAT at WARRIORS,780122.0,4610.0,456.0,100.5,214.0,0.32243,0.408537,0.0,1,0.210280373831776,0.135514018691589,11.0,8.0,19.0,12.0,7.25
21900803,2020-02-11,BULLS at WIZARDS,130732.0,681.0,100.0,107.0,240.0,0.3375,0.392265,0.0,0,0.120833333333333,0.120833333333333,16.0,6.0,22.0,12.0,5.025
21900802,2020-02-11,CLIPPERS at 76ERS,832289.0,4915.0,1365.0,98.0,213.0,0.309859,0.313514,0.0,3,0.107981220657277,0.0845070422535211,5.0,3.0,8.0,7.0,5.15
21900804,2020-02-11,TRAIL BLAZERS at PELICANS,647813.0,3836.0,506.0,107.0,255.0,0.247059,0.340541,0.0,1,0.188235294117647,0.188235294117647,15.0,0.0,15.0,21.0,3.4750000000000000
21900805,2020-02-11,SPURS at THUNDER,157554.0,853.0,126.0,100.0,220.0,0.245455,0.331361,0.0,1,0.190909090909091,,7.0,2.0,9.0,8.0,3.6
21900806,2020-02-11,CELTICS at ROCKETS,773522.0,4178.0,524.0,105.0,221.0,0.325792,0.475309,1.0,4,0.257918552036199,0.18552036199095,5.0,1.0,6.0,11.0,5.6
21900807,2020-02-12,HAWKS at CAVALIERS,120109.0,917.0,155.0,104.0,232.0,0.297414,0.348315,0.0,1,0.176724137931034,0.0948275862068966,23.0,7.0,30.0,,4.325000000000000
21900808,2020-02-12,PISTONS at MAGIC,98763.0,533.0,87.0,99.62,228.0,0.394737,0.430851,0.0,0,0.131578947368421,0.087719298245614,12.0,0.0,12.0,4.0,3.5
21900809,2020-02-12,RAPTORS at NETS,213344.0,1106.0,789.0,98.0,192.0,0.34375,0.438202,0.0,2,0.15625,0.171875,8.0,1.0,9.0,10.0,5.05
21900810,2020-02-12,BUCKS at PACERS,206423.0,1228.0,263.0,105.5,229.0,0.28821,0.361582,0.0,2,0.187772925764192,0.174672489082969,5.0,9.0,14.0,7.0,3.75
21900811,2020-02-12,WIZARDS at KNICKS,61808.0,276.0,63.0,107.0,210.0,0.185714,0.296512,1.0,0,0.214285714285714,0.10952380952381,11.0,3.0,14.0,18.0,5.875
21900812,2020-02-12,TRAIL BLAZERS at GRIZZLIES,253201.0,1447.0,263.0,103.0,215.0,0.265116,0.3125,0.0,1,0.158139534883721,0.172093023255814,11.0,1.0,12.0,7.0,3.425
21900813,2020-02-12,HORNETS at TIMBERWOLVES,162175.0,906.0,129.0,101.5,223.0,0.376682,0.430052,0.0,0,0.139013452914798,0.116591928251121,10.0,1.0,11.0,7.0,3.3
21900814,2020-02-12,KINGS at MAVERICKS,335062.0,1598.0,214.0,100.0,241.0,0.360996,0.429348,1.0,1,0.141078838174274,0.149377593360996,,,,19.0,4.725
21900815,2020-02-12,WARRIORS at SUNS,5016.0,50.0,6.0,101.5,218.0,0.344037,0.404762,0.0,1,0.142201834862385,0.105504587155963,12.0,1.0,13.0,6.0,7.0
21900816,2020-02-12,HEAT at JAZZ,329374.0,1844.0,383.0,99.5,217.0,0.373272,0.433526,0.0,3,0.147465437788018,0.0506912442396313,,,,15.0,4.425
21900817,2020-02-12,LAKERS at NUGGETS,2345861.0,13798.0,1583.0,95.55,236.0,0.292373,0.320442,0.0,3,0.13135593220339,0.0889830508474576,9.0,0.0,9.0,4.0,5.6
21900819,2020-02-13,THUNDER at PELICANS,620194.0,3364.0,419.0,102.5,241.0,0.3361,0.348315,0.0,1,0.157676348547718,0.120331950207469,12.0,2.0,14.0,5.0,3.4
21900818,2020-02-13,CLIPPERS at CELTICS,1027613.0,7440.0,1552.0,103.45,274.0,0.317518,0.366197,1.0,3,0.22992700729927,0.160583941605839,,,,8.0,5.45
21900820,2020-02-20,BUCKS at PISTONS,336447.0,1689.0,253.0,103.5,232.0,0.297414,0.397727,1.0,2,0.150862068965517,0.107758620689655,,,,20.0,3.775
21900821,2020-02-20,HEAT at HAWKS,359907.0,2310.0,422.0,110.0,253.0,0.320158,0.393443,0.0,2,0.25296442687747,,8.0,5.0,13.0,5.0,4.700000000000000
21900823,2020-02-20,HORNETS at BULLS,79151.0,503.0,78.0,94.5,196.0,0.229592,0.36646,1.0,0,0.188775510204082,0.102040816326531,17.0,1.0,18.0,10.0,4.575
21900822,2020-02-20,NETS at 76ERS,197857.0,1298.0,228.0,95.55,216.0,0.194444,0.297872,0.0,1,0.25,,10.0,2.0,12.0,8.0,5.25
21900824,2020-02-20,GRIZZLIES at KINGS,125464.0,687.0,135.0,107.0,254.0,0.366142,0.410714,0.0,0,0.208661417322835,0.106299212598425,8.0,2.0,10.0,4.0,3.825
21900825,2020-02-20,ROCKETS at WARRIORS,637198.0,3233.0,747.0,100.5,240.0,0.4,0.471264,0.0,2,0.125,,11.0,9.0,20.0,30.0,7.550000000000000
21900826,2020-02-21,MAVERICKS at MAGIC,158590.0,1006.0,215.0,102.5,228.0,0.315789,0.430851,1.0,1,0.157894736842105,0.12280701754386,7.0,2.0,9.0,16.0,4.275
21900827,2020-02-21,CAVALIERS at WIZARDS,65129.0,448.0,86.0,104.0,221.0,0.271493,0.342246,0.0,0,0.149321266968326,0.0588235294117647,14.0,1.0,15.0,5.0,4.3
21900828,2020-02-21,PACERS at KNICKS,63540.0,346.0,98.0,100.0,204.0,0.279412,0.313609,1.0,1,0.21078431372549,0.0882352941176471,10.0,0.0,10.0,8.0,5.45
21900831,2020-02-21,NUGGETS at THUNDER,236187.0,1336.0,254.0,98.0,214.0,0.21028,0.323171,0.0,2,0.210280373831776,0.102803738317757,8.0,0.0,8.0,12.0,3.85
21900829,2020-02-21,SUNS at RAPTORS,240793.0,1780.0,451.0,105.5,219.0,0.273973,0.412791,0.0,3,0.178082191780822,0.214611872146119,10.0,2.0,12.0,17.0,4.55
21900830,2020-02-21,CELTICS at TIMBERWOLVES,301539.0,1718.0,233.0,105.5,244.0,0.307377,0.38587,0.0,1,0.241803278688525,,12.0,1.0,13.0,10.0,4.375
21900832,2020-02-21,SPURS at JAZZ,174687.0,877.0,131.0,102.0,217.0,0.304147,0.306358,0.0,2,0.207373271889401,0.124423963133641,5.0,2.0,7.0,9.0,3.725
21900834,2020-02-21,PELICANS at TRAIL BLAZERS,468122.0,2415.0,430.0,103.5,243.0,0.345679,0.342697,1.0,1,0.160493827160494,0.111111111111111,10.0,2.0,12.0,13.0,3.4750000000000000
21900833,2020-02-21,GRIZZLIES at LAKERS,1787941.0,10667.0,940.0,104.5,222.0,0.189189,0.247191,1.0,2,0.189189189189189,0.202702702702703,12.0,1.0,13.0,12.0,5.1
21900835,2020-02-22,KINGS at CLIPPERS,482320.0,2961.0,1453.0,105.5,215.0,0.306977,0.346591,1.0,1,0.209302325581395,0.176744186046512,8.0,2.0,10.0,9.0,4.925000000000000
21900836,2020-02-22,NETS at HORNETS,63695.0,658.0,104.0,98.0,201.0,0.432836,0.468571,1.0,0,0.129353233830846,0.159203980099502,13.0,2.0,15.0,29.0,4.475
21900837,2020-02-22,MAVERICKS at HAWKS,172424.0,1105.0,486.0,101.0,218.0,0.302752,0.433155,0.0,1,0.137614678899083,,10.0,3.0,13.0,4.0,4.65
21900839,2020-02-22,SUNS at BULLS,90234.0,630.0,156.0,103.5,216.0,0.333333,0.402367,1.0,1,0.203703703703704,0.199074074074074,11.0,2.0,13.0,8.0,5.200000000000000
21900838,2020-02-22,CAVALIERS at HEAT,164433.0,996.0,128.0,100.0,229.0,0.419214,0.481013,0.0,1,0.135371179039301,0.14410480349345,7.0,2.0,9.0,19.0,4.725
21900840,2020-02-22,76ERS at BUCKS,554401.0,2966.0,686.0,104.5,217.0,0.373272,0.415789,0.0,4,0.110599078341014,,5.0,4.0,9.0,21.0,4.5
21900841,2020-02-22,ROCKETS at JAZZ,692394.0,4015.0,923.0,101.0,230.0,0.352174,0.434066,0.0,4,0.126086956521739,0.126086956521739,8.0,0.0,8.0,10.0,4.725
21900842,2020-02-23,CELTICS at LAKERS,2735837.0,17085.0,2831.0,104.0,226.0,0.318584,0.402367,0.0,3,0.212389380530973,0.150442477876106,10.0,2.0,12.0,2.0,6.25
21900843,2020-02-23,PACERS at RAPTORS,363648.0,3139.0,1211.0,103.0,208.0,0.360577,0.411765,0.0,3,0.129807692307692,0.221153846153846,9.0,4.0,13.0,46.0,3.95
21900844,2020-02-23,TIMBERWOLVES at NUGGETS,119953.0,656.0,119.0,103.5,244.0,0.307377,0.388889,0.0,1,0.135245901639344,0.151639344262295,14.0,1.0,15.0,12.0,3.725
21900846,2020-02-23,SPURS at THUNDER,123513.0,958.0,202.0,106.5,234.0,0.269231,0.315789,1.0,1,0.158119658119658,,15.0,1.0,16.0,28.0,3.6
21900845,2020-02-23,WIZARDS at BULLS,114636.0,708.0,128.0,107.5,243.0,0.37037,0.435065,1.0,0,0.201646090534979,0.193415637860082,8.0,0.0,8.0,9.0,5.025
21900847,2020-02-23,PELICANS at WARRIORS,746100.0,4001.0,518.0,99.5,216.0,0.388889,0.405263,0.0,1,0.0740740740740741,0.185185185185185,15.0,12.0,27.0,14.0,6.35
21900848,2020-02-23,PISTONS at TRAIL BLAZERS,187504.0,1075.0,166.0,94.5,211.0,0.341232,0.382353,0.0,0,0.146919431279621,,,,,3.0,3.55
21900850,2020-02-24,HAWKS at 76ERS,200919.0,1463.0,233.0,103.0,241.0,0.248963,0.367568,0.0,2,0.211618257261411,0.161825726141079,,,,17.0,4.6
21900852,2020-02-24,MAGIC at NETS,101434.0,914.0,127.0,97.5,228.0,0.381579,0.383784,0.0,0,0.0833333333333333,0.0701754385964912,12.0,3.0,15.0,2.0,4.575000000000000
21900851,2020-02-24,BUCKS at WIZARDS,387507.0,2699.0,577.0,107.32,271.0,0.354244,0.391304,0.0,2,0.173431734317343,0.103321033210332,6.0,0.0,6.0,3.0,4.175
21900849,2020-02-24,HEAT at CAVALIERS,164466.0,1226.0,439.0,97.81,244.0,0.368852,0.409326,0.0,1,0.163934426229508,,11.0,6.0,17.0,6.0,4.725
21900853,2020-02-24,KNICKS at ROCKETS,271856.0,1563.0,246.0,105.5,235.0,0.344681,0.435028,1.0,1,0.178723404255319,0.174468085106383,8.0,6.0,14.0,11.0,6.6
21900854,2020-02-24,TIMBERWOLVES at MAVERICKS,298556.0,1484.0,161.0,111.5,262.0,0.354962,0.438776,0.0,1,0.17175572519084,0.175572519083969,5.0,2.0,7.0,16.0,4.125
21900855,2020-02-24,SUNS at JAZZ,172901.0,1019.0,239.0,100.0,242.0,0.272727,0.296774,1.0,3,0.239669421487603,0.128099173553719,15.0,1.0,16.0,20.0,4.175
21900856,2020-02-24,GRIZZLIES at CLIPPERS,596039.0,3027.0,615.0,100.5,221.0,0.312217,0.349727,0.0,1,0.135746606334842,0.18552036199095,11.0,1.0,12.0,27.0,4.300000000000000
21900857,2020-02-25,HORNETS at PACERS,53714.0,524.0,94.0,99.0,199.0,0.301508,0.312849,0.0,1,0.0954773869346734,0.170854271356784,8.0,9.0,17.0,39.0,3.375
21900858,2020-02-25,BUCKS at RAPTORS,737159.0,4433.0,1480.0,103.0,205.0,0.468293,0.537143,0.0,4,0.219512195121951,0.121951219512195,3.0,7.0,10.0,11.0,4.3
21900860,2020-02-25,PISTONS at NUGGETS,150938.0,689.0,109.0,93.0,213.0,0.338028,0.382166,0.0,1,0.164319248826291,0.07981220657277,15.0,0.0,15.0,17.0,3.825
21900859,2020-02-25,THUNDER at BULLS,200678.0,1318.0,198.0,95.5,246.0,0.317073,0.352601,0.0,1,0.130081300813008,0.0853658536585366,10.0,1.0,11.0,2.0,4.65
21900862,2020-02-25,CELTICS at TRAIL BLAZERS,365514.0,2035.0,380.0,102.5,224.0,0.428571,0.4,0.0,1,0.133928571428571,0.21875,12.0,4.0,16.0,12.0,4.575
21900861,2020-02-25,PELICANS at LAKERS,3008030.0,19767.0,2371.0,110.5,227.0,0.277533,0.37766,0.0,3,0.167400881057269,0.286343612334802,,,,9.0,5.15
21900863,2020-02-25,KINGS at WARRIORS,176089.0,786.0,199.0,99.0,206.0,0.247573,0.374194,0.0,0,0.189320388349515,0.116504854368932,12.0,4.0,16.0,18.0,6.925000000000000
21900865,2020-02-26,76ERS at CAVALIERS,165412.0,1170.0,343.0,93.5,202.0,0.356436,0.371257,0.0,1,0.118811881188119,0.0742574257425743,10.0,3.0,13.0,14.0,4.625
21900864,2020-02-26,KNICKS at HORNETS,40603.0,331.0,78.0,94.5,208.0,0.201923,0.267857,1.0,0,0.144230769230769,0.0721153846153846,15.0,0.0,15.0,6.0,5.425
21900866,2020-02-26,NETS at WIZARDS,81474.0,470.0,52.0,102.5,216.0,0.347222,0.409836,0.0,0,0.171296296296296,,8.0,5.0,13.0,4.0,4.925
21900867,2020-02-26,MAGIC at HAWKS,105678.0,719.0,136.0,103.5,250.0,0.324,0.350515,0.0,1,0.164,0.124,10.0,4.0,14.0,10.0,3.925
21900868,2020-02-26,TIMBERWOLVES at HEAT,224430.0,1418.0,419.0,107.5,255.0,0.329412,0.426036,1.0,1,0.2,,4.0,1.0,5.0,3.0,4.175
21900870,2020-02-26,GRIZZLIES at ROCKETS,559467.0,3172.0,516.0,105.5,252.0,0.428571,0.442786,0.0,2,0.103174603174603,0.154761904761905,9.0,10.0,19.0,28.0,4.45
21900869,2020-02-26,MAVERICKS at SPURS,293774.0,1603.0,276.0,105.0,212.0,0.396226,0.438202,0.0,1,0.160377358490566,0.108490566037736,7.0,3.0,10.0,6.0,4.35
21900871,2020-02-26,CLIPPERS at SUNS,306371.0,1621.0,408.0,96.0,194.0,0.35567,0.421053,1.0,2,0.149484536082474,0.0721649484536082,9.0,2.0,11.0,10.0,5.0
21900872,2020-02-26,CELTICS at JAZZ,569951.0,3050.0,525.0,90.0,217.0,0.317972,0.381503,0.0,3,0.110599078341014,0.0921658986175115,9.0,0.0,9.0,11.0,4.625
21900873,2020-02-27,KNICKS at 76ERS,139215.0,871.0,151.0,92.0,221.0,0.312217,0.310345,0.0,0,0.108597285067873,0.0407239819004525,9.0,5.0,14.0,9.0,6.2
21900874,2020-02-27,TRAIL BLAZERS at PACERS,178004.0,1082.0,150.0,98.5,206.0,0.247573,0.307263,0.0,1,0.131067961165049,0.16504854368932,10.0,4.0,14.0,6.0,3.525
21900875,2020-02-27,KINGS at THUNDER,147253.0,1073.0,160.0,96.5,220.0,0.286364,0.348571,1.0,1,0.159090909090909,,11.0,0.0,11.0,4.0,3.975
21900876,2020-02-27,LAKERS at WARRIORS,1858998.0,9519.0,1303.0,105.5,202.0,0.252475,0.333333,0.0,1,0.133663366336634,0.193069306930693,13.0,7.0,20.0,30.0,8.2
21900877,2020-02-28,TIMBERWOLVES at MAGIC,64911.0,614.0,72.0,111.0,261.0,0.333333,0.435233,0.0,0,0.130268199233716,0.0498084291187739,8.0,5.0,13.0,11.0,3.4
21900878,2020-02-28,NETS at HAWKS,70403.0,570.0,115.0,104.5,259.0,0.428571,0.449735,0.0,1,0.146718146718147,0.131274131274131,11.0,0.0,11.0,23.0,4.950000000000000
21900879,2020-02-28,HORNETS at RAPTORS,158887.0,966.0,790.0,95.5,195.0,0.353846,0.421965,0.0,2,0.194871794871795,0.235897435897436,10.0,3.0,13.0,3.0,3.925
21900882,2020-02-28,THUNDER at BUCKS,324127.0,1775.0,391.0,107.5,219.0,0.369863,0.418848,1.0,2,0.118721461187215,0.150684931506849,6.0,8.0,14.0,47.0,3.8
21900883,2020-02-28,CAVALIERS at PELICANS,214340.0,1144.0,384.0,99.5,220.0,0.272727,0.295082,0.0,1,0.0818181818181818,0.177272727272727,15.0,2.0,17.0,12.0,3.8250000000000000
21900881,2020-02-28,KINGS at GRIZZLIES,78266.0,826.0,199.0,102.0,205.0,0.278049,0.373626,0.0,0,0.15609756097561,0.204878048780488,4.0,1.0,5.0,3.0,3.825
21900880,2020-02-28,MAVERICKS at HEAT,359354.0,2082.0,391.0,97.5,244.0,0.467213,0.521472,0.0,2,0.180327868852459,0.0737704918032787,5.0,6.0,11.0,8.0,5.05
21900884,2020-02-28,PISTONS at SUNS,139264.0,944.0,139.0,95.0,224.0,0.294643,0.333333,0.0,1,0.107142857142857,0.107142857142857,6.0,1.0,7.0,2.0,4.025
21900885,2020-02-28,WIZARDS at JAZZ,150336.0,756.0,94.0,103.5,248.0,0.399194,0.395722,0.0,2,0.149193548387097,0.0806451612903226,12.0,1.0,13.0,10.0,4.0
21900886,2020-02-28,NUGGETS at CLIPPERS,535120.0,2705.0,685.0,98.5,235.0,0.344681,0.355556,0.0,2,0.127659574468085,0.106382978723404,,,,29.0,4.800000000000000
21900887,2020-02-29,BULLS at KNICKS,129200.0,774.0,158.0,95.0,240.0,0.3125,0.316092,0.0,0,0.1625,0.0458333333333333,20.0,2.0,22.0,10.0,6.65
21900888,2020-02-29,TRAIL BLAZERS at HAWKS,167204.0,1083.0,250.0,104.0,246.0,0.317073,0.393258,1.0,1,0.138211382113821,0.170731707317073,6.0,0.0,6.0,12.0,3.9750000000000000
21900889,2020-02-29,NETS at HEAT,182753.0,1283.0,298.0,97.0,229.0,0.393013,0.463277,0.0,1,0.161572052401747,0.0436681222707424,9.0,0.0,9.0,3.0,5.35
21900891,2020-02-29,LAKERS at GRIZZLIES,1459072.0,7785.0,1806.0,94.0,193.0,0.295337,0.362637,1.0,2,0.0829015544041451,0.129533678756477,9.0,1.0,10.0,17.0,5.1
21900890,2020-02-29,PACERS at CAVALIERS,72694.0,406.0,95.0,99.0,217.0,0.179724,0.261628,0.0,1,0.129032258064516,0.147465437788018,7.0,1.0,8.0,9.0,3.875
21900893,2020-02-29,MAGIC at SPURS,82707.0,449.0,113.0,101.5,227.0,0.38326,0.404762,1.0,0,0.123348017621145,,8.0,1.0,9.0,1.0,3.625
21900892,2020-02-29,ROCKETS at CELTICS,1037472.0,7910.0,1444.0,97.36,221.0,0.38009,0.489899,0.0,3,0.149321266968326,,7.0,0.0,7.0,1.0,5.6
21900894,2020-02-29,WARRIORS at SUNS,294537.0,1851.0,328.0,98.5,214.0,0.294393,0.347059,0.0,1,0.200934579439252,0.0934579439252336,8.0,1.0,9.0,16.0,7.0
21900895,2020-03-01,BUCKS at HORNETS,210116.0,1423.0,342.0,97.0,178.0,0.252809,0.360656,0.0,1,0.140449438202247,0.106741573033708,16.0,1.0,17.0,8.0,3.7250000000000000
21900896,2020-03-01,MAVERICKS at TIMBERWOLVES,206232.0,1064.0,173.0,105.5,202.0,0.356436,0.42487,0.0,0,0.0891089108910891,0.143564356435644,11.0,6.0,17.0,20.0,4.125
21900897,2020-03-01,76ERS at CLIPPERS,592592.0,2991.0,446.0,99.0,266.0,0.383459,0.391813,0.0,1,0.172932330827068,0.093984962406015,9.0,5.0,14.0,6.0,5.15
21900899,2020-03-01,PISTONS at KINGS,80055.0,491.0,137.0,96.0,206.0,0.393204,0.450292,0.0,0,0.189320388349515,0.140776699029126,10.0,0.0,10.0,6.0,3.95
21900898,2020-03-01,RAPTORS at NUGGETS,235022.0,1278.0,622.0,103.0,251.0,0.334661,0.430233,0.0,3,0.187250996015936,0.099601593625498,,,,15.0,4.35
21900900,2020-03-01,LAKERS at PELICANS,2889829.0,19696.0,2561.0,106.5,236.0,0.254237,0.348958,0.0,2,0.152542372881356,0.233050847457627,16.0,1.0,17.0,8.0,5.15
21900901,2020-03-01,WIZARDS at WARRIORS,270284.0,1464.0,296.0,104.0,234.0,0.371795,0.339181,0.0,0,0.175213675213675,,12.0,9.0,21.0,14.0,6.825
21900904,2020-03-02,TRAIL BLAZERS at MAGIC,72202.0,451.0,58.0,99.5,237.0,0.379747,0.413043,0.0,0,0.147679324894515,0.122362869198312,7.0,0.0,7.0,23.0,3.6000000000000000
21900902,2020-03-02,JAZZ at CAVALIERS,187136.0,908.0,110.0,96.0,239.0,0.464435,0.471264,1.0,2,0.100418410041841,0.104602510460251,12.0,7.0,19.0,13.0,4.05
21900903,2020-03-02,ROCKETS at KNICKS,441528.0,3048.0,681.0,107.0,248.0,0.387097,0.450262,1.0,2,0.17741935483871,0.0766129032258065,16.0,6.0,22.0,2.0,6.6
21900906,2020-03-02,BUCKS at HEAT,893143.0,6101.0,1356.0,97.5,194.0,0.386598,0.412791,0.0,3,0.128865979381443,0.0670103092783505,8.0,0.0,8.0,16.0,4.6
21900905,2020-03-02,GRIZZLIES at HAWKS,217785.0,1235.0,258.0,105.0,215.0,0.32093,0.350785,0.0,1,0.167441860465116,0.0976744186046512,11.0,0.0,11.0,39.0,3.75
21900907,2020-03-02,MAVERICKS at BULLS,253748.0,1642.0,268.0,98.0,216.0,0.305556,0.438202,0.0,1,0.12037037037037,0.0694444444444445,7.0,2.0,9.0,2.0,5.4
21900908,2020-03-02,PACERS at SPURS,86648.0,658.0,112.0,95.0,227.0,0.409692,0.406452,1.0,1,0.167400881057269,0.105726872246696,7.0,1.0,8.0,5.0,3.55
21900909,2020-03-03,SPURS at HORNETS,125730.0,925.0,267.0,91.5,207.0,0.333333,0.376543,1.0,0,0.144927536231884,0.0821256038647343,7.0,0.0,7.0,1.0,3.5250000000000000
21900911,2020-03-03,TIMBERWOLVES at PELICANS,323923.0,1970.0,477.0,110.5,273.0,0.307692,0.370558,0.0,1,0.120879120879121,0.175824175824176,17.0,2.0,19.0,5.0,3.275
21900910,2020-03-03,NETS at CELTICS,362419.0,3025.0,655.0,100.98,249.0,0.349398,0.482759,0.0,1,0.184738955823293,0.0763052208835341,13.0,4.0,17.0,9.0,5.55
21900912,2020-03-03,CLIPPERS at THUNDER,468576.0,2301.0,497.0,97.5,203.0,0.295567,0.387879,1.0,2,0.192118226600985,0.0640394088669951,7.0,0.0,7.0,15.0,4.45
21900913,2020-03-03,WARRIORS at NUGGETS,445157.0,2809.0,543.0,94.5,216.0,0.291667,0.360947,0.0,1,0.152777777777778,0.0740740740740741,15.0,1.0,16.0,16.0,6.800000000000000
21900914,2020-03-03,RAPTORS at SUNS,233963.0,1478.0,384.0,107.5,237.0,0.367089,0.426901,1.0,3,0.210970464135021,0.168776371308017,11.0,0.0,11.0,9.0,4.55
21900916,2020-03-03,WIZARDS at KINGS,73278.0,489.0,91.0,107.5,259.0,0.335907,0.39645,0.0,0,0.185328185328185,0.150579150579151,9.0,0.0,9.0,7.0,4.35
21900915,2020-03-03,76ERS at LAKERS,2173434.0,12995.0,1232.0,97.5,227.0,0.38326,0.426901,0.0,2,0.13215859030837,0.211453744493392,14.0,6.0,20.0,13.0,5.95
21900924,2020-03-04,PACERS at BUCKS,231546.0,1206.0,123.0,111.0,219.0,0.273973,0.382199,0.0,3,0.132420091324201,0.232876712328767,7.0,1.0,8.0,19.0,3.75
21900917,2020-03-04,CELTICS at CAVALIERS,223963.0,1355.0,341.0,95.5,218.0,0.330275,0.388571,0.0,1,0.165137614678899,0.0917431192660551,8.0,7.0,15.0,6.0,4.925
21900918,2020-03-04,THUNDER at PISTONS,64633.0,490.0,124.0,96.5,221.0,0.38009,0.416149,0.0,1,0.0950226244343891,,11.0,1.0,12.0,7.0,3.475
21900920,2020-03-04,GRIZZLIES at NETS,177781.0,1072.0,229.0,95.5,197.0,0.411168,0.452632,0.0,0,0.121827411167513,0.208121827411168,5.0,0.0,5.0,39.0,4.4
21900921,2020-03-04,JAZZ at KNICKS,145342.0,751.0,96.0,95.5,216.0,0.236111,0.337349,0.0,2,0.162037037037037,0.0416666666666667,,,,8.0,5.625
21900919,2020-03-04,MAGIC at HEAT,215102.0,1472.0,376.0,93.0,229.0,0.458515,0.453988,1.0,1,0.104803493449782,0.135371179039301,6.0,0.0,6.0,3.0,4.325000000000000
21900922,2020-03-04,BULLS at TIMBERWOLVES,108745.0,768.0,106.0,99.5,223.0,0.403587,0.417143,1.0,0,0.103139013452915,0.0762331838565022,7.0,0.0,7.0,7.0,4.525
21900923,2020-03-04,PELICANS at MAVERICKS,886988.0,5513.0,873.0,102.34,250.0,0.468,0.45933,0.0,2,0.092,0.084,9.0,3.0,12.0,4.0,4.15
21900925,2020-03-04,WIZARDS at TRAIL BLAZERS,222420.0,1131.0,152.0,101.0,229.0,0.31441,0.358696,0.0,1,0.179039301310044,0.14410480349345,14.0,7.0,21.0,21.0,3.95
21900926,2020-03-05,NUGGETS at HORNETS,91393.0,689.0,114.0,93.0,226.0,0.278761,0.36875,0.0,1,0.18141592920354,,5.0,0.0,5.0,2.0,3.7750000000000000
21900927,2020-03-05,CLIPPERS at ROCKETS,1026269.0,5737.0,1632.0,105.5,225.0,0.266667,0.453039,1.0,3,0.253333333333333,0.173333333333333,10.0,2.0,12.0,15.0,5.550000000000000
21900928,2020-03-05,76ERS at KINGS,108936.0,755.0,106.0,100.5,233.0,0.360515,0.377143,1.0,0,0.11587982832618,0.11587982832618,,,,17.0,4.675000000000000
21900930,2020-03-06,HAWKS at WIZARDS,54766.0,501.0,105.0,101.0,230.0,0.352174,0.388889,0.0,0,0.169565217391304,0.152173913043478,8.0,7.0,15.0,6.0,4.275
21900931,2020-03-06,SPURS at NETS,99695.0,602.0,127.0,107.5,259.0,0.289575,0.37234,0.0,0,0.177606177606178,0.104247104247104,9.0,0.0,9.0,19.0,4.65
21900932,2020-03-06,THUNDER at KNICKS,90860.0,697.0,115.0,98.0,229.0,0.209607,0.294118,0.0,1,0.161572052401747,0.0567685589519651,18.0,1.0,19.0,23.0,5.5
21900933,2020-03-06,JAZZ at CELTICS,347034.0,1892.0,305.0,94.0,193.0,0.419689,0.465517,1.0,4,0.124352331606218,,8.0,0.0,8.0,5.0,4.625
21900934,2020-03-06,PACERS at BULLS,62972.0,400.0,86.0,101.0,210.0,0.242857,0.348837,0.0,1,0.176190476190476,0.161904761904762,8.0,0.0,8.0,6.0,4.6
21900935,2020-03-06,MAGIC at TIMBERWOLVES,37695.0,294.0,82.0,102.5,250.0,0.204,0.318681,0.0,0,0.156,0.092,14.0,0.0,14.0,14.0,3.4
21900937,2020-03-06,GRIZZLIES at MAVERICKS,249103.0,1488.0,319.0,100.0,217.0,0.373272,0.430168,0.0,1,0.101382488479263,0.19815668202765,6.0,5.0,11.0,25.0,4.1
21900936,2020-03-06,HEAT at PELICANS,730032.0,3723.0,478.0,102.5,214.0,0.32243,0.40113,0.0,2,0.191588785046729,0.182242990654206,13.0,0.0,13.0,6.0,4.200000000000000
21900938,2020-03-06,TRAIL BLAZERS at SUNS,108388.0,795.0,139.0,99.0,244.0,0.393443,0.41573,1.0,2,0.147540983606557,0.151639344262295,,,,10.0,4.125
21900939,2020-03-06,BUCKS at LAKERS,4660696.0,29280.0,3824.0,114.0,216.0,0.25,0.416667,0.0,4,0.222222222222222,0.217592592592593,11.0,0.0,11.0,10.0,5.55
21900940,2020-03-07,ROCKETS at HORNETS,340562.0,2232.0,650.0,92.0,207.0,0.434783,0.527397,0.0,1,0.159420289855072,0.101449275362319,7.0,1.0,8.0,9.0,4.525
21900941,2020-03-07,JAZZ at PISTONS,134822.0,757.0,127.0,92.0,216.0,0.263889,0.386503,0.0,2,0.171296296296296,0.106481481481481,10.0,1.0,11.0,6.0,3.6
21900942,2020-03-07,NUGGETS at CAVALIERS,137135.0,1241.0,263.0,94.5,206.0,0.364078,0.372671,0.0,1,0.0533980582524272,0.135922330097087,15.0,4.0,19.0,2.0,4.275
21900943,2020-03-07,HAWKS at GRIZZLIES,94378.0,840.0,209.0,106.5,219.0,0.342466,0.450549,0.0,1,0.200913242009132,,10.0,1.0,11.0,17.0,3.75
21900944,2020-03-07,76ERS at WARRIORS,805655.0,4519.0,729.0,93.0,232.0,0.284483,0.359756,0.0,0,0.172413793103448,,,,,4.0,7.15
21900946,2020-03-08,BULLS at NETS,115341.0,692.0,93.0,104.5,217.0,0.317972,0.410256,0.0,0,0.23963133640553,0.115207373271889,13.0,2.0,15.0,3.0,5.700000000000000
21900947,2020-03-08,PELICANS at TIMBERWOLVES,347314.0,1826.0,322.0,115.0,227.0,0.251101,0.369565,1.0,1,0.202643171806167,0.154185022026432,10.0,0.0,10.0,13.0,3.275
21900948,2020-03-08,LAKERS at CLIPPERS,5189133.0,33860.0,6545.0,100.5,215.0,0.237209,0.381503,0.0,3,0.241860465116279,0.12093023255814,12.0,0.0,12.0,9.0,6.2
21900950,2020-03-08,BUCKS at SUNS,282116.0,1758.0,436.0,105.0,271.0,0.354244,0.422222,0.0,2,0.158671586715867,0.0885608856088561,3.0,2.0,5.0,9.0,4.35
21900949,2020-03-08,THUNDER at CELTICS,341731.0,2214.0,517.0,101.0,209.0,0.330144,0.362573,1.0,3,0.191387559808612,,8.0,1.0,9.0,1.0,4.5
21900953,2020-03-08,MAGIC at ROCKETS,236355.0,1248.0,551.0,104.0,232.0,0.284483,0.340782,0.0,2,0.189655172413793,0.116379310344828,6.0,1.0,7.0,20.0,4.625
21900952,2020-03-08,PACERS at MAVERICKS,180956.0,1037.0,259.0,101.5,221.0,0.298643,0.368715,0.0,2,0.131221719457014,,6.0,0.0,6.0,3.0,4.2
21900951,2020-03-08,HEAT at WIZARDS,178454.0,1297.0,366.0,95.0,189.0,0.507937,0.520833,1.0,1,0.216931216931217,0.0952380952380952,8.0,4.0,12.0,11.0,4.675
21900955,2020-03-08,PISTONS at KNICKS,74656.0,473.0,95.0,91.0,180.0,0.283333,0.351852,0.0,0,0.183333333333333,0.0666666666666667,10.0,0.0,10.0,12.0,5.475
21900954,2020-03-08,SPURS at CAVALIERS,180108.0,1292.0,228.0,106.87,261.0,0.264368,0.3125,0.0,0,0.252873563218391,0.0996168582375479,6.0,1.0,7.0,3.0,4.025
21900956,2020-03-08,RAPTORS at KINGS,211918.0,1682.0,466.0,100.0,231.0,0.350649,0.459302,0.0,2,0.181818181818182,0.173160173160173,11.0,1.0,12.0,5.0,4.475
21900957,2020-03-09,HORNETS at HAWKS,183461.0,1436.0,214.0,90.21,281.0,0.427046,0.455,0.0,1,0.131672597864769,0.0640569395017794,11.0,4.0,15.0,5.0,3.825
21900958,2020-03-09,BUCKS at NUGGETS,474968.0,2172.0,493.0,105.0,204.0,0.455882,0.494565,1.0,1,0.112745098039216,0.156862745098039,10.0,0.0,10.0,14.0,4.15
21900959,2020-03-09,RAPTORS at JAZZ,470231.0,2459.0,942.0,95.5,193.0,0.450777,0.475904,0.0,4,0.134715025906736,0.150259067357513,3.0,2.0,5.0,9.0,4.125
21900960,2020-03-10,CELTICS at PACERS,245591.0,1548.0,289.0,98.0,225.0,0.293333,0.327957,0.0,3,0.128888888888889,0.124444444444444,8.0,6.0,14.0,3.0,4.45
21900961,2020-03-10,KNICKS at WIZARDS,61026.0,524.0,67.0,103.5,237.0,0.278481,0.36129,1.0,0,0.257383966244726,,15.0,2.0,17.0,7.0,5.875
21900965,2020-03-10,MAVERICKS at SPURS,244807.0,1496.0,290.0,99.5,228.0,0.421053,0.41989,0.0,1,0.087719298245614,0.135964912280702,10.0,3.0,13.0,10.0,4.35
21900962,2020-03-10,CAVALIERS at BULLS,115298.0,757.0,168.0,98.5,211.0,0.255924,0.353659,0.0,0,0.137440758293839,0.104265402843602,11.0,0.0,11.0,5.0,5.075000000000000
21900964,2020-03-10,MAGIC at GRIZZLIES,110914.0,740.0,132.0,102.0,235.0,0.319149,0.369048,0.0,0,0.204255319148936,0.114893617021277,5.0,3.0,8.0,5.0,3.375
21900963,2020-03-10,TIMBERWOLVES at ROCKETS,457463.0,2475.0,318.0,102.5,228.0,0.381579,0.447853,1.0,2,0.162280701754386,0.131578947368421,8.0,7.0,15.0,6.0,4.475
21900966,2020-03-10,SUNS at TRAIL BLAZERS,156239.0,1176.0,130.0,100.0,226.0,0.371681,0.380682,1.0,2,0.168141592920354,0.119469026548673,5.0,5.0,10.0,16.0,4.125
21900967,2020-03-10,CLIPPERS at WARRIORS,571371.0,2500.0,559.0,99.0,238.0,0.390756,0.479532,1.0,1,0.172268907563025,0.113445378151261,11.0,8.0,19.0,24.0,7.4
21900968,2020-03-10,NETS at LAKERS,1873178.0,10535.0,2462.0,96.5,206.0,0.407767,0.451977,0.0,2,0.116504854368932,0.155339805825243,9.0,1.0,10.0,2.0,6.3
21900971,2020-03-11,PISTONS at 76ERS,158576.0,1056.0,194.0,94.5,230.0,0.326087,0.407186,1.0,1,0.18695652173913,0.104347826086957,16.0,4.0,20.0,18.0,4.175000000000000
21900973,2020-03-11,NUGGETS at MAVERICKS,432659.0,2872.0,520.0,99.0,210.0,0.371429,0.422857,0.0,2,0.104761904761905,0.161904761904762,11.0,0.0,11.0,16.0,4.6
21900969,2020-03-11,KNICKS at HAWKS,132817.0,1100.0,222.0,104.6,267.0,0.280899,0.345,0.0,1,0.172284644194757,0.153558052434457,20.0,5.0,25.0,5.0,5.9
21900970,2020-03-11,HORNETS at HEAT,172161.0,1104.0,214.0,91.5,207.0,0.463768,0.46988,0.0,1,0.111111111111111,,9.0,3.0,12.0,11.0,4.225
22000001,2020-12-22,WARRIORS at NETS,4528614.0,35891.0,5034.0,112.0,224.0,0.334821,0.356021,0.0,3,0.183035714285714,0.178571428571429,,,,26.0,7.5
22000002,2020-12-22,CLIPPERS at LAKERS,3045162.0,24773.0,5536.0,104.0,225.0,0.306667,0.396552,0.0,4,0.168888888888889,0.124444444444444,8.0,2.0,10.0,7.0,6.2
22000010,2020-12-23,HORNETS at CAVALIERS,747642.0,5571.0,1214.0,102.0,235.0,0.382979,0.418079,1.0,0,0.0978723404255319,0.178723404255319,17.0,4.0,21.0,7.0,3.8500000000000000
22000011,2020-12-23,KNICKS at PACERS,396746.0,2135.0,440.0,106.0,228.0,0.263158,0.346369,1.0,2,0.166666666666667,0.179824561403509,8.0,6.0,14.0,14.0,5.45
22000012,2020-12-23,HEAT at MAGIC,768314.0,4691.0,753.0,106.5,220.0,0.231818,0.280702,1.0,1,0.159090909090909,0.154545454545455,11.0,0.0,11.0,6.0,4.325000000000000
22000013,2020-12-23,WIZARDS at 76ERS,1379293.0,8956.0,1170.0,107.5,220.0,0.286364,0.319767,0.0,3,0.177272727272727,0.15,8.0,2.0,10.0,6.0,4.575
22000014,2020-12-23,PELICANS at RAPTORS,1138540.0,8390.0,1687.0,104.5,212.0,0.466981,0.52071,0.0,1,0.089622641509434,0.169811320754717,11.0,2.0,13.0,14.0,3.9
22000003,2020-12-23,BUCKS at CELTICS,1177788.0,10276.0,2155.0,100.5,243.0,0.395062,0.39267,0.0,3,0.0946502057613169,0.0946502057613169,3.0,6.0,9.0,1.0,4.8
22000017,2020-12-23,SPURS at GRIZZLIES,647342.0,4986.0,813.0,109.0,250.0,0.24,0.273684,0.0,0,0.144,0.164,8.0,1.0,9.0,12.0,3.45
22000015,2020-12-23,HAWKS at BULLS,468374.0,3121.0,682.0,106.5,228.0,0.289474,0.419162,0.0,1,0.210526315789474,,10.0,1.0,11.0,20.0,5.05
22000018,2020-12-23,PISTONS at TIMBERWOLVES,565945.0,3767.0,737.0,101.5,212.0,0.268868,0.41989,0.0,0,0.127358490566038,,13.0,1.0,14.0,10.0,3.35
22000019,2020-12-23,KINGS at NUGGETS,535407.0,3646.0,673.0,100.98,246.0,0.219512,0.3,1.0,1,0.178861788617886,,5.0,0.0,5.0,2.0,4.325
22000020,2020-12-23,JAZZ at TRAIL BLAZERS,700394.0,3702.0,860.0,99.5,220.0,0.422727,0.446237,1.0,4,0.131818181818182,0.0909090909090909,7.0,2.0,9.0,20.0,3.7
22000004,2020-12-23,MAVERICKS at SUNS,1335134.0,8576.0,1320.0,103.0,208.0,0.288462,0.408537,0.0,3,0.192307692307692,0.211538461538462,4.0,0.0,4.0,4.0,4.8
22000005,2020-12-25,PELICANS at HEAT,1344894.0,9924.0,1240.0,96.5,209.0,0.373206,0.470588,0.0,1,0.215311004784689,0.119617224880383,7.0,0.0,7.0,13.0,4.200000000000000
22000006,2020-12-25,WARRIORS at BUCKS,1610004.0,9816.0,2520.0,109.5,237.0,0.379747,0.428571,0.0,2,0.164556962025316,0.126582278481013,7.0,3.0,10.0,39.0,6.75
22000007,2020-12-25,NETS at CELTICS,1992148.0,14843.0,3063.0,98.0,218.0,0.316514,0.321839,1.0,4,0.178899082568807,0.110091743119266,13.0,8.0,21.0,28.0,5.55
22000008,2020-12-25,MAVERICKS at LAKERS,2678686.0,21087.0,2628.0,102.0,253.0,0.379447,0.408046,1.0,3,0.146245059288538,0.146245059288538,5.0,4.0,9.0,23.0,6.0
22000009,2020-12-25,CLIPPERS at NUGGETS,1171708.0,7721.0,1508.0,96.0,229.0,0.393013,0.477419,0.0,3,0.187772925764192,0.0567685589519651,6.0,0.0,6.0,13.0,4.800000000000000
22000021,2020-12-26,HAWKS at GRIZZLIES,670251.0,4699.0,788.0,105.0,234.0,0.333333,0.434066,1.0,0,0.247863247863248,0.102564102564103,4.0,1.0,5.0,10.0,3.75
22000024,2020-12-26,MAGIC at WIZARDS,631544.0,4382.0,916.0,109.5,250.0,0.288,0.357895,0.0,2,0.152,0.048,5.0,8.0,13.0,10.0,3.9
22000022,2020-12-26,THUNDER at HORNETS,1363192.0,12249.0,1800.0,105.5,216.0,0.319444,0.375691,0.0,0,0.180555555555556,0.175925925925926,,,,2.0,3.425
22000025,2020-12-26,76ERS at KNICKS,470885.0,3060.0,607.0,94.5,198.0,0.287879,0.350877,1.0,3,0.166666666666667,0.0757575757575758,12.0,1.0,13.0,20.0,6.2
22000023,2020-12-26,CAVALIERS at PISTONS,426283.0,3054.0,679.0,103.03,247.0,0.352227,0.380711,1.0,0,0.17004048582996,0.097165991902834,8.0,6.0,14.0,9.0,3.9
22000026,2020-12-26,PACERS at BULLS,253863.0,1290.0,293.0,107.5,231.0,0.324675,0.353261,1.0,2,0.147186147186147,0.0606060606060606,7.0,0.0,7.0,19.0,4.6
22000027,2020-12-26,RAPTORS at SPURS,475634.0,3028.0,829.0,104.0,233.0,0.373391,0.382653,0.0,0,0.0944206008583691,,5.0,0.0,5.0,5.0,4.1
22000028,2020-12-26,TIMBERWOLVES at JAZZ,521448.0,3399.0,700.0,105.0,227.0,0.303965,0.323077,1.0,3,0.185022026431718,0.118942731277533,12.0,1.0,13.0,5.0,3.5
22000030,2020-12-26,SUNS at KINGS,545647.0,3231.0,604.0,103.5,209.0,0.229665,0.36413,0.0,2,0.157894736842105,0.0526315789473684,8.0,1.0,9.0,3.0,4.525
22000029,2020-12-26,ROCKETS at TRAIL BLAZERS,1536502.0,10944.0,2457.0,97.81,254.0,0.354331,0.42328,0.0,2,0.15748031496063,,14.0,3.0,17.0,2.0,4.675
22000031,2020-12-27,MAVERICKS at CLIPPERS,1797004.0,16149.0,5743.0,94.5,197.0,0.274112,0.453988,1.0,2,0.208121827411168,,10.0,3.0,13.0,51.0,5.2
22000032,2020-12-27,NETS at HORNETS,2134658.0,19153.0,3732.0,103.5,210.0,0.385714,0.455056,0.0,2,0.128571428571429,0.128571428571429,8.0,4.0,12.0,2.0,4.475
22000033,2020-12-27,MAGIC at WIZARDS,260652.0,1814.0,486.0,101.5,233.0,0.218884,0.313187,0.0,2,0.206008583690987,,4.0,7.0,11.0,7.0,3.9
22000034,2020-12-27,SPURS at PELICANS,478479.0,3321.0,742.0,101.0,193.0,0.248705,0.327869,0.0,1,0.150259067357513,0.170984455958549,,,,3.0,3.5
22000035,2020-12-27,76ERS at CAVALIERS,509740.0,3114.0,812.0,100.5,212.0,0.29717,0.352941,1.0,1,0.136792452830189,0.113207547169811,11.0,2.0,13.0,24.0,4.625
22000036,2020-12-27,BUCKS at KNICKS,539211.0,3712.0,916.0,99.5,240.0,0.2875,0.361111,0.0,2,0.179166666666667,0.0708333333333333,11.0,0.0,11.0,20.0,5.8
22000037,2020-12-27,CELTICS at PACERS,514373.0,2944.0,738.0,102.0,215.0,0.223256,0.293413,1.0,3,0.134883720930233,,10.0,1.0,11.0,1.0,4.45
22000038,2020-12-27,WARRIORS at BULLS,1796067.0,18011.0,2653.0,114.5,257.0,0.40856,0.463158,0.0,2,0.194552529182879,,9.0,2.0,11.0,1.0,7.6
22000039,2020-12-27,SUNS at KINGS,450776.0,2377.0,293.0,98.5,216.0,0.333333,0.341176,1.0,2,0.12962962962963,0.0925925925925926,3.0,1.0,4.0,16.0,4.525
22000040,2020-12-27,TIMBERWOLVES at LAKERS,2078991.0,17404.0,2520.0,106.0,218.0,0.261468,0.362694,1.0,1,0.105504587155963,0.128440366972477,12.0,2.0,14.0,36.0,5.125
22000041,2020-12-28,PISTONS at HAWKS,434213.0,2785.0,588.0,100.5,248.0,0.399194,0.461111,0.0,0,0.19758064516129,0.120967741935484,8.0,1.0,9.0,8.0,3.875
22000042,2020-12-28,GRIZZLIES at NETS,745681.0,4287.0,742.0,100.08,227.0,0.317181,0.358586,0.0,0,0.162995594713656,,6.0,0.0,6.0,5.0,4.4
22000043,2020-12-28,JAZZ at THUNDER,499028.0,3000.0,503.0,100.0,219.0,0.383562,0.430233,1.0,3,0.114155251141553,,7.0,2.0,9.0,1.0,3.625
22000044,2020-12-28,ROCKETS at NUGGETS,954692.0,4948.0,814.0,103.5,235.0,0.382979,0.404624,1.0,2,0.148936170212766,0.14468085106383,8.0,0.0,8.0,13.0,4.95
22000045,2020-12-28,TRAIL BLAZERS at LAKERS,2183158.0,15975.0,3150.0,99.0,222.0,0.351351,0.407821,1.0,3,0.126126126126126,0.144144144144144,6.0,2.0,8.0,8.0,5.325
22000046,2020-12-29,KNICKS at CAVALIERS,344533.0,2074.0,464.0,99.0,181.0,0.348066,0.341317,0.0,1,0.154696132596685,0.154696132596685,7.0,2.0,9.0,9.0,5.925
22000048,2020-12-29,CELTICS at PACERS,465600.0,3205.0,546.0,100.5,227.0,0.277533,0.335366,1.0,3,0.176211453744493,0.136563876651982,,,,5.0,4.45
22000050,2020-12-29,BULLS at WIZARDS,445424.0,2688.0,625.0,108.5,222.0,0.337838,0.426901,1.0,2,0.211711711711712,0.0540540540540541,8.0,2.0,10.0,8.0,5.025
22000049,2020-12-29,RAPTORS at 76ERS,615176.0,3517.0,1175.0,105.0,193.0,0.388601,0.436782,0.0,2,0.207253886010363,0.186528497409326,4.0,2.0,6.0,7.0,4.7
22000047,2020-12-29,WARRIORS at PISTONS,1529746.0,12480.0,1402.0,98.5,222.0,0.364865,0.404762,0.0,1,0.220720720720721,0.045045045045045,8.0,3.0,11.0,10.0,6.425000000000000
22000051,2020-12-29,BUCKS at HEAT,600735.0,3940.0,972.0,103.0,241.0,0.497925,0.51462,0.0,1,0.103734439834025,0.170124481327801,4.0,3.0,7.0,47.0,4.6
22000052,2020-12-29,MAGIC at THUNDER,268901.0,1652.0,404.0,103.0,225.0,0.24,0.306011,1.0,1,0.102222222222222,,6.0,0.0,6.0,11.0,3.525
22000054,2020-12-29,TIMBERWOLVES at CLIPPERS,599216.0,3206.0,500.0,98.5,225.0,0.386667,0.389831,0.0,1,0.124444444444444,0.142222222222222,12.0,1.0,13.0,23.0,4.325
22000053,2020-12-29,PELICANS at SUNS,620389.0,3251.0,864.0,93.0,197.0,0.335025,0.440994,1.0,3,0.137055837563452,0.126903553299492,5.0,3.0,8.0,25.0,3.9500000000000000
22000055,2020-12-29,NUGGETS at KINGS,369576.0,1889.0,430.0,101.0,240.0,0.3375,0.348571,0.0,1,0.1375,0.116666666666667,9.0,1.0,10.0,10.0,4.325
22000056,2020-12-30,GRIZZLIES at CELTICS,565797.0,3093.0,480.0,103.0,233.0,0.321888,0.391304,0.0,2,0.128755364806867,0.167381974248927,13.0,4.0,17.0,19.0,4.35
22000057,2020-12-30,HAWKS at NETS,1796699.0,14481.0,2417.0,108.0,286.0,0.388112,0.437186,0.0,2,0.164335664335664,,,,,4.0,4.950000000000000
22000058,2020-12-30,BUCKS at HEAT,858014.0,5438.0,988.0,105.5,227.0,0.409692,0.434783,0.0,1,0.158590308370044,0.105726872246696,7.0,3.0,10.0,11.0,4.6
22000060,2020-12-30,LAKERS at SPURS,1962191.0,13886.0,1606.0,101.5,228.0,0.315789,0.295858,0.0,2,0.140350877192982,0.184210526315789,12.0,2.0,14.0,14.0,5.35
22000059,2020-12-30,HORNETS at MAVERICKS,1400157.0,9894.0,1609.0,102.0,217.0,0.373272,0.444444,1.0,1,0.165898617511521,0.152073732718894,8.0,2.0,10.0,19.0,4.175
22000061,2020-12-30,TRAIL BLAZERS at CLIPPERS,787415.0,4730.0,1222.0,103.0,233.0,0.386266,0.444444,0.0,3,0.1931330472103,0.124463519313305,4.0,2.0,6.0,23.0,4.525
22000062,2020-12-31,CAVALIERS at PACERS,305110.0,1664.0,252.0,99.0,218.0,0.385321,0.343195,0.0,1,0.146788990825688,0.169724770642202,2.0,12.0,14.0,20.0,3.875
22000063,2020-12-31,BULLS at WIZARDS,407840.0,2434.0,793.0,103.5,263.0,0.319392,0.369318,0.0,2,0.193916349809886,0.0304182509505703,7.0,4.0,11.0,3.0,5.025
22000064,2020-12-31,76ERS at MAGIC,499357.0,2750.0,426.0,103.0,208.0,0.317308,0.327957,0.0,3,0.153846153846154,0.0961538461538462,5.0,2.0,7.0,24.0,4.225
22000065,2020-12-31,KINGS at ROCKETS,975167.0,6955.0,1138.0,107.0,241.0,0.298755,0.379121,0.0,1,0.153526970954357,0.16597510373444,16.0,4.0,20.0,3.0,5.075
22000066,2020-12-31,KNICKS at RAPTORS,385865.0,2236.0,653.0,101.0,183.0,0.327869,0.51462,0.0,1,0.169398907103825,,7.0,2.0,9.0,17.0,6.0
22000067,2020-12-31,PELICANS at THUNDER,706168.0,4205.0,547.0,98.0,193.0,0.435233,0.491228,1.0,1,0.0880829015544041,0.077720207253886,6.0,0.0,6.0,33.0,3.4
22000068,2020-12-31,SUNS at JAZZ,492405.0,3129.0,598.0,97.5,201.0,0.432836,0.39881,0.0,5,0.0995024875621891,0.149253731343284,,,,11.0,4.175
22000069,2021-01-01,GRIZZLIES at HORNETS,513347.0,3306.0,702.0,100.5,201.0,0.343284,0.397727,0.0,0,0.109452736318408,0.124378109452736,9.0,1.0,10.0,15.0,3.2750000000000000
22000070,2021-01-01,CELTICS at PISTONS,495832.0,2850.0,605.0,103.0,189.0,0.301587,0.380117,0.0,2,0.105820105820106,,5.0,1.0,6.0,3.0,4.475
22000071,2021-01-01,HEAT at MAVERICKS,703152.0,3948.0,534.0,98.0,176.0,0.323864,0.448718,0.0,1,0.198863636363636,0.159090909090909,8.0,1.0,9.0,10.0,5.05
22000072,2021-01-01,HAWKS at NETS,1256493.0,9274.0,1858.0,99.5,210.0,0.328571,0.424581,1.0,2,0.147619047619048,0.0714285714285714,11.0,2.0,13.0,18.0,4.950000000000000
22000073,2021-01-01,BULLS at BUCKS,351900.0,1786.0,245.0,110.0,222.0,0.378378,0.412791,0.0,2,0.153153153153153,0.216216216216216,6.0,4.0,10.0,30.0,4.950000000000000
22000074,2021-01-01,WIZARDS at TIMBERWOLVES,452132.0,2020.0,553.0,104.5,239.0,0.364017,0.389831,0.0,1,0.117154811715481,0.125523012552301,9.0,0.0,9.0,21.0,3.75
22000075,2021-01-01,LAKERS at SPURS,1915002.0,14229.0,1727.0,101.0,212.0,0.382075,0.360215,0.0,2,0.14622641509434,,5.0,2.0,7.0,6.0,5.35
22000077,2021-01-01,CLIPPERS at JAZZ,747703.0,4062.0,705.0,91.5,206.0,0.407767,0.431034,0.0,5,0.145631067961165,0.0970873786407767,11.0,0.0,11.0,6.0,4.575
22000076,2021-01-01,SUNS at NUGGETS,671363.0,4238.0,835.0,93.0,209.0,0.358852,0.395062,1.0,3,0.15311004784689,0.0861244019138756,7.0,0.0,7.0,3.0,4.4
22000078,2021-01-01,TRAIL BLAZERS at WARRIORS,1491874.0,9862.0,3348.0,103.0,221.0,0.366516,0.45614,0.0,2,0.235294117647059,0.126696832579186,9.0,8.0,17.0,25.0,6.525
22000079,2021-01-02,KINGS at ROCKETS,691735.0,4576.0,809.0,97.5,196.0,0.336735,0.403509,0.0,0,0.163265306122449,0.0969387755102041,6.0,3.0,9.0,8.0,5.075
22000081,2021-01-02,THUNDER at MAGIC,324840.0,1629.0,254.0,100.0,207.0,0.333333,0.407216,0.0,1,0.135265700483092,0.0917874396135266,1.0,0.0,1.0,9.0,3.525
22000080,2021-01-02,KNICKS at PACERS,320530.0,2124.0,525.0,93.5,208.0,0.447115,0.461078,0.0,2,0.120192307692308,0.105769230769231,7.0,10.0,17.0,4.0,5.45
22000082,2021-01-02,HORNETS at 76ERS,888406.0,6132.0,975.0,103.5,239.0,0.364017,0.409357,1.0,2,0.167364016736402,0.209205020920502,7.0,1.0,8.0,15.0,4.125
22000083,2021-01-02,CAVALIERS at HAWKS,463444.0,2800.0,592.0,96.5,187.0,0.28877,0.346591,1.0,0,0.122994652406417,0.0320855614973262,,,,5.0,4.325000000000000
22000084,2021-01-02,RAPTORS at PELICANS,763701.0,4460.0,1424.0,99.5,236.0,0.355932,0.494253,0.0,1,0.26271186440678,0.127118644067797,8.0,2.0,10.0,4.0,3.9
22000085,2021-01-03,CELTICS at PISTONS,633084.0,3618.0,725.0,95.0,242.0,0.384298,0.398844,1.0,2,0.128099173553719,0.0619834710743802,4.0,5.0,9.0,2.0,4.475
22000087,2021-01-03,LAKERS at GRIZZLIES,1742240.0,12553.0,1551.0,95.0,202.0,0.311881,0.369565,1.0,2,0.103960396039604,0.143564356435644,5.0,1.0,6.0,14.0,5.1
22000086,2021-01-03,WIZARDS at NETS,1440284.0,11019.0,3059.0,108.5,245.0,0.318367,0.351351,0.0,3,0.216326530612245,,12.0,5.0,17.0,1.0,4.925
22000088,2021-01-03,NUGGETS at TIMBERWOLVES,307532.0,1802.0,335.0,97.0,233.0,0.373391,0.429379,0.0,1,0.111587982832618,0.0772532188841202,7.0,0.0,7.0,15.0,3.725
22000089,2021-01-03,JAZZ at SPURS,373991.0,1925.0,328.0,106.5,239.0,0.338912,0.309278,1.0,3,0.108786610878661,0.150627615062762,7.0,1.0,8.0,21.0,3.725
22000091,2021-01-03,CLIPPERS at SUNS,841415.0,5166.0,954.0,93.0,219.0,0.369863,0.392405,0.0,4,0.17351598173516,0.0730593607305936,1.0,5.0,6.0,5.0,5.0
22000090,2021-01-03,MAVERICKS at BULLS,475789.0,2307.0,414.0,101.5,226.0,0.318584,0.454023,0.0,1,0.20353982300885,0.0663716814159292,,,,10.0,5.4
22000092,2021-01-03,TRAIL BLAZERS at WARRIORS,2441167.0,30728.0,5119.0,107.0,259.0,0.312741,0.413978,1.0,2,0.200772200772201,0.0965250965250965,,,,15.0,6.525
22000093,2021-01-04,CAVALIERS at MAGIC,289521.0,1625.0,342.0,94.0,186.0,0.403226,0.358382,0.0,1,0.102150537634409,0.21505376344086,8.0,4.0,12.0,20.0,3.9500000000000000
22000094,2021-01-04,HORNETS at 76ERS,698884.0,4641.0,674.0,103.0,219.0,0.328767,0.392265,0.0,2,0.141552511415525,0.19634703196347,8.0,1.0,9.0,17.0,4.125
22000096,2021-01-04,THUNDER at HEAT,495148.0,3243.0,445.0,100.5,208.0,0.418269,0.5125,1.0,0,0.139423076923077,0.120192307692308,12.0,1.0,13.0,28.0,4.3
22000095,2021-01-04,KNICKS at HAWKS,417091.0,3144.0,920.0,99.0,221.0,0.230769,0.302326,1.0,1,0.171945701357466,0.0588235294117647,17.0,0.0,17.0,5.0,5.9
22000097,2021-01-04,CELTICS at RAPTORS,552090.0,3343.0,1047.0,104.5,240.0,0.35,0.37931,0.0,2,0.241666666666667,0.141666666666667,7.0,2.0,9.0,12.0,5.0
22000099,2021-01-04,PISTONS at BUCKS,463762.0,2275.0,261.0,102.5,240.0,0.3875,0.404372,0.0,1,0.104166666666667,0.116666666666667,9.0,6.0,15.0,10.0,3.775
22000098,2021-01-04,MAVERICKS at ROCKETS,1258036.0,7669.0,1003.0,95.0,213.0,0.380282,0.496855,0.0,2,0.225352112676056,0.0610328638497653,12.0,9.0,21.0,13.0,5.35
22000100,2021-01-04,PACERS at PELICANS,630070.0,3632.0,948.0,97.81,234.0,0.358974,0.371134,0.0,2,0.11965811965812,0.047008547008547,7.0,2.0,9.0,2.0,3.3500000000000000
22000101,2021-01-04,KINGS at WARRIORS,1671025.0,15549.0,1936.0,109.5,243.0,0.407407,0.417112,1.0,1,0.164609053497942,0.164609053497942,12.0,14.0,26.0,31.0,6.925000000000000
22000102,2021-01-05,UTAH JAZZ at BROOKLYN NETS,1367048.0,8601.0,1332.0,102.0,226.0,0.331858,0.391061,0.0,4,0.13716814159292,0.106194690265487,6.0,0.0,6.0,34.0,4.675
22000103,2021-01-05,LOS ANGELES LAKERS at MEMPHIS GRIZZLIES,1897930.0,13648.0,1664.0,96.0,186.0,0.306452,0.327586,1.0,2,0.102150537634409,0.118279569892473,6.0,0.0,6.0,2.0,5.1
22000104,2021-01-05,MINNESOTA TIMBERWOLVES at DENVER NUGGETS,340697.0,2231.0,534.0,105.5,239.0,0.238494,0.347059,0.0,1,0.225941422594142,0.0669456066945607,,,,7.0,3.725
22000105,2021-01-05,SAN ANTONIO SPURS at LA CLIPPERS,740605.0,4945.0,1186.0,98.0,229.0,0.458515,0.412088,0.0,1,0.0873362445414847,0.148471615720524,7.0,4.0,11.0,3.0,4.550000000000000
22000106,2021-01-05,CHICAGO BULLS at PORTLAND TRAIL BLAZERS,408141.0,3298.0,779.0,100.5,219.0,0.479452,0.497297,1.0,2,0.118721461187215,0.127853881278539,5.0,2.0,7.0,3.0,4.725
22000108,2021-01-06,CAVALIERS at MAGIC,218374.0,1367.0,205.0,94.5,199.0,0.241206,0.331325,0.0,1,0.155778894472362,0.0804020100502513,9.0,0.0,9.0,11.0,3.9500000000000000
22000107,2021-01-06,ROCKETS at PACERS,428041.0,2348.0,496.0,100.5,221.0,0.230769,0.311765,1.0,2,0.190045248868778,,2.0,3.0,5.0,7.0,4.55
22000109,2021-01-06,WIZARDS at 76ERS,537800.0,3821.0,928.0,110.0,277.0,0.368231,0.377143,0.0,3,0.176895306859206,0.169675090252708,,,,5.0,4.575
22000110,2021-01-06,HORNETS at HAWKS,507573.0,3528.0,552.0,102.0,196.0,0.27551,0.41989,0.0,0,0.214285714285714,0.122448979591837,7.0,0.0,7.0,8.0,3.825
22000112,2021-01-06,JAZZ at KNICKS,407406.0,3493.0,987.0,97.5,212.0,0.311321,0.370787,1.0,4,0.0943396226415094,0.160377358490566,11.0,1.0,12.0,12.0,5.625
22000111,2021-01-06,CELTICS at HEAT,853248.0,6005.0,1009.0,94.5,212.0,0.353774,0.394444,1.0,2,0.155660377358491,0.0518867924528302,10.0,1.0,11.0,2.0,5.3
22000114,2021-01-06,THUNDER at PELICANS,441808.0,2928.0,663.0,103.0,221.0,0.312217,0.386364,1.0,1,0.135746606334842,,6.0,1.0,7.0,1.0,3.4
22000113,2021-01-06,PISTONS at BUCKS,297690.0,1487.0,381.0,103.0,245.0,0.391837,0.449198,0.0,1,0.159183673469388,0.118367346938776,9.0,2.0,11.0,15.0,3.775
22000115,2021-01-06,RAPTORS at SUNS,472246.0,2951.0,771.0,97.0,238.0,0.441176,0.462963,1.0,2,0.189075630252101,0.159663865546218,4.0,1.0,5.0,8.0,4.55
22000117,2021-01-06,BULLS at KINGS,429061.0,1660.0,359.0,99.5,252.0,0.333333,0.418478,1.0,1,0.126984126984127,0.0595238095238095,10.0,0.0,10.0,4.0,5.125
22000116,2021-01-06,CLIPPERS at WARRIORS,2396240.0,16579.0,2433.0,98.5,209.0,0.272727,0.383234,0.0,3,0.191387559808612,0.0717703349282297,10.0,3.0,13.0,7.0,7.4
22000118,2021-01-07,76ERS at NETS,813107.0,5172.0,1134.0,110.0,231.0,0.311688,0.342391,1.0,2,0.16017316017316,0.19047619047619,8.0,0.0,8.0,13.0,5.25
22000119,2021-01-07,CAVALIERS at GRIZZLIES,394555.0,1932.0,313.0,93.5,184.0,0.391304,0.376543,0.0,0,0.0869565217391304,0.125,12.0,0.0,12.0,4.0,3.775
22000121,2021-01-07,SPURS at LAKERS,1539856.0,10781.0,1980.0,99.5,227.0,0.343612,0.365169,0.0,2,0.127753303964758,0.0837004405286344,9.0,2.0,11.0,9.0,5.35
22000122,2021-01-07,TIMBERWOLVES at TRAIL BLAZERS,384789.0,2190.0,286.0,108.0,252.0,0.380952,0.448087,0.0,1,0.174603174603175,0.19047619047619,8.0,5.0,13.0,18.0,3.45
22000120,2021-01-07,MAVERICKS at NUGGETS,637680.0,4846.0,843.0,97.81,241.0,0.385892,0.456522,0.0,2,0.16597510373444,0.0663900414937759,6.0,3.0,9.0,7.0,4.6
22000123,2021-01-08,SUNS at PISTONS,299107.0,1986.0,547.0,97.81,215.0,0.390698,0.475138,1.0,2,0.144186046511628,0.102325581395349,6.0,2.0,8.0,5.0,4.025
22000125,2021-01-08,THUNDER at KNICKS,283985.0,1559.0,278.0,96.0,190.0,0.315789,0.333333,1.0,1,0.136842105263158,0.0631578947368421,8.0,1.0,9.0,12.0,5.5
22000124,2021-01-08,WIZARDS at CELTICS,576884.0,3173.0,677.0,106.0,223.0,0.309417,0.350575,1.0,3,0.161434977578475,0.116591928251121,8.0,1.0,9.0,9.0,4.875
22000126,2021-01-08,HORNETS at PELICANS,1722389.0,13264.0,1697.0,97.0,228.0,0.407895,0.487805,0.0,1,0.171052631578947,0.100877192982456,11.0,2.0,13.0,8.0,3.325
22000127,2021-01-08,MAGIC at ROCKETS,434832.0,2504.0,362.0,96.5,222.0,0.405405,0.422222,0.0,2,0.0990990990990991,0.108108108108108,12.0,0.0,12.0,42.0,4.625
22000129,2021-01-08,JAZZ at BUCKS,505219.0,2843.0,490.0,103.0,249.0,0.457831,0.487179,0.0,4,0.100401606425703,0.132530120481928,,,,13.0,3.925
22000128,2021-01-08,NETS at GRIZZLIES,348197.0,1564.0,257.0,104.0,225.0,0.36,0.351955,0.0,0,0.142222222222222,0.168888888888889,5.0,1.0,6.0,5.0,4.4
22000132,2021-01-08,RAPTORS at KINGS,505391.0,2419.0,768.0,100.5,267.0,0.393258,0.424419,0.0,0,0.127340823970037,0.161048689138577,12.0,0.0,12.0,21.0,4.475
22000131,2021-01-08,BULLS at LAKERS,2114009.0,15928.0,1869.0,98.0,232.0,0.284483,0.319767,0.0,2,0.155172413793103,,5.0,0.0,5.0,2.0,6.4
22000130,2021-01-08,CLIPPERS at WARRIORS,2994560.0,32560.0,6304.0,96.5,220.0,0.463636,0.436364,0.0,3,0.118181818181818,0.154545454545455,6.0,6.0,12.0,10.0,7.4
22000133,2021-01-09,NUGGETS at 76ERS,477449.0,2843.0,541.0,98.0,218.0,0.316514,0.352332,1.0,1,0.0871559633027523,0.160550458715596,6.0,5.0,11.0,12.0,4.550000000000000
22000135,2021-01-09,SUNS at PACERS,399701.0,2582.0,517.0,98.5,242.0,0.347107,0.376344,0.0,3,0.140495867768595,0.0743801652892562,6.0,8.0,14.0,8.0,4.0
22000134,2021-01-09,HAWKS at HORNETS,1158866.0,10436.0,1944.0,96.5,218.0,0.399083,0.46988,0.0,0,0.188073394495413,0.123853211009174,,,,8.0,3.825
22000136,2021-01-09,HEAT at WIZARDS,439179.0,2706.0,444.0,110.5,252.0,0.369048,0.432292,0.0,0,0.162698412698413,0.0436507936507937,3.0,14.0,17.0,4.0,4.675
22000137,2021-01-09,CAVALIERS at BUCKS,239494.0,1250.0,160.0,94.5,190.0,0.3,0.362573,0.0,0,0.131578947368421,0.0421052631578947,3.0,3.0,6.0,10.0,4.225
22000138,2021-01-09,SPURS at TIMBERWOLVES,299777.0,2099.0,434.0,98.26,247.0,0.340081,0.314721,0.0,0,0.1417004048583,0.097165991902834,7.0,2.0,9.0,3.0,3.475
22000139,2021-01-09,MAGIC at MAVERICKS,319160.0,2011.0,492.0,98.5,210.0,0.371429,0.422619,0.0,2,0.142857142857143,0.0952380952380952,6.0,1.0,7.0,14.0,4.275
22000140,2021-01-09,TRAIL BLAZERS at KINGS,287827.0,1718.0,274.0,106.5,224.0,0.334821,0.392265,0.0,1,0.200892857142857,0.138392857142857,7.0,0.0,7.0,26.0,4.05
22000141,2021-01-10,JAZZ at PISTONS,344876.0,1744.0,290.0,92.0,182.0,0.346154,0.455621,1.0,3,0.181318681318681,0.0494505494505495,6.0,0.0,6.0,10.0,3.6
22000142,2021-01-10,BULLS at CLIPPERS,660630.0,4356.0,822.0,102.0,257.0,0.44358,0.420118,0.0,3,0.136186770428016,0.0778210116731518,6.0,4.0,10.0,3.0,5.6
22000144,2021-01-10,NUGGETS at KNICKS,397510.0,1661.0,274.0,91.5,203.0,0.310345,0.35443,0.0,2,0.137931034482759,0.0541871921182266,10.0,0.0,10.0,25.0,5.85
22000143,2021-01-10,THUNDER at NETS,1179881.0,6521.0,1207.0,104.0,245.0,0.306122,0.417143,1.0,1,0.146938775510204,0.122448979591837,16.0,1.0,17.0,13.0,4.55
22000146,2021-01-10,LAKERS at ROCKETS,2862107.0,22360.0,2858.0,105.5,222.0,0.297297,0.38674,0.0,3,0.153153153153153,0.175675675675676,7.0,1.0,8.0,18.0,6.35
22000147,2021-01-10,SPURS at TIMBERWOLVES,322710.0,1708.0,286.0,98.5,184.0,0.277174,0.32,0.0,0,0.146739130434783,0.0217391304347826,5.0,0.0,5.0,8.0,3.475
22000148,2021-01-10,RAPTORS at WARRIORS,1403592.0,12121.0,2227.0,100.0,211.0,0.369668,0.444444,1.0,1,0.146919431279621,,10.0,8.0,18.0,1.0,6.95
22000151,2021-01-11,BUCKS at MAGIC,369189.0,2283.0,344.0,99.0,220.0,0.327273,0.362637,1.0,2,0.118181818181818,,7.0,1.0,8.0,22.0,3.8250000000000000
22000149,2021-01-11,KNICKS at HORNETS,751176.0,5591.0,1052.0,90.5,197.0,0.335025,0.418182,0.0,1,0.157360406091371,0.0964467005076142,11.0,0.0,11.0,21.0,5.425
22000152,2021-01-11,SUNS at WIZARDS,375913.0,2386.0,587.0,96.0,235.0,0.242553,0.340782,0.0,3,0.178723404255319,0.0425531914893617,2.0,7.0,9.0,21.0,4.425
22000150,2021-01-11,GRIZZLIES at CAVALIERS,219501.0,993.0,123.0,96.0,192.0,0.25,0.2875,0.0,0,0.114583333333333,0.114583333333333,11.0,1.0,12.0,10.0,3.775
22000153,2021-01-11,76ERS at HAWKS,449153.0,2352.0,432.0,100.0,206.0,0.364078,0.418848,1.0,1,0.160194174757282,0.111650485436893,6.0,1.0,7.0,18.0,4.6
22000155,2021-01-11,RAPTORS at TRAIL BLAZERS,527532.0,3645.0,1202.0,97.0,223.0,0.443946,0.517442,0.0,1,0.152466367713004,,5.0,2.0,7.0,1.0,4.075
22000156,2021-01-11,PACERS at KINGS,233947.0,1338.0,321.0,104.5,249.0,0.337349,0.392265,1.0,1,0.132530120481928,0.132530120481928,11.0,3.0,14.0,5.0,3.925
22000159,2021-01-12,JAZZ at CAVALIERS,380826.0,1933.0,318.0,96.5,204.0,0.470588,0.436782,1.0,3,0.0882352941176471,0.122549019607843,6.0,7.0,13.0,30.0,4.05
22000157,2021-01-12,HEAT at 76ERS,757525.0,5025.0,1426.0,105.51,271.0,0.420664,0.538835,0.0,2,0.136531365313653,0.0996309963099631,9.0,7.0,16.0,3.0,5.0
22000158,2021-01-12,NUGGETS at NETS,1170439.0,7745.0,1149.0,97.0,238.0,0.428571,0.413174,0.0,2,0.0840336134453782,0.092436974789916,5.0,1.0,6.0,6.0,4.9
22000161,2021-01-12,LAKERS at ROCKETS,2249332.0,17627.0,2799.0,104.0,217.0,0.359447,0.39779,0.0,3,0.142857142857143,0.124423963133641,9.0,1.0,10.0,17.0,6.35
22000162,2021-01-12,SPURS at THUNDER,319459.0,1674.0,320.0,101.0,214.0,0.238318,0.342697,0.0,0,0.200934579439252,0.0373831775700935,3.0,0.0,3.0,10.0,3.6
22000163,2021-01-12,PACERS at WARRIORS,1110620.0,8854.0,1146.0,101.5,199.0,0.331658,0.372881,0.0,2,0.155778894472362,0.155778894472362,5.0,6.0,11.0,9.0,6.4
22000164,2021-01-13,MAVERICKS at HORNETS,742671.0,5168.0,754.0,97.0,197.0,0.380711,0.428571,0.0,1,0.0812182741116751,0.16243654822335,9.0,4.0,13.0,11.0,4.175
22000165,2021-01-13,BUCKS at PISTONS,356304.0,1611.0,269.0,97.0,211.0,0.469194,0.440678,0.0,1,0.113744075829384,0.0805687203791469,4.0,1.0,5.0,9.0,3.775
22000168,2021-01-13,NETS at KNICKS,1066778.0,5508.0,965.0,92.5,225.0,0.36,0.371585,1.0,2,0.0977777777777778,0.0266666666666667,9.0,1.0,10.0,7.0,6.55
22000170,2021-01-13,LAKERS at THUNDER,1815785.0,13782.0,1149.0,98.5,227.0,0.356828,0.375691,0.0,2,0.140969162995595,0.105726872246696,10.0,1.0,11.0,29.0,5.25
22000169,2021-01-13,GRIZZLIES at TIMBERWOLVES,236698.0,1039.0,273.0,101.5,225.0,0.226667,0.316327,0.0,0,0.133333333333333,0.173333333333333,6.0,0.0,6.0,11.0,3.225
22000172,2021-01-13,PELICANS at CLIPPERS,619545.0,3446.0,533.0,93.0,217.0,0.387097,0.401235,0.0,2,0.161290322580645,0.0691244239631337,7.0,2.0,9.0,5.0,4.35
22000174,2021-01-14,HEAT at 76ERS,616134.0,3673.0,692.0,106.0,233.0,0.373391,0.435583,1.0,2,0.15450643776824,0.197424892703863,15.0,6.0,21.0,17.0,5.0
22000175,2021-01-14,HORNETS at RAPTORS,780850.0,5029.0,1011.0,97.5,219.0,0.479452,0.485714,1.0,0,0.091324200913242,0.17351598173516,9.0,2.0,11.0,3.0,3.925
22000176,2021-01-14,ROCKETS at SPURS,489904.0,2942.0,849.0,99.0,214.0,0.308411,0.359551,0.0,0,0.11214953271028,0.126168224299065,8.0,0.0,8.0,4.0,4.7
22000178,2021-01-14,PACERS at TRAIL BLAZERS,384685.0,1953.0,426.0,96.0,198.0,0.333333,0.407821,1.0,2,0.121212121212121,0.131313131313131,3.0,4.0,7.0,24.0,3.525
22000177,2021-01-14,WARRIORS at NUGGETS,1255175.0,8177.0,1499.0,105.5,218.0,0.302752,0.385965,1.0,2,0.174311926605505,0.155963302752294,9.0,1.0,10.0,10.0,6.800000000000000
22000180,2021-01-15,MAGIC at CELTICS,369034.0,2690.0,447.0,98.5,221.0,0.325792,0.384615,0.0,2,0.14027149321267,0.0950226244343891,6.0,8.0,14.0,27.0,4.525
22000181,2021-01-15,KNICKS at CAVALIERS,359990.0,1812.0,389.0,94.5,209.0,0.258373,0.322981,0.0,1,0.186602870813397,0.148325358851675,13.0,0.0,13.0,3.0,5.925
22000182,2021-01-15,MAVERICKS at BUCKS,718679.0,4145.0,782.0,99.0,221.0,0.366516,0.378238,0.0,2,0.081447963800905,0.108597285067873,5.0,2.0,7.0,3.0,4.55
22000184,2021-01-15,BULLS at THUNDER,341461.0,1942.0,534.0,105.06,252.0,0.428571,0.464286,1.0,1,0.134920634920635,0.0357142857142857,7.0,1.0,8.0,2.0,4.65
22000186,2021-01-15,HAWKS at JAZZ,403841.0,1829.0,360.0,102.5,208.0,0.360577,0.391304,0.0,3,0.100961538461538,,10.0,2.0,12.0,24.0,4.025
22000188,2021-01-15,CLIPPERS at KINGS,735368.0,3215.0,678.0,97.0,238.0,0.327731,0.350575,1.0,2,0.117647058823529,0.117647058823529,11.0,1.0,12.0,38.0,4.925000000000000
22000187,2021-01-15,PELICANS at LAKERS,2848506.0,20427.0,2526.0,96.0,207.0,0.347826,0.368715,1.0,3,0.111111111111111,0.106280193236715,11.0,0.0,11.0,17.0,5.15
22000189,2021-01-16,ROCKETS at SPURS,693366.0,3066.0,569.0,102.0,194.0,0.262887,0.304348,0.0,0,0.180412371134021,0.149484536082474,4.0,3.0,7.0,12.0,4.7
22000190,2021-01-16,MAGIC at NETS,3194840.0,28535.0,5352.0,103.0,237.0,0.379747,0.468208,0.0,2,0.147679324894515,0.156118143459916,5.0,0.0,5.0,7.0,4.575000000000000
22000191,2021-01-16,HORNETS at RAPTORS,532103.0,3547.0,773.0,102.0,229.0,0.471616,0.491329,0.0,0,0.196506550218341,0.0698689956331878,7.0,5.0,12.0,3.0,3.925
22000193,2021-01-16,76ERS at GRIZZLIES,457140.0,2567.0,487.0,103.0,210.0,0.214286,0.295082,0.0,1,0.166666666666667,0.161904761904762,9.0,0.0,9.0,2.0,4.050000000000000
22000192,2021-01-16,PISTONS at HEAT,463972.0,2473.0,535.0,96.5,220.0,0.409091,0.474684,1.0,0,0.154545454545455,0.0954545454545455,,,,20.0,4.275
22000195,2021-01-16,HAWKS at TRAIL BLAZERS,435439.0,2781.0,352.0,103.0,218.0,0.288991,0.389474,0.0,1,0.188073394495413,0.123853211009174,5.0,4.0,9.0,6.0,3.9750000000000000
22000196,2021-01-17,KNICKS at CELTICS,491721.0,3063.0,1027.0,98.0,180.0,0.316667,0.469512,0.0,2,0.194444444444444,0.1,14.0,2.0,16.0,30.0,6.5
22000198,2021-01-17,BULLS at MAVERICKS,552887.0,3244.0,733.0,105.5,218.0,0.206422,0.314607,1.0,2,0.160550458715596,0.155963302752294,7.0,2.0,9.0,16.0,5.4
22000200,2021-01-17,JAZZ at NUGGETS,537901.0,3415.0,611.0,93.0,214.0,0.406542,0.420455,0.0,4,0.126168224299065,0.0841121495327103,11.0,3.0,14.0,4.0,3.975
22000201,2021-01-17,PELICANS at KINGS,494061.0,3269.0,424.0,100.5,251.0,0.286853,0.346591,1.0,1,0.171314741035857,0.119521912350598,12.0,0.0,12.0,5.0,3.875
22000202,2021-01-17,PACERS at CLIPPERS,554758.0,3446.0,632.0,104.0,225.0,0.4,0.4375,0.0,3,0.111111111111111,0.115555555555556,10.0,2.0,12.0,33.0,4.4
22000203,2021-01-18,MAGIC at KNICKS,271653.0,1714.0,595.0,96.5,175.0,0.291429,0.375723,0.0,2,0.217142857142857,0.102857142857143,5.0,1.0,6.0,7.0,5.525
22000205,2021-01-18,TIMBERWOLVES at HAWKS,320198.0,1726.0,227.0,105.0,205.0,0.365854,0.382353,1.0,0,0.165853658536585,0.126829268292683,12.0,0.0,12.0,11.0,3.775
22000207,2021-01-18,SPURS at TRAIL BLAZERS,437446.0,2397.0,413.0,98.0,229.0,0.327511,0.377778,0.0,1,0.131004366812227,0.117903930131004,3.0,2.0,5.0,21.0,3.675
22000208,2021-01-18,SUNS at GRIZZLIES,539181.0,2839.0,319.0,98.5,212.0,0.367925,0.362573,0.0,2,0.113207547169811,0.0849056603773585,9.0,0.0,9.0,4.0,3.9
22000210,2021-01-18,MAVERICKS at RAPTORS,725926.0,3681.0,646.0,99.5,209.0,0.301435,0.405882,1.0,1,0.181818181818182,0.0191387559808612,9.0,1.0,10.0,23.0,4.75
22000209,2021-01-18,BUCKS at NETS,2860974.0,23619.0,5083.0,105.5,248.0,0.314516,0.365079,1.0,2,0.153225806451613,,12.0,0.0,12.0,2.0,4.85
22000211,2021-01-18,ROCKETS at BULLS,700406.0,4133.0,612.0,107.0,245.0,0.453061,0.472222,0.0,1,0.122448979591837,0.118367346938776,6.0,2.0,8.0,5.0,5.75
22000206,2021-01-18,PISTONS at HEAT,687097.0,2571.0,343.0,96.5,220.0,0.340909,0.426752,0.0,0,0.15,0.0909090909090909,9.0,1.0,10.0,6.0,4.275
22000212,2021-01-18,WARRIORS at LAKERS,4896553.0,48581.0,10373.0,102.5,228.0,0.276316,0.388235,1.0,3,0.171052631578947,,13.0,2.0,15.0,2.0,8.2
22000213,2021-01-19,THUNDER at NUGGETS,407881.0,1985.0,351.0,104.0,220.0,0.381818,0.445026,0.0,1,0.127272727272727,0.109090909090909,8.0,0.0,8.0,18.0,3.85
22000214,2021-01-19,PELICANS at JAZZ,856989.0,4436.0,766.0,97.0,220.0,0.368182,0.405556,0.0,4,0.0954545454545455,0.122727272727273,15.0,3.0,18.0,16.0,3.525
22000217,2021-01-20,MAVERICKS at PACERS,429124.0,2279.0,341.0,102.0,236.0,0.305085,0.349206,0.0,2,0.11864406779661,0.114406779661017,9.0,8.0,17.0,12.0,4.2
22000218,2021-01-20,CELTICS at 76ERS,778001.0,3968.0,1148.0,98.0,226.0,0.278761,0.359281,0.0,3,0.216814159292035,0.185840707964602,8.0,1.0,9.0,8.0,5.2
22000216,2021-01-20,NETS at CAVALIERS,2967484.0,27062.0,6872.0,99.72,282.0,0.37234,0.376744,0.0,2,0.138297872340426,,13.0,6.0,19.0,12.0,4.975
22000220,2021-01-20,HEAT at RAPTORS,379550.0,2282.0,451.0,96.0,213.0,0.478873,0.529762,1.0,0,0.145539906103286,0.107981220657277,9.0,2.0,11.0,9.0,4.8
22000219,2021-01-20,PISTONS at HAWKS,253345.0,1562.0,313.0,97.36,238.0,0.239496,0.274112,1.0,0,0.180672268907563,0.0966386554621849,11.0,2.0,13.0,8.0,3.875
22000221,2021-01-20,MAGIC at TIMBERWOLVES,288162.0,1985.0,432.0,95.5,193.0,0.388601,0.372881,0.0,1,0.124352331606218,,7.0,0.0,7.0,1.0,3.4
22000222,2021-01-20,SUNS at ROCKETS,424036.0,2076.0,429.0,105.0,212.0,0.254717,0.367232,0.0,2,0.169811320754717,0.0943396226415094,12.0,3.0,15.0,6.0,5.15
22000224,2021-01-20,KINGS at CLIPPERS,677416.0,3609.0,607.0,103.0,211.0,0.412322,0.366279,0.0,2,0.104265402843602,0.146919431279621,9.0,0.0,9.0,19.0,4.925000000000000
22000223,2021-01-20,SPURS at WARRIORS,2187654.0,19382.0,2243.0,103.5,220.0,0.259091,0.383784,0.0,1,0.177272727272727,0.154545454545455,12.0,5.0,17.0,22.0,6.550000000000000
22000226,2021-01-21,LAKERS at BUCKS,2535306.0,19681.0,3119.0,100.0,219.0,0.383562,0.371429,0.0,3,0.0958904109589041,,10.0,6.0,16.0,7.0,5.55
22000228,2021-01-21,KNICKS at WARRIORS,1162327.0,9311.0,1891.0,100.0,223.0,0.269058,0.369048,1.0,2,0.273542600896861,0.116591928251121,16.0,6.0,22.0,15.0,8.45
22000227,2021-01-21,PELICANS at JAZZ,426402.0,2589.0,511.0,104.0,247.0,0.340081,0.369942,1.0,4,0.190283400809717,0.125506072874494,,,,11.0,3.525
22000229,2021-01-22,BULLS at HORNETS,397348.0,2648.0,660.0,102.0,233.0,0.283262,0.414365,1.0,1,0.124463519313305,0.128755364806867,7.0,0.0,7.0,13.0,4.575
22000230,2021-01-22,ROCKETS at PISTONS,237765.0,1296.0,327.0,100.0,205.0,0.42439,0.412429,0.0,0,0.195121951219512,,,,,1.0,4.575
22000231,2021-01-22,MAGIC at PACERS,203858.0,1001.0,240.0,93.28,238.0,0.365546,0.379679,0.0,2,0.130252100840336,,1.0,8.0,9.0,2.0,3.4750000000000000
22000234,2021-01-22,HEAT at RAPTORS,466387.0,2298.0,632.0,96.0,182.0,0.395604,0.440994,0.0,0,0.0769230769230769,0.148351648351648,10.0,1.0,11.0,20.0,4.8
22000232,2021-01-22,NETS at CAVALIERS,1651003.0,12832.0,4203.0,99.5,238.0,0.277311,0.390805,0.0,1,0.176470588235294,0.126050420168067,15.0,7.0,22.0,12.0,4.975
22000233,2021-01-22,CELTICS at 76ERS,408979.0,2650.0,735.0,99.0,232.0,0.310345,0.339181,0.0,3,0.155172413793103,0.185344827586207,8.0,1.0,9.0,12.0,5.2
22000236,2021-01-22,HAWKS at TIMBERWOLVES,212999.0,1326.0,283.0,100.0,214.0,0.32243,0.380682,1.0,0,0.163551401869159,0.088785046728972,,,,18.0,3.775
22000237,2021-01-22,MAVERICKS at SPURS,323221.0,2084.0,413.0,101.5,239.0,0.32636,0.368132,0.0,1,0.171548117154812,0.104602510460251,7.0,3.0,10.0,5.0,4.35
22000239,2021-01-22,THUNDER at CLIPPERS,395205.0,2704.0,771.0,99.0,226.0,0.318584,0.438596,1.0,2,0.150442477876106,0.0663716814159292,9.0,1.0,10.0,14.0,4.45
22000241,2021-01-22,KNICKS at KINGS,235987.0,1032.0,229.0,95.5,197.0,0.258883,0.302703,1.0,1,0.16243654822335,0.0761421319796954,,,,9.0,5.975
22000238,2021-01-22,NUGGETS at SUNS,454156.0,2584.0,497.0,96.91,256.0,0.269531,0.35533,1.0,3,0.12890625,0.1328125,11.0,0.0,11.0,4.0,4.4
22000246,2021-01-23,PELICANS at TIMBERWOLVES,475841.0,2468.0,674.0,108.0,230.0,0.286957,0.376404,0.0,1,0.217391304347826,0.0782608695652174,10.0,0.0,10.0,10.0,3.275
22000244,2021-01-23,HEAT at NETS,1703324.0,11704.0,2457.0,104.5,252.0,0.380952,0.482558,1.0,2,0.19047619047619,0.0714285714285714,8.0,0.0,8.0,4.0,5.35
22000243,2021-01-23,76ERS at PISTONS,339088.0,1824.0,413.0,104.0,224.0,0.294643,0.331361,1.0,2,0.232142857142857,0.0982142857142857,4.0,1.0,5.0,4.0,4.175000000000000
22000242,2021-01-23,WARRIORS at JAZZ,1119185.0,7037.0,1428.0,104.0,235.0,0.434043,0.475936,0.0,4,0.114893617021277,0.0765957446808511,7.0,5.0,12.0,19.0,6.575
22000247,2021-01-23,ROCKETS at MAVERICKS,688676.0,3561.0,614.0,100.0,241.0,0.261411,0.366864,0.0,1,0.215767634854772,0.112033195020747,11.0,5.0,16.0,25.0,5.35
22000245,2021-01-23,LAKERS at BULLS,1783485.0,11954.0,1188.0,104.5,191.0,0.188482,0.269939,0.0,3,0.214659685863874,0.146596858638743,13.0,1.0,14.0,11.0,6.4
22000248,2021-01-23,NUGGETS at SUNS,328085.0,1963.0,416.0,94.76,232.0,0.400862,0.447236,1.0,2,0.168103448275862,0.120689655172414,,,,8.0,4.4
22000249,2021-01-24,RAPTORS at PACERS,319129.0,2258.0,742.0,100.0,209.0,0.401914,0.418079,0.0,1,0.177033492822967,0.148325358851675,6.0,7.0,13.0,5.0,3.95
22000251,2021-01-24,THUNDER at CLIPPERS,433200.0,2515.0,642.0,99.0,208.0,0.302885,0.433155,0.0,2,0.100961538461538,0.100961538461538,,,,8.0,4.45
22000252,2021-01-24,HORNETS at MAGIC,519405.0,3505.0,496.0,96.0,211.0,0.440758,0.422857,0.0,1,0.0853080568720379,0.0805687203791469,5.0,1.0,6.0,3.0,3.45
22000250,2021-01-24,CAVALIERS at CELTICS,497436.0,3156.0,758.0,108.5,244.0,0.295082,0.342697,1.0,1,0.19672131147541,0.180327868852459,12.0,2.0,14.0,38.0,4.925
22000253,2021-01-24,WIZARDS at SPURS,286375.0,1827.0,433.0,102.0,222.0,0.391892,0.388298,0.0,1,0.0855855855855856,0.103603603603604,2.0,1.0,3.0,20.0,3.975
22000254,2021-01-24,HAWKS at BUCKS,363980.0,2101.0,255.0,98.5,244.0,0.295082,0.402299,1.0,1,0.147540983606557,,12.0,5.0,17.0,14.0,4.200000000000000
22000256,2021-01-24,KNICKS at TRAIL BLAZERS,364835.0,2479.0,508.0,96.5,229.0,0.379913,0.443787,0.0,2,0.192139737991266,0.0698689956331878,9.0,6.0,15.0,3.0,5.575
22000259,2021-01-25,HORNETS at MAGIC,263005.0,1472.0,270.0,103.5,225.0,0.4,0.423729,0.0,1,0.146666666666667,0.146666666666667,8.0,1.0,9.0,9.0,3.45
22000257,2021-01-25,76ERS at PISTONS,275072.0,1259.0,363.0,95.5,223.0,0.349776,0.402439,0.0,1,0.210762331838565,0.0852017937219731,3.0,1.0,4.0,15.0,4.175000000000000
22000258,2021-01-25,RAPTORS at PACERS,363047.0,1236.0,667.0,102.0,243.0,0.320988,0.391813,0.0,1,0.251028806584362,0.139917695473251,,,,15.0,3.95
22000260,2021-01-25,HEAT at NETS,1494611.0,9879.0,1386.0,94.5,183.0,0.360656,0.47929,0.0,2,0.169398907103825,0.0983606557377049,13.0,0.0,13.0,13.0,5.35
22000261,2021-01-25,LAKERS at CAVALIERS,2352479.0,20994.0,3364.0,97.5,223.0,0.255605,0.306358,0.0,2,0.179372197309417,0.130044843049327,11.0,4.0,15.0,7.0,5.675
22000265,2021-01-25,NUGGETS at MAVERICKS,395474.0,2360.0,596.0,97.0,230.0,0.33913,0.411043,1.0,2,0.182608695652174,0.143478260869565,9.0,1.0,10.0,4.0,4.6
22000262,2021-01-25,CELTICS at BULLS,400967.0,2654.0,388.0,100.5,222.0,0.432432,0.388571,0.0,3,0.0900900900900901,0.144144144144144,5.0,0.0,5.0,16.0,5.65
22000267,2021-01-25,THUNDER at TRAIL BLAZERS,344758.0,1967.0,476.0,99.5,247.0,0.388664,0.445055,1.0,1,0.149797570850202,0.0850202429149798,5.0,1.0,6.0,3.0,3.575
22000266,2021-01-25,TIMBERWOLVES at WARRIORS,1240146.0,10743.0,1057.0,104.5,238.0,0.277311,0.295082,0.0,1,0.210084033613445,0.142857142857143,,,,22.0,6.325
22000268,2021-01-26,CLIPPERS at HAWKS,686009.0,3950.0,827.0,98.0,207.0,0.26087,0.307692,0.0,0,0.207729468599034,0.115942028985507,7.0,1.0,8.0,9.0,4.85
22000269,2021-01-26,WIZARDS at ROCKETS,782570.0,4941.0,933.0,103.5,195.0,0.261538,0.364162,0.0,1,0.194871794871795,0.112820512820513,2.0,2.0,4.0,19.0,4.975
22000270,2021-01-26,KNICKS at JAZZ,362556.0,2161.0,465.0,92.0,202.0,0.371287,0.428571,0.0,4,0.153465346534653,0.0445544554455446,8.0,0.0,8.0,14.0,5.625
22000271,2021-01-27,PACERS at HORNETS,261352.0,1719.0,304.0,97.0,222.0,0.391892,0.438202,0.0,1,0.130630630630631,0.117117117117117,12.0,1.0,13.0,10.0,3.375
22000273,2021-01-27,KINGS at MAGIC,166354.0,986.0,185.0,98.5,228.0,0.315789,0.31383,0.0,1,0.149122807017544,0.0833333333333333,6.0,3.0,9.0,14.0,4.0
22000272,2021-01-27,PISTONS at CAVALIERS,264786.0,1534.0,249.0,103.0,229.0,0.28821,0.284024,0.0,0,0.170305676855895,0.091703056768559,,,,15.0,3.9
22000275,2021-01-27,NUGGETS at HEAT,350517.0,1698.0,292.0,95.5,191.0,0.424084,0.511628,1.0,1,0.104712041884817,,4.0,1.0,5.0,27.0,4.65
22000277,2021-01-27,BUCKS at RAPTORS,495176.0,2217.0,472.0,100.5,223.0,0.511211,0.529412,0.0,1,0.130044843049327,0.0762331838565022,7.0,0.0,7.0,7.0,4.3
22000274,2021-01-27,NETS at HAWKS,1697588.0,11339.0,1704.0,93.74,260.0,0.276923,0.338542,0.0,2,0.161538461538462,0.1,18.0,4.0,22.0,4.0,4.950000000000000
22000276,2021-01-27,LAKERS at 76ERS,1714792.0,12976.0,4099.0,95.0,213.0,0.239437,0.28655,0.0,4,0.150234741784038,,6.0,3.0,9.0,1.0,5.95
22000280,2021-01-27,CELTICS at SPURS,353383.0,2408.0,464.0,99.5,216.0,0.25,0.322222,1.0,2,0.101851851851852,0.0555555555555556,9.0,2.0,11.0,4.0,4.6
22000281,2021-01-27,THUNDER at SUNS,221004.0,1239.0,224.0,100.5,199.0,0.467337,0.461111,0.0,1,0.100502512562814,0.130653266331658,,,,5.0,4.05
22000282,2021-01-27,MAVERICKS at JAZZ,524545.0,3444.0,966.0,96.0,220.0,0.381818,0.417582,1.0,3,0.109090909090909,0.127272727272727,11.0,1.0,12.0,12.0,4.375
22000279,2021-01-27,WIZARDS at PELICANS,393055.0,2326.0,531.0,99.0,230.0,0.391304,0.447514,0.0,2,0.147826086956522,0.117391304347826,10.0,0.0,10.0,18.0,3.775
22000283,2021-01-27,TIMBERWOLVES at WARRIORS,843084.0,7469.0,926.0,106.0,234.0,0.371795,0.406977,0.0,1,0.175213675213675,0.162393162393162,10.0,1.0,11.0,12.0,6.325
22000287,2021-01-28,TRAIL BLAZERS at ROCKETS,608997.0,4407.0,737.0,99.5,205.0,0.439024,0.480874,1.0,1,0.102439024390244,0.146341463414634,,,,3.0,4.675
22000285,2021-01-28,CLIPPERS at HEAT,647302.0,3189.0,691.0,99.0,214.0,0.420561,0.423729,0.0,0,0.149532710280374,0.168224299065421,5.0,1.0,6.0,4.0,5.25
22000284,2021-01-28,LAKERS at PISTONS,1646750.0,9601.0,3428.0,91.0,199.0,0.39196,0.365714,0.0,1,0.105527638190955,0.125628140703518,,,,15.0,5.225
22000286,2021-01-28,WARRIORS at SUNS,884012.0,5525.0,907.0,104.0,207.0,0.318841,0.374332,1.0,2,0.130434782608696,0.1256038647343,7.0,2.0,9.0,21.0,7.0
22000288,2021-01-29,PACERS at HORNETS,550477.0,4369.0,719.0,98.5,213.0,0.380282,0.418605,0.0,1,0.0751173708920188,0.103286384976526,,,,3.0,3.375
22000290,2021-01-29,HAWKS at WIZARDS,305448.0,2072.0,612.0,101.0,216.0,0.263889,0.377907,1.0,1,0.263888888888889,0.0509259259259259,,,,16.0,4.275
22000291,2021-01-29,CAVALIERS at KNICKS,285987.0,1639.0,385.0,91.0,183.0,0.295082,0.323171,0.0,1,0.158469945355191,0.12568306010929,,,,21.0,5.925
22000293,2021-01-29,BUCKS at PELICANS,562888.0,3672.0,570.0,103.5,257.0,0.396887,0.432292,0.0,2,0.143968871595331,0.132295719844358,3.0,1.0,4.0,5.0,3.7000000000000000
22000292,2021-01-29,KINGS at RAPTORS,318950.0,1227.0,612.0,100.5,250.0,0.348,0.414634,0.0,0,0.204,0.084,7.0,3.0,10.0,2.0,4.475
22000289,2021-01-29,CLIPPERS at MAGIC,357927.0,2156.0,455.0,98.5,206.0,0.334951,0.382514,0.0,3,0.131067961165049,0.121359223300971,7.0,0.0,7.0,26.0,4.475
22000295,2021-01-29,NETS at THUNDER,1351480.0,8585.0,1689.0,106.0,272.0,0.386029,0.446237,1.0,1,0.158088235294118,0.0845588235294118,8.0,3.0,11.0,22.0,4.55
22000294,2021-01-29,76ERS at TIMBERWOLVES,268906.0,1645.0,451.0,102.0,212.0,0.254717,0.289941,0.0,2,0.216981132075472,0.089622641509434,7.0,0.0,7.0,24.0,4.075
22000296,2021-01-29,NUGGETS at SPURS,294600.0,1835.0,386.0,97.5,228.0,0.315789,0.339623,1.0,1,0.149122807017544,0.0964912280701754,4.0,0.0,4.0,10.0,3.95
22000297,2021-01-29,MAVERICKS at JAZZ,469118.0,2400.0,750.0,97.5,221.0,0.393665,0.468208,0.0,3,0.190045248868778,0.144796380090498,4.0,1.0,5.0,19.0,4.375
22000298,2021-01-30,TRAIL BLAZERS at BULLS,496533.0,5055.0,1271.0,95.0,245.0,0.465306,0.50289,0.0,2,0.126530612244898,,2.0,8.0,10.0,1.0,4.725
22000300,2021-01-30,ROCKETS at PELICANS,574961.0,3220.0,669.0,107.0,238.0,0.403361,0.47541,0.0,1,0.142857142857143,0.159663865546218,5.0,2.0,7.0,14.0,4.5
22000299,2021-01-30,BUCKS at HORNETS,815912.0,6570.0,1423.0,99.5,240.0,0.4875,0.511494,1.0,1,0.1375,0.141666666666667,10.0,0.0,10.0,12.0,3.7250000000000000
22000301,2021-01-30,KINGS at HEAT,418318.0,2751.0,394.0,93.5,209.0,0.401914,0.475309,1.0,0,0.129186602870813,,9.0,2.0,11.0,1.0,4.775
22000304,2021-01-30,GRIZZLIES at SPURS,462751.0,1834.0,245.0,100.0,241.0,0.373444,0.367816,0.0,0,0.128630705394191,0.120331950207469,7.0,3.0,10.0,17.0,3.45
22000302,2021-01-30,LAKERS at CELTICS,2264080.0,17757.0,3167.0,93.5,191.0,0.235602,0.313253,0.0,4,0.115183246073298,0.0732984293193717,6.0,0.0,6.0,1.0,6.25
22000303,2021-01-30,SUNS at MAVERICKS,390188.0,2035.0,656.0,97.5,216.0,0.263889,0.310976,0.0,2,0.162037037037037,,,,,6.0,4.8
22000305,2021-01-30,PISTONS at WARRIORS,1320957.0,13016.0,1247.0,99.0,209.0,0.373206,0.433735,0.0,1,0.148325358851675,0.15311004784689,8.0,5.0,13.0,27.0,6.425000000000000
22000308,2021-01-31,CLIPPERS at KNICKS,616604.0,3586.0,909.0,93.0,244.0,0.331967,0.391566,0.0,3,0.192622950819672,0.0286885245901639,8.0,0.0,8.0,14.0,6.45
22000306,2021-01-31,JAZZ at NUGGETS,496606.0,2833.0,561.0,98.0,245.0,0.465306,0.462963,0.0,4,0.2,0.0612244897959184,6.0,0.0,6.0,11.0,3.975
22000309,2021-01-31,MAGIC at RAPTORS,343609.0,1867.0,502.0,97.5,217.0,0.345622,0.436047,0.0,1,0.202764976958525,0.142857142857143,5.0,1.0,6.0,13.0,4.025
22000307,2021-01-31,76ERS at PACERS,605345.0,3016.0,695.0,100.0,229.0,0.235808,0.306818,0.0,2,0.170305676855895,0.183406113537118,5.0,6.0,11.0,9.0,4.15
22000310,2021-01-31,NETS at WIZARDS,2784383.0,23278.0,4626.0,113.5,295.0,0.315254,0.382653,1.0,3,0.176271186440678,,12.0,10.0,22.0,3.0,4.925
22000311,2021-01-31,CAVALIERS at TIMBERWOLVES,425415.0,1834.0,334.0,100.5,213.0,0.28169,0.32,0.0,0,0.136150234741784,,7.0,0.0,7.0,5.0,3.8
22000313,2021-02-01,LAKERS at HAWKS,2127316.0,16475.0,1826.0,95.0,206.0,0.262136,0.335484,1.0,2,0.16504854368932,0.116504854368932,13.0,2.0,15.0,8.0,5.65
22000316,2021-02-01,TRAIL BLAZERS at BUCKS,363314.0,2448.0,509.0,105.0,240.0,0.45,0.42,1.0,2,0.0833333333333333,0.141666666666667,7.0,8.0,15.0,28.0,3.875
22000318,2021-02-01,ROCKETS at THUNDER,350273.0,2458.0,664.0,105.5,242.0,0.508264,0.450262,0.0,0,0.103305785123967,0.0991735537190083,5.0,5.0,10.0,30.0,4.6
22000314,2021-02-01,HORNETS at HEAT,633160.0,5030.0,1015.0,96.91,250.0,0.48,0.467742,0.0,0,0.152,0.08,12.0,3.0,15.0,8.0,4.225
22000315,2021-02-01,KNICKS at BULLS,209760.0,1355.0,291.0,98.0,212.0,0.240566,0.36,0.0,2,0.174528301886792,0.080188679245283,17.0,1.0,18.0,8.0,6.65
22000312,2021-02-01,TIMBERWOLVES at CAVALIERS,221664.0,1311.0,297.0,96.5,198.0,0.272727,0.322581,0.0,0,0.151515151515152,,7.0,2.0,9.0,2.0,3.8
22000317,2021-02-01,KINGS at PELICANS,281442.0,1693.0,495.0,102.0,227.0,0.303965,0.386243,1.0,1,0.176211453744493,0.101321585903084,10.0,0.0,10.0,9.0,3.875
22000320,2021-02-01,GRIZZLIES at SPURS,254347.0,1039.0,213.0,101.5,235.0,0.357447,0.368132,0.0,0,0.123404255319149,0.161702127659574,7.0,1.0,8.0,31.0,3.45
22000319,2021-02-01,SUNS at MAVERICKS,624142.0,4055.0,1235.0,99.5,217.0,0.317972,0.376404,0.0,3,0.15668202764977,,8.0,3.0,11.0,1.0,4.8
22000323,2021-02-02,RAPTORS at MAGIC,616564.0,3609.0,659.0,99.5,231.0,0.441558,0.482558,1.0,1,0.151515151515152,0.199134199134199,10.0,4.0,14.0,15.0,4.025
22000324,2021-02-02,CLIPPERS at NETS,3007937.0,22002.0,4407.0,99.5,244.0,0.344262,0.376404,0.0,4,0.147540983606557,0.139344262295082,7.0,0.0,7.0,4.0,5.5
22000559,2021-02-02,TRAIL BLAZERS at WIZARDS,403622.0,2978.0,526.0,98.5,253.0,0.438735,0.483146,1.0,2,0.142292490118577,0.0158102766798419,5.0,13.0,18.0,11.0,3.95
22000322,2021-02-02,GRIZZLIES at PACERS,205492.0,974.0,193.0,104.5,250.0,0.3,0.308571,1.0,1,0.172,0.112,7.0,8.0,15.0,18.0,3.3
22000325,2021-02-02,PISTONS at JAZZ,427297.0,1986.0,243.0,100.5,222.0,0.337838,0.394286,0.0,3,0.193693693693694,0.144144144144144,8.0,2.0,10.0,12.0,3.6
22000326,2021-02-02,CELTICS at WARRIORS,1566528.0,11287.0,1858.0,98.0,218.0,0.385321,0.42515,0.0,3,0.165137614678899,0.110091743119266,6.0,4.0,10.0,4.0,7.45
22000329,2021-02-03,PACERS at BUCKS,321065.0,1846.0,339.0,107.5,240.0,0.4,0.416244,1.0,2,0.108333333333333,0.1375,6.0,7.0,13.0,20.0,3.75
22000327,2021-02-03,76ERS at HORNETS,922672.0,6867.0,1133.0,102.5,229.0,0.31441,0.36747,1.0,2,0.196506550218341,0.117903930131004,8.0,3.0,11.0,7.0,4.125
22000330,2021-02-03,MAVERICKS at HAWKS,291437.0,2131.0,468.0,101.0,238.0,0.340336,0.42623,1.0,1,0.147058823529412,0.0630252100840336,10.0,1.0,11.0,6.0,4.65
22000328,2021-02-03,CLIPPERS at CAVALIERS,412737.0,2989.0,580.0,94.5,220.0,0.327273,0.25731,0.0,2,0.118181818181818,0.0818181818181818,11.0,4.0,15.0,,4.875
22000332,2021-02-03,KNICKS at BULLS,214518.0,1414.0,256.0,98.0,210.0,0.242857,0.327684,0.0,2,0.1,0.0333333333333333,10.0,1.0,11.0,4.0,6.65
22000333,2021-02-03,ROCKETS at THUNDER,228020.0,1142.0,254.0,108.5,191.0,0.34555,0.467456,0.0,0,0.162303664921466,0.0680628272251309,4.0,0.0,4.0,17.0,4.6
22000331,2021-02-03,WIZARDS at HEAT,521329.0,3457.0,782.0,98.0,203.0,0.399015,0.431138,1.0,1,0.167487684729064,0.16256157635468,8.0,2.0,10.0,3.0,4.675
22000334,2021-02-03,TIMBERWOLVES at SPURS,244850.0,1611.0,400.0,100.0,219.0,0.273973,0.310526,0.0,0,0.123287671232877,0.123287671232877,6.0,3.0,9.0,3.0,3.475
22000335,2021-02-03,SUNS at PELICANS,466583.0,2764.0,384.0,93.5,224.0,0.294643,0.395349,0.0,3,0.151785714285714,0.0446428571428571,11.0,0.0,11.0,22.0,3.9500000000000000
22000336,2021-02-03,CELTICS at KINGS,367936.0,2170.0,470.0,100.5,227.0,0.317181,0.393258,1.0,2,0.180616740088106,0.101321585903084,,,,5.0,4.975
22000338,2021-02-04,JAZZ at HAWKS,483525.0,2449.0,400.0,97.5,203.0,0.325123,0.306878,0.0,3,0.142857142857143,0.0492610837438424,8.0,1.0,9.0,21.0,4.025
22000339,2021-02-04,WARRIORS at MAVERICKS,1598295.0,13759.0,2218.0,102.5,263.0,0.479087,0.513812,0.0,2,0.163498098859316,,11.0,0.0,11.0,31.0,7.2
22000337,2021-02-04,TRAIL BLAZERS at 76ERS,416948.0,2357.0,713.0,101.0,226.0,0.265487,0.324022,0.0,1,0.168141592920354,0.150442477876106,3.0,1.0,4.0,16.0,4.275
22000340,2021-02-04,ROCKETS at GRIZZLIES,484264.0,2231.0,248.0,98.0,218.0,0.426606,0.45977,1.0,0,0.142201834862385,0.142201834862385,10.0,2.0,12.0,12.0,4.45
22000341,2021-02-04,NUGGETS at LAKERS,2132202.0,17106.0,2495.0,96.5,207.0,0.231884,0.300578,0.0,3,0.130434782608696,0.178743961352657,14.0,0.0,14.0,21.0,5.6
22000344,2021-02-05,BULLS at MAGIC,184471.0,1205.0,228.0,100.5,242.0,0.247934,0.322034,0.0,2,0.190082644628099,0.0743801652892562,6.0,1.0,7.0,4.0,4.675
22000343,2021-02-05,PELICANS at PACERS,279670.0,1857.0,335.0,95.5,227.0,0.436123,0.39645,1.0,2,0.13215859030837,0.079295154185022,6.0,7.0,13.0,1.0,3.3500000000000000
22000346,2021-02-05,BUCKS at CAVALIERS,301018.0,1948.0,242.0,103.0,228.0,0.236842,0.285714,1.0,1,0.12280701754386,0.109649122807018,9.0,2.0,11.0,18.0,4.225
22000348,2021-02-05,TIMBERWOLVES at THUNDER,275144.0,1167.0,193.0,100.5,209.0,0.416268,0.413408,0.0,0,0.0956937799043062,0.0861244019138756,7.0,2.0,9.0,3.0,3.375
22000345,2021-02-05,RAPTORS at NETS,1315118.0,9097.0,2115.0,100.0,240.0,0.375,0.418079,0.0,2,0.141666666666667,0.183333333333333,7.0,2.0,9.0,6.0,5.05
22000347,2021-02-05,WIZARDS at HEAT,403702.0,2349.0,355.0,100.5,217.0,0.331797,0.394286,0.0,1,0.188940092165899,0.0691244239631337,,,,27.0,4.675
22000342,2021-02-05,JAZZ at HORNETS,840747.0,6269.0,1162.0,104.0,259.0,0.428571,0.445026,0.0,3,0.115830115830116,,6.0,1.0,7.0,17.0,3.55
22000349,2021-02-05,PISTONS at SUNS,269357.0,1320.0,168.0,98.0,201.0,0.283582,0.386364,0.0,2,0.149253731343284,0.0945273631840796,7.0,1.0,8.0,17.0,4.025
22000350,2021-02-05,CELTICS at CLIPPERS,890592.0,5621.0,1030.0,95.5,234.0,0.384615,0.409357,0.0,2,0.145299145299145,0.0512820512820513,7.0,2.0,9.0,4.0,5.45
22000351,2021-02-06,TRAIL BLAZERS at KNICKS,324255.0,2307.0,547.0,95.5,209.0,0.430622,0.435028,1.0,2,0.0813397129186603,0.076555023923445,5.0,2.0,7.0,11.0,5.575
22000352,2021-02-06,NUGGETS at KINGS,287535.0,2123.0,627.0,98.0,233.0,0.347639,0.37234,1.0,1,0.120171673819742,0.120171673819742,4.0,0.0,4.0,5.0,4.325
22000353,2021-02-06,BULLS at MAGIC,284141.0,1560.0,312.0,95.5,210.0,0.3,0.306452,0.0,2,0.1,0.114285714285714,6.0,3.0,9.0,26.0,4.675
22000354,2021-02-06,NETS at 76ERS,1254788.0,7655.0,1251.0,102.0,232.0,0.323276,0.373626,0.0,2,0.142241379310345,0.146551724137931,8.0,3.0,11.0,16.0,5.25
22000357,2021-02-06,BUCKS at CAVALIERS,226406.0,1186.0,177.0,98.5,223.0,0.295964,0.360465,0.0,1,0.130044843049327,0.125560538116592,8.0,0.0,8.0,25.0,4.225
22000359,2021-02-06,TIMBERWOLVES at THUNDER,185062.0,908.0,158.0,102.0,238.0,0.302521,0.377049,1.0,0,0.117647058823529,,5.0,1.0,6.0,2.0,3.375
22000356,2021-02-06,RAPTORS at HAWKS,278511.0,1329.0,536.0,101.0,253.0,0.379447,0.432749,0.0,0,0.217391304347826,0.0632411067193676,9.0,1.0,10.0,11.0,4.4
22000358,2021-02-06,SPURS at ROCKETS,426505.0,2012.0,353.0,101.0,217.0,0.276498,0.36,0.0,0,0.216589861751152,0.0783410138248848,5.0,1.0,6.0,5.0,4.7
22000360,2021-02-06,WARRIORS at MAVERICKS,1553001.0,11596.0,3180.0,106.5,266.0,0.462406,0.505495,0.0,2,0.169172932330827,0.12781954887218,8.0,5.0,13.0,2.0,7.2
22000355,2021-02-06,GRIZZLIES at PELICANS,656185.0,3955.0,578.0,97.0,227.0,0.370044,0.40678,1.0,1,0.127753303964758,,10.0,1.0,11.0,9.0,3.25
22000361,2021-02-06,PISTONS at LAKERS,2004705.0,15075.0,2829.0,96.41,264.0,0.284091,0.32973,1.0,2,0.178030303030303,0.109848484848485,,,,6.0,5.225
22000363,2021-02-07,JAZZ at PACERS,363161.0,2135.0,394.0,97.5,198.0,0.318182,0.383784,0.0,3,0.136363636363636,0.095959595959596,7.0,7.0,14.0,8.0,3.575
22000364,2021-02-07,HEAT at KNICKS,419924.0,2365.0,355.0,94.5,212.0,0.410377,0.458333,1.0,1,0.127358490566038,,11.0,0.0,11.0,6.0,6.3
22000215,2021-02-07,WIZARDS at HORNETS,627758.0,4226.0,866.0,102.0,216.0,0.333333,0.402116,1.0,1,0.185185185185185,0.101851851851852,4.0,3.0,7.0,,3.8
22000365,2021-02-07,CELTICS at SUNS,556680.0,3151.0,480.0,88.0,191.0,0.39267,0.417143,0.0,3,0.104712041884817,0.0785340314136126,4.0,7.0,11.0,9.0,5.05
22000366,2021-02-07,KINGS at CLIPPERS,543926.0,3340.0,708.0,102.5,223.0,0.242152,0.295337,0.0,1,0.139013452914798,0.10762331838565,10.0,2.0,12.0,3.0,4.925000000000000
22000368,2021-02-08,WIZARDS at BULLS,212458.0,1376.0,285.0,101.5,206.0,0.218447,0.327485,1.0,2,0.228155339805825,0.106796116504854,11.0,1.0,12.0,4.0,5.025
22000369,2021-02-08,RAPTORS at GRIZZLIES,304833.0,2055.0,526.0,96.5,241.0,0.410788,0.463415,0.0,0,0.20746887966805,0.0829875518672199,7.0,2.0,9.0,15.0,3.85
22000370,2021-02-08,TIMBERWOLVES at MAVERICKS,251268.0,1418.0,269.0,104.5,249.0,0.361446,0.426966,1.0,1,0.180722891566265,0.116465863453815,15.0,4.0,19.0,5.0,4.125
22000373,2021-02-08,BUCKS at NUGGETS,481186.0,2779.0,307.0,97.5,237.0,0.392405,0.415301,1.0,2,0.143459915611814,0.0970464135021097,7.0,4.0,11.0,13.0,4.15
22000372,2021-02-08,CAVALIERS at SUNS,313272.0,1613.0,196.0,94.5,232.0,0.24569,0.272727,0.0,1,0.133620689655172,,15.0,1.0,16.0,6.0,4.475
22000371,2021-02-08,WARRIORS at SPURS,974467.0,6167.0,1302.0,103.0,205.0,0.35122,0.373626,0.0,1,0.131707317073171,0.141463414634146,11.0,2.0,13.0,5.0,6.550000000000000
22000367,2021-02-08,ROCKETS at HORNETS,479142.0,3997.0,640.0,97.5,213.0,0.450704,0.5,0.0,0,0.107981220657277,0.178403755868545,9.0,5.0,14.0,25.0,4.525
22000374,2021-02-08,THUNDER at LAKERS,1923161.0,14500.0,1712.0,101.89,231.0,0.272727,0.370732,0.0,1,0.155844155844156,,10.0,0.0,10.0,7.0,5.25
22000375,2021-02-09,NETS at PISTONS,981769.0,5827.0,1543.0,95.5,233.0,0.309013,0.347059,0.0,1,0.124463519313305,,18.0,2.0,20.0,11.0,4.525
22000377,2021-02-09,ROCKETS at PELICANS,436389.0,2275.0,471.0,98.0,231.0,0.324675,0.404372,1.0,1,0.155844155844156,,7.0,3.0,10.0,29.0,4.5
22000376,2021-02-09,KNICKS at HEAT,814819.0,4893.0,828.0,92.5,194.0,0.371134,0.388535,0.0,1,0.22680412371134,0.077319587628866,5.0,1.0,6.0,2.0,6.3
22000378,2021-02-09,WARRIORS at SPURS,1182083.0,9734.0,1442.0,100.0,205.0,0.365854,0.361582,0.0,1,0.15609756097561,0.102439024390244,4.0,0.0,4.0,23.0,6.550000000000000
22000380,2021-02-09,MAGIC at TRAIL BLAZERS,198515.0,1184.0,236.0,98.0,203.0,0.428571,0.455056,0.0,2,0.147783251231527,0.0640394088669951,3.0,4.0,7.0,9.0,3.6000000000000000
22000381,2021-02-09,76ERS at KINGS,319057.0,1973.0,611.0,106.5,230.0,0.3,0.336957,0.0,2,0.169565217391304,0.0826086956521739,11.0,0.0,11.0,8.0,4.675000000000000
22000379,2021-02-09,CELTICS at JAZZ,578166.0,3764.0,940.0,91.0,230.0,0.404348,0.452941,0.0,4,0.18695652173913,0.0521739130434783,11.0,2.0,13.0,14.0,4.625
22000382,2021-02-10,RAPTORS at WIZARDS,316734.0,2154.0,729.0,106.5,252.0,0.369048,0.392473,0.0,1,0.154761904761905,0.123015873015873,11.0,1.0,12.0,22.0,4.375
22000384,2021-02-10,HAWKS at MAVERICKS,459801.0,3161.0,598.0,97.5,235.0,0.357447,0.430233,0.0,1,0.174468085106383,0.0893617021276596,8.0,5.0,13.0,1.0,4.65
22000383,2021-02-10,PACERS at NETS,908854.0,5824.0,734.0,94.5,198.0,0.363636,0.410714,1.0,2,0.191919191919192,,4.0,2.0,6.0,10.0,4.5
22000386,2021-02-10,HORNETS at GRIZZLIES,732163.0,4807.0,664.0,98.0,244.0,0.454918,0.443182,0.0,0,0.0942622950819672,0.14344262295082,5.0,2.0,7.0,16.0,3.2750000000000000
22000387,2021-02-10,CLIPPERS at TIMBERWOLVES,340692.0,2124.0,335.0,98.0,231.0,0.350649,0.361582,0.0,1,0.173160173160173,0.112554112554113,7.0,0.0,7.0,7.0,4.325
22000388,2021-02-10,CAVALIERS at NUGGETS,239339.0,1263.0,151.0,100.0,228.0,0.315789,0.407821,1.0,1,0.131578947368421,0.12280701754386,16.0,3.0,19.0,38.0,4.275
22000385,2021-02-10,PELICANS at BULLS,402790.0,2894.0,708.0,97.5,245.0,0.465306,0.512346,0.0,2,0.118367346938776,0.0897959183673469,,,,13.0,4.55
22000389,2021-02-10,BUCKS at SUNS,648472.0,4115.0,1185.0,98.0,249.0,0.373494,0.395349,0.0,3,0.160642570281125,0.0963855421686747,9.0,1.0,10.0,1.0,4.35
22000390,2021-02-10,THUNDER at LAKERS,1864708.0,15012.0,2875.0,98.26,227.0,0.22467,0.349206,0.0,1,0.140969162995595,0.114537444933921,9.0,2.0,11.0,1.0,5.25
22000398,2021-02-11,TORONTO RAPTORS at BOSTON CELTICS,424554.0,2995.0,1051.0,101.0,226.0,0.384956,0.39645,1.0,2,0.163716814159292,,4.0,4.0,8.0,14.0,5.0
22000392,2021-02-11,MIAMI HEAT at HOUSTON ROCKETS,529863.0,3777.0,545.0,99.0,195.0,0.461538,0.567901,0.0,0,0.169230769230769,0.0717948717948718,7.0,4.0,11.0,7.0,5.4
22000391,2021-02-11,INDIANA PACERS at DETROIT PISTONS,275661.0,1097.0,154.0,89.5,206.0,0.276699,0.345029,1.0,1,0.111650485436893,0.058252427184466,4.0,0.0,4.0,16.0,3.425
22000393,2021-02-11,ORLANDO MAGIC at GOLDEN STATE WARRIORS,1243189.0,12206.0,2025.0,100.5,216.0,0.486111,0.448649,0.0,2,0.106481481481481,0.087962962962963,7.0,9.0,16.0,6.0,6.475
22000394,2021-02-11,PHILADELPHIA 76ERS at PORTLAND TRAIL BLAZERS,539126.0,3864.0,937.0,94.0,232.0,0.297414,0.363128,0.0,3,0.193965517241379,0.0905172413793104,9.0,2.0,11.0,4.0,4.275
22000395,2021-02-12,TIMBERWOLVES at HORNETS,493567.0,4564.0,1107.0,103.5,234.0,0.371795,0.407407,0.0,0,0.115384615384615,0.102564102564103,6.0,0.0,6.0,6.0,3.3
22000396,2021-02-12,KNICKS at WIZARDS,263887.0,2098.0,513.0,102.0,200.0,0.225,0.31016,0.0,1,0.145,0.13,18.0,5.0,23.0,18.0,5.875
22000397,2021-02-12,SPURS at HAWKS,240078.0,1615.0,368.0,104.5,239.0,0.288703,0.36,1.0,0,0.200836820083682,0.0920502092050209,8.0,1.0,9.0,11.0,4.0
22000399,2021-02-12,PELICANS at MAVERICKS,506199.0,3402.0,676.0,98.5,273.0,0.461538,0.460674,0.0,2,0.120879120879121,0.106227106227106,10.0,4.0,14.0,13.0,4.15
22000400,2021-02-12,CLIPPERS at BULLS,387715.0,2402.0,510.0,97.5,231.0,0.324675,0.362573,0.0,2,0.112554112554113,0.0779220779220779,,,,19.0,5.6
22000412,2021-02-12,PISTONS at CELTICS,236815.0,1398.0,446.0,97.5,210.0,0.328571,0.403727,1.0,2,0.223809523809524,0.104761904761905,4.0,2.0,6.0,6.0,4.475
22000401,2021-02-12,THUNDER at NUGGETS,292483.0,1575.0,192.0,95.5,192.0,0.3125,0.40678,0.0,1,0.104166666666667,0.171875,6.0,3.0,9.0,2.0,3.85
22000402,2021-02-12,BUCKS at JAZZ,722557.0,4394.0,1075.0,104.0,244.0,0.319672,0.408046,0.0,3,0.19672131147541,0.110655737704918,,,,14.0,3.925
22000404,2021-02-12,CAVALIERS at TRAIL BLAZERS,430201.0,1971.0,258.0,101.5,239.0,0.263598,0.341176,1.0,1,0.234309623430962,0.100418410041841,,,,19.0,4.0
22000403,2021-02-12,GRIZZLIES at LAKERS,1936710.0,17173.0,2750.0,100.5,220.0,0.245455,0.357576,0.0,2,0.172727272727273,0.186363636363636,12.0,0.0,12.0,10.0,5.1
22000406,2021-02-13,76ERS at SUNS,504891.0,3624.0,869.0,96.0,231.0,0.220779,0.276316,0.0,4,0.181818181818182,0.0909090909090909,6.0,5.0,11.0,9.0,4.75
22000407,2021-02-13,PACERS at HAWKS,254249.0,1342.0,358.0,102.5,238.0,0.264706,0.346369,0.0,1,0.172268907563025,0.105042016806723,8.0,0.0,8.0,12.0,3.8500000000000000
22000408,2021-02-13,ROCKETS at KNICKS,545111.0,3202.0,775.0,97.0,220.0,0.272727,0.408046,0.0,1,0.2,0.05,10.0,0.0,10.0,,6.6
22000409,2021-02-13,NETS at WARRIORS,2538831.0,20004.0,3336.0,106.5,251.0,0.298805,0.398907,0.0,3,0.151394422310757,0.155378486055777,6.0,6.0,12.0,17.0,7.5
22000410,2021-02-13,HEAT at JAZZ,530306.0,3767.0,898.0,102.5,206.0,0.349515,0.479532,0.0,2,0.16504854368932,,12.0,2.0,14.0,18.0,4.425
22000560,2021-02-14,CELTICS at WIZARDS,363909.0,2705.0,634.0,107.0,195.0,0.246154,0.375723,1.0,3,0.251282051282051,0.0769230769230769,9.0,5.0,14.0,13.0,4.875
22000414,2021-02-14,SPURS at HORNETS,637816.0,5542.0,1055.0,101.0,232.0,0.284483,0.356021,0.0,0,0.103448275862069,0.0991379310344828,7.0,1.0,8.0,12.0,3.5250000000000000
22000561,2021-02-14,PELICANS at PISTONS,219397.0,1662.0,536.0,93.0,235.0,0.331915,0.402299,0.0,1,0.165957446808511,0.0638297872340426,10.0,2.0,12.0,11.0,3.375
22000413,2021-02-14,TIMBERWOLVES at RAPTORS,164427.0,1115.0,672.0,101.5,228.0,0.342105,0.416185,0.0,0,0.175438596491228,0.0833333333333333,7.0,0.0,7.0,4.0,3.875
22000411,2021-02-14,TRAIL BLAZERS at MAVERICKS,477770.0,3813.0,1226.0,94.5,239.0,0.401674,0.487952,0.0,2,0.154811715481172,0.0794979079497908,5.0,1.0,6.0,3.0,4.325
22000415,2021-02-14,BUCKS at THUNDER,235649.0,1796.0,587.0,102.5,223.0,0.376682,0.385417,1.0,1,0.0672645739910314,0.0852017937219731,9.0,3.0,12.0,5.0,3.8
22000417,2021-02-14,MAGIC at SUNS,167327.0,1099.0,359.0,98.0,199.0,0.271357,0.39779,1.0,3,0.165829145728643,0.105527638190955,6.0,5.0,11.0,19.0,4.075000000000000
22000418,2021-02-14,GRIZZLIES at KINGS,164843.0,978.0,157.0,101.0,234.0,0.217949,0.306818,0.0,0,0.14957264957265,,12.0,0.0,12.0,14.0,3.825
22000419,2021-02-14,CAVALIERS at CLIPPERS,297956.0,1587.0,361.0,102.0,239.0,0.251046,0.303867,1.0,0,0.205020920502092,0.096234309623431,7.0,1.0,8.0,17.0,4.875
22000416,2021-02-14,LAKERS at NUGGETS,1486087.0,10153.0,3672.0,99.0,227.0,0.330396,0.436047,0.0,3,0.193832599118943,0.145374449339207,,,,17.0,5.6
22000420,2021-02-15,BULLS at PACERS,276886.0,1865.0,335.0,105.96,232.0,0.284483,0.340206,0.0,2,0.189655172413793,0.103448275862069,,,,8.0,4.6
22000423,2021-02-15,76ERS at JAZZ,781682.0,5850.0,1602.0,102.5,257.0,0.303502,0.377778,0.0,3,0.182879377431907,0.124513618677043,7.0,0.0,7.0,11.0,4.325
22000426,2021-02-15,NETS at KINGS,856929.0,6520.0,1359.0,99.0,261.0,0.448276,0.432432,0.0,1,0.0689655172413793,,9.0,0.0,9.0,11.0,5.025
22000425,2021-02-15,HEAT at CLIPPERS,512655.0,3103.0,726.0,96.5,243.0,0.283951,0.386364,0.0,0,0.139917695473251,0.0905349794238683,,,,7.0,5.25
22000424,2021-02-15,CAVALIERS at WARRIORS,1154541.0,10901.0,1243.0,103.5,227.0,0.330396,0.36612,0.0,1,0.158590308370044,0.211453744493392,10.0,3.0,13.0,31.0,6.875
22000427,2021-02-16,NUGGETS at CELTICS,400072.0,2767.0,502.0,98.0,211.0,0.341232,0.460606,0.0,3,0.156398104265403,,8.0,1.0,9.0,13.0,4.85
22000432,2021-02-16,TRAIL BLAZERS at THUNDER,297885.0,2146.0,535.0,98.5,219.0,0.410959,0.441989,0.0,1,0.141552511415525,0.114155251141553,,,,11.0,3.575
22000429,2021-02-16,PELICANS at GRIZZLIES,520504.0,3332.0,558.0,104.5,257.0,0.373541,0.385475,0.0,1,0.11284046692607,0.186770428015564,7.0,1.0,8.0,31.0,3.25
22000431,2021-02-16,LAKERS at TIMBERWOLVES,1692663.0,15027.0,2327.0,97.5,216.0,0.375,0.352941,0.0,1,0.125,0.125,4.0,0.0,4.0,8.0,5.125
22000430,2021-02-16,RAPTORS at BUCKS,480244.0,3072.0,840.0,106.5,237.0,0.392405,0.45977,1.0,1,0.143459915611814,,8.0,5.0,13.0,11.0,4.3
22000433,2021-02-16,NETS at SUNS,1493123.0,14503.0,2298.0,96.0,252.0,0.428571,0.452941,0.0,2,0.103174603174603,,,,,4.0,5.1
22000436,2021-02-17,KNICKS at MAGIC,184077.0,1075.0,237.0,100.0,196.0,0.352041,0.340782,1.0,2,0.11734693877551,0.147959183673469,8.0,2.0,10.0,18.0,5.525
22000438,2021-02-17,HAWKS at CELTICS,283373.0,2122.0,477.0,99.0,236.0,0.228814,0.337423,1.0,2,0.211864406779661,0.076271186440678,10.0,4.0,14.0,8.0,4.9
22000439,2021-02-17,ROCKETS at 76ERS,315076.0,2090.0,507.0,109.5,231.0,0.350649,0.421965,1.0,1,0.181818181818182,0.168831168831169,0.0,4.0,4.0,5.0,5.300000000000000
22000564,2021-02-17,PISTONS at BULLS,229530.0,2112.0,509.0,99.5,207.0,0.231884,0.335329,0.0,1,0.169082125603865,0.0579710144927536,,,,3.0,4.625
22000437,2021-02-17,NUGGETS at WIZARDS,322398.0,2703.0,621.0,102.5,258.0,0.372093,0.398876,0.0,2,0.162790697674419,0.0348837209302326,7.0,12.0,19.0,2.0,4.225
22000440,2021-02-17,PACERS at TIMBERWOLVES,206863.0,1023.0,260.0,100.98,262.0,0.320611,0.323529,0.0,1,0.175572519083969,0.106870229007634,10.0,0.0,10.0,6.0,3.325
22000441,2021-02-17,TRAIL BLAZERS at PELICANS,523628.0,4038.0,1084.0,94.5,250.0,0.396,0.407821,0.0,2,0.156,,8.0,5.0,13.0,2.0,3.4750000000000000
22000562,2021-02-17,THUNDER at GRIZZLIES  FULL GAME HIGHLIGHTS,274849.0,1237.0,195.0,102.5,235.0,0.395745,0.416149,1.0,0,0.212765957446809,0.0893617021276596,5.0,0.0,5.0,9.0,3.5
22000444,2021-02-17,JAZZ at CLIPPERS,838960.0,4952.0,1440.0,102.0,210.0,0.314286,0.358696,0.0,2,0.133333333333333,0.080952380952381,8.0,1.0,9.0,18.0,4.575
22000443,2021-02-17,HEAT at WARRIORS,1694311.0,17691.0,2895.0,99.17,232.0,0.400862,0.458333,0.0,1,0.116379310344828,0.0603448275862069,12.0,9.0,21.0,8.0,7.25
22000445,2021-02-18,RAPTORS at BUCKS,457325.0,2954.0,1144.0,96.0,206.0,0.320388,0.415663,0.0,1,0.184466019417476,0.0339805825242718,9.0,3.0,12.0,14.0,4.3
22000447,2021-02-18,HEAT at KINGS,557547.0,2579.0,345.0,101.0,228.0,0.355263,0.398936,0.0,0,0.0745614035087719,0.157894736842105,12.0,1.0,13.0,8.0,4.775
22000446,2021-02-18,NETS at LAKERS,3653791.0,28116.0,7394.0,94.0,207.0,0.376812,0.43125,0.0,2,0.120772946859903,0.0676328502415459,6.0,4.0,10.0,11.0,6.3
22000449,2021-02-19,WARRIORS at MAGIC,694679.0,5860.0,1631.0,105.5,244.0,0.454918,0.445026,0.0,2,0.0942622950819672,0.10655737704918,4.0,3.0,7.0,4.0,6.475
22000563,2021-02-19,NUGGETS at CAVALIERS,255349.0,1797.0,287.0,96.0,223.0,0.363229,0.380368,0.0,1,0.116591928251121,0.116591928251121,12.0,4.0,16.0,17.0,4.275
22000451,2021-02-19,HAWKS at CELTICS,259051.0,1742.0,345.0,101.0,230.0,0.313043,0.361111,1.0,2,0.130434782608696,0.0782608695652174,14.0,7.0,21.0,12.0,4.9
22000450,2021-02-19,BULLS at 76ERS,314021.0,2614.0,794.0,96.5,217.0,0.193548,0.291209,0.0,2,0.188940092165899,,7.0,1.0,8.0,7.0,5.35
22000453,2021-02-19,THUNDER at BUCKS,195594.0,1033.0,168.0,97.0,183.0,0.377049,0.432749,1.0,1,0.153005464480874,0.0382513661202186,10.0,3.0,13.0,13.0,3.8
22000455,2021-02-19,SUNS at PELICANS,352391.0,2301.0,583.0,101.5,246.0,0.402439,0.417647,1.0,3,0.109756097560976,0.138211382113821,11.0,1.0,12.0,18.0,3.9500000000000000
22000452,2021-02-19,PISTONS at GRIZZLIES,185870.0,864.0,122.0,98.5,204.0,0.279412,0.369318,0.0,0,0.142156862745098,0.142156862745098,7.0,1.0,8.0,14.0,3.325
22000454,2021-02-19,RAPTORS at TIMBERWOLVES,363568.0,2011.0,682.0,92.5,167.0,0.377246,0.464286,1.0,0,0.155688622754491,,8.0,0.0,8.0,5.0,3.875
22000457,2021-02-19,JAZZ at CLIPPERS,1025857.0,6503.0,1558.0,100.0,228.0,0.289474,0.365714,0.0,5,0.166666666666667,0.0964912280701754,5.0,3.0,8.0,4.0,4.575
22000459,2021-02-20,WARRIORS at HORNETS,1157147.0,12345.0,3288.0,97.5,202.0,0.490099,0.49375,1.0,0,0.103960396039604,,6.0,2.0,8.0,2.0,6.375
22000463,2021-02-20,HEAT at LAKERS,1602927.0,11578.0,5120.0,96.0,190.0,0.331579,0.431953,0.0,1,0.163157894736842,0.0631578947368421,8.0,3.0,11.0,2.0,6.05
22000462,2021-02-20,SUNS at GRIZZLIES,266338.0,1790.0,323.0,97.0,225.0,0.386667,0.441341,0.0,2,0.142222222222222,0.133333333333333,,,,31.0,3.9
22000460,2021-02-20,KINGS at BULLS,236544.0,1667.0,308.0,99.0,236.0,0.241525,0.288889,0.0,1,0.13135593220339,0.0720338983050848,12.0,1.0,13.0,8.0,5.125
22000464,2021-02-20,WIZARDS at TRAIL BLAZERS,486474.0,3767.0,919.0,105.5,229.0,0.327511,0.421875,0.0,2,0.174672489082969,0.0960698689956332,5.0,7.0,12.0,7.0,3.95
22000465,2021-02-21,CELTICS at PELICANS,737369.0,5735.0,1139.0,98.26,235.0,0.268085,0.380208,0.0,3,0.221276595744681,0.127659574468085,7.0,1.0,8.0,5.0,4.4
22000466,2021-02-21,THUNDER at CAVALIERS,155735.0,935.0,204.0,97.5,218.0,0.288991,0.386503,1.0,0,0.151376146788991,0.0458715596330275,8.0,1.0,9.0,16.0,3.925
22000467,2021-02-21,PISTONS at MAGIC,155965.0,750.0,137.0,101.0,201.0,0.298507,0.406977,1.0,1,0.213930348258706,0.154228855721393,7.0,0.0,7.0,9.0,3.5
22000468,2021-02-21,76ERS at RAPTORS,444980.0,3226.0,1089.0,95.5,213.0,0.352113,0.427711,0.0,2,0.197183098591549,,11.0,3.0,14.0,7.0,4.7
22000469,2021-02-21,TIMBERWOLVES at KNICKS,263297.0,1607.0,408.0,95.0,202.0,0.326733,0.33125,0.0,1,0.237623762376238,0.099009900990099,4.0,0.0,4.0,4.0,5.375
22000470,2021-02-21,NUGGETS at HAWKS,449031.0,2525.0,305.0,99.0,238.0,0.352941,0.424242,0.0,1,0.168067226890756,0.0714285714285714,11.0,2.0,13.0,8.0,4.25
22000472,2021-02-21,NETS at CLIPPERS,1787964.0,14548.0,3492.0,98.0,220.0,0.354545,0.407821,0.0,3,0.118181818181818,,10.0,4.0,14.0,4.0,5.5
22000471,2021-02-21,KINGS at BUCKS,224872.0,1449.0,255.0,106.0,243.0,0.283951,0.321053,0.0,1,0.181069958847737,0.11522633744856,5.0,5.0,10.0,13.0,4.275
22000474,2021-02-22,BULLS at ROCKETS,289864.0,2248.0,407.0,99.5,220.0,0.381818,0.406417,1.0,1,0.0909090909090909,0.172727272727273,4.0,1.0,5.0,20.0,5.75
22000476,2021-02-22,GRIZZLIES at MAVERICKS,346625.0,2329.0,316.0,101.0,194.0,0.324742,0.413793,0.0,1,0.149484536082474,0.134020618556701,3.0,3.0,6.0,10.0,4.1
22000477,2021-02-22,TRAIL BLAZERS at SUNS,394307.0,2658.0,842.0,95.5,232.0,0.362069,0.393443,1.0,3,0.129310344827586,0.0991379310344828,6.0,2.0,8.0,32.0,4.125
22000475,2021-02-22,HEAT at THUNDER,340169.0,2079.0,325.0,94.5,202.0,0.430693,0.509677,0.0,0,0.183168316831683,0.0198019801980198,7.0,3.0,10.0,14.0,4.3
22000478,2021-02-22,HORNETS at JAZZ,854346.0,6414.0,1079.0,106.0,242.0,0.483471,0.522989,1.0,3,0.128099173553719,0.140495867768595,8.0,0.0,8.0,22.0,3.55
22000479,2021-02-22,WIZARDS at LAKERS,1468702.0,12231.0,5472.0,104.15,251.0,0.286853,0.345,0.0,2,0.139442231075697,0.119521912350598,6.0,2.0,8.0,3.0,5.625
22000481,2021-02-23,PISTONS at MAGIC,168455.0,802.0,167.0,100.0,198.0,0.363636,0.409091,0.0,1,0.131313131313131,0.141414141414141,6.0,1.0,7.0,12.0,3.5
22000480,2021-02-23,HAWKS at CAVALIERS,313015.0,2009.0,431.0,95.0,223.0,0.390135,0.353293,1.0,0,0.143497757847534,,13.0,2.0,15.0,1.0,4.325000000000000
22000482,2021-02-23,KINGS at NETS,927089.0,7361.0,1266.0,101.5,245.0,0.391837,0.403409,1.0,1,0.142857142857143,0.159183673469388,16.0,8.0,24.0,9.0,5.025
22000483,2021-02-23,WARRIORS at KNICKS,1127669.0,11047.0,973.0,100.5,220.0,0.327273,0.360215,0.0,2,0.181818181818182,,14.0,1.0,15.0,8.0,8.45
22000484,2021-02-23,76ERS at RAPTORS,251260.0,1500.0,580.0,98.5,211.0,0.398104,0.433526,0.0,2,0.175355450236967,0.165876777251185,11.0,3.0,14.0,7.0,4.7
22000485,2021-02-23,CELTICS at MAVERICKS,543561.0,5270.0,1187.0,94.5,217.0,0.345622,0.411429,0.0,3,0.119815668202765,0.105990783410138,8.0,2.0,10.0,3.0,5.25
22000486,2021-02-23,TIMBERWOLVES at BUCKS,222716.0,1394.0,258.0,106.0,251.0,0.466135,0.48731,1.0,1,0.0876494023904383,0.107569721115538,12.0,11.0,23.0,27.0,3.675
22000488,2021-02-23,WIZARDS at CLIPPERS,411662.0,2712.0,602.0,100.5,251.0,0.358566,0.318681,0.0,3,0.0756972111553785,0.0956175298804781,11.0,2.0,13.0,19.0,4.825
22000487,2021-02-23,TRAIL BLAZERS at NUGGETS,326219.0,2381.0,327.0,91.5,217.0,0.387097,0.425414,1.0,2,0.124423963133641,0.0737327188940092,,,,5.0,3.925
22000491,2021-02-24,ROCKETS at CAVALIERS,215924.0,1669.0,293.0,95.0,208.0,0.375,0.394286,1.0,0,0.115384615384615,0.110576923076923,6.0,4.0,10.0,16.0,5.025
22000490,2021-02-24,CELTICS at HAWKS,277277.0,1732.0,565.0,96.5,239.0,0.389121,0.405556,0.0,2,0.142259414225941,0.112970711297071,10.0,6.0,16.0,15.0,4.9
22000495,2021-02-24,SPURS at THUNDER,201326.0,1669.0,390.0,99.0,201.0,0.402985,0.394286,1.0,0,0.0995024875621891,0.0646766169154229,4.0,0.0,4.0,3.0,3.6
22000489,2021-02-24,WARRIORS at PACERS,871386.0,8222.0,979.0,106.5,218.0,0.165138,0.335366,1.0,2,0.247706422018349,0.0963302752293578,,,,4.0,6.4
22000494,2021-02-24,PISTONS at PELICANS,268966.0,1668.0,376.0,100.0,246.0,0.280488,0.329609,1.0,1,0.117886178861789,0.158536585365854,,,,10.0,3.375
22000492,2021-02-24,RAPTORS at HEAT,340420.0,2275.0,475.0,92.5,224.0,0.495536,0.532468,1.0,0,0.174107142857143,0.102678571428571,,,,8.0,4.8
22000493,2021-02-24,TIMBERWOLVES at BULLS,302185.0,1854.0,402.0,101.89,259.0,0.254826,0.319797,0.0,1,0.127413127413127,0.0810810810810811,7.0,0.0,7.0,7.0,4.525
22000496,2021-02-24,HORNETS at SUNS,737975.0,5337.0,1125.0,104.5,245.0,0.330612,0.422857,0.0,2,0.179591836734694,0.142857142857143,14.0,1.0,15.0,3.0,3.9750000000000000
22000497,2021-02-24,LAKERS at JAZZ,1568209.0,10673.0,5099.0,92.5,203.0,0.44335,0.47093,0.0,4,0.113300492610837,0.133004926108374,12.0,1.0,13.0,25.0,5.375
22000499,2021-02-25,MAGIC at NETS,939961.0,7443.0,1440.0,104.0,221.0,0.393665,0.452514,0.0,2,0.108597285067873,0.14027149321267,5.0,0.0,5.0,37.0,4.575000000000000
22000498,2021-02-25,MAVERICKS at 76ERS,435816.0,2984.0,744.0,99.0,208.0,0.360577,0.375,0.0,3,0.197115384615385,,10.0,2.0,12.0,14.0,4.95
22000500,2021-02-25,KINGS at KNICKS,255272.0,2014.0,494.0,105.0,261.0,0.356322,0.412791,0.0,1,0.168582375478927,0.0613026819923372,8.0,0.0,8.0,19.0,5.975
22000501,2021-02-25,CLIPPERS at GRIZZLIES,429554.0,2629.0,687.0,98.5,216.0,0.319444,0.301136,0.0,2,0.115740740740741,0.115740740740741,7.0,0.0,7.0,28.0,4.300000000000000
22000502,2021-02-25,WIZARDS at NUGGETS,395457.0,2764.0,779.0,99.5,222.0,0.310811,0.374269,1.0,2,0.193693693693694,0.13963963963964,7.0,0.0,7.0,2.0,4.225
22000503,2021-02-25,PELICANS at BUCKS,624541.0,4339.0,997.0,103.0,254.0,0.307087,0.353535,1.0,2,0.0866141732283465,,11.0,8.0,19.0,4.0,3.7000000000000000
22000506,2021-02-26,ROCKETS at RAPTORS,265908.0,1868.0,572.0,99.5,233.0,0.412017,0.488889,0.0,0,0.184549356223176,0.0729613733905579,2.0,4.0,6.0,11.0,5.1
22000505,2021-02-26,PACERS at CELTICS,234105.0,1707.0,448.0,99.0,230.0,0.313043,0.397661,0.0,3,0.226086956521739,0.0695652173913044,4.0,0.0,4.0,6.0,4.45
22000508,2021-02-26,SUNS at BULLS,238764.0,1890.0,376.0,95.5,203.0,0.26601,0.319277,0.0,3,0.0935960591133005,0.157635467980296,,,,9.0,5.200000000000000
22000510,2021-02-26,HAWKS at THUNDER,243784.0,1615.0,347.0,96.5,227.0,0.370044,0.443243,1.0,0,0.092511013215859,0.0748898678414097,12.0,2.0,14.0,9.0,3.9
22000509,2021-02-26,CLIPPERS at GRIZZLIES,354886.0,1867.0,273.0,99.5,218.0,0.316514,0.355932,0.0,2,0.13302752293578,,9.0,0.0,9.0,20.0,4.300000000000000
22000507,2021-02-26,JAZZ at HEAT,655768.0,4906.0,959.0,101.5,240.0,0.3625,0.427778,0.0,3,0.179166666666667,0.05,,,,8.0,4.425
22000504,2021-02-26,KINGS at PISTONS,304532.0,1105.0,220.0,99.0,217.0,0.262673,0.380117,1.0,0,0.230414746543779,0.0460829493087558,12.0,1.0,13.0,3.0,3.95
22000511,2021-02-26,HORNETS at WARRIORS,1697901.0,15876.0,2025.0,112.0,251.0,0.334661,0.386905,1.0,1,0.179282868525896,,21.0,6.0,27.0,9.0,6.375
22000512,2021-02-26,TRAIL BLAZERS at LAKERS,1667009.0,14114.0,2211.0,94.5,195.0,0.276923,0.374269,1.0,2,0.2,0.184615384615385,9.0,2.0,11.0,9.0,5.325
22000517,2021-02-27,TIMBERWOLVES at WIZARDS,236956.0,1990.0,484.0,112.0,240.0,0.3,0.352332,0.0,1,0.191666666666667,0.0416666666666667,14.0,5.0,19.0,16.0,3.75
22000513,2021-02-27,CAVALIERS at 76ERS,334011.0,2552.0,664.0,99.62,221.0,0.244344,0.288889,0.0,2,0.203619909502262,0.221719457013575,7.0,4.0,11.0,3.0,4.625
22000518,2021-02-27,NUGGETS at THUNDER,221318.0,1283.0,136.0,101.5,222.0,0.351351,0.440678,0.0,1,0.108108108108108,0.0765765765765766,7.0,2.0,9.0,30.0,3.85
22000516,2021-02-27,JAZZ at MAGIC,377658.0,2070.0,308.0,96.5,233.0,0.399142,0.436464,0.0,3,0.103004291845494,0.0729613733905579,8.0,2.0,10.0,15.0,3.65
22000514,2021-02-27,PELICANS at SPURS,456644.0,2814.0,571.0,96.5,231.0,0.272727,0.361582,1.0,1,0.207792207792208,0.0779220779220779,6.0,0.0,6.0,3.0,3.5
22000515,2021-02-27,PACERS at KNICKS,555802.0,3669.0,679.0,102.0,217.0,0.317972,0.315152,0.0,2,0.175115207373272,0.101382488479263,10.0,2.0,12.0,3.0,5.45
22000519,2021-02-27,MAVERICKS at NETS,1405759.0,9442.0,1956.0,95.0,213.0,0.394366,0.465116,0.0,1,0.117370892018779,0.0892018779342723,6.0,1.0,7.0,17.0,5.3
22000520,2021-02-28,CLIPPERS at BUCKS,885683.0,6046.0,1467.0,96.5,205.0,0.380488,0.450549,0.0,3,0.11219512195122,,10.0,1.0,11.0,5.0,4.75
22000524,2021-02-28,WIZARDS at CELTICS,430973.0,3773.0,870.0,102.5,221.0,0.257919,0.358382,1.0,2,0.190045248868778,,10.0,3.0,13.0,1.0,4.875
22000521,2021-02-28,KNICKS at PISTONS,282601.0,2253.0,625.0,95.0,199.0,0.331658,0.367089,1.0,1,0.165829145728643,0.100502512562814,,,,19.0,5.475
22000522,2021-02-28,HAWKS at HEAT,337011.0,2402.0,491.0,96.5,208.0,0.274038,0.416185,1.0,0,0.1875,0.115384615384615,6.0,1.0,7.0,10.0,4.700000000000000
22000525,2021-02-28,GRIZZLIES at ROCKETS,376991.0,1480.0,361.0,110.5,217.0,0.193548,0.423729,0.0,0,0.262672811059908,0.19815668202765,11.0,0.0,11.0,49.0,4.45
22000527,2021-02-28,WARRIORS at LAKERS,2665448.0,21693.0,3493.0,108.0,208.0,0.274038,0.380117,0.0,2,0.1875,0.168269230769231,13.0,2.0,15.0,26.0,8.2
22000526,2021-02-28,SUNS at TIMBERWOLVES,225927.0,1482.0,355.0,106.0,217.0,0.207373,0.340659,0.0,2,0.202764976958525,0.161290322580645,,,,19.0,3.925
22000528,2021-02-28,HORNETS at KINGS,464440.0,4354.0,816.0,99.0,253.0,0.320158,0.377143,0.0,0,0.142292490118577,,12.0,0.0,12.0,1.0,3.9000000000000000
22000529,2021-03-01,MAVERICKS at MAGIC,300044.0,2160.0,379.0,103.0,254.0,0.437008,0.47027,0.0,2,0.114173228346457,0.0708661417322835,5.0,3.0,8.0,6.0,4.275
22000530,2021-03-01,PACERS at 76ERS,310693.0,1935.0,422.0,107.0,244.0,0.282787,0.357542,0.0,3,0.135245901639344,0.200819672131148,10.0,1.0,11.0,16.0,4.15
22000531,2021-03-01,NUGGETS at BULLS,330741.0,1894.0,340.0,99.0,230.0,0.286957,0.359116,0.0,2,0.139130434782609,0.160869565217391,9.0,2.0,11.0,6.0,5.0
22000533,2021-03-01,JAZZ at PELICANS,840079.0,5623.0,1224.0,105.5,253.0,0.284585,0.279793,0.0,4,0.130434782608696,0.185770750988142,8.0,1.0,9.0,5.0,3.525
22000534,2021-03-01,NETS at SPURS,1277168.0,9322.0,1265.0,91.02,237.0,0.405063,0.385787,0.0,1,0.0970464135021097,0.130801687763713,8.0,3.0,11.0,11.0,4.65
22000532,2021-03-01,CAVALIERS at ROCKETS,257290.0,1407.0,351.0,97.0,191.0,0.314136,0.409396,1.0,0,0.193717277486911,0.104712041884817,5.0,0.0,5.0,11.0,5.025
22000535,2021-03-01,HORNETS at TRAIL BLAZERS,652558.0,5363.0,725.0,97.5,234.0,0.5,0.45977,0.0,1,0.0726495726495727,0.14957264957265,7.0,6.0,13.0,12.0,3.5
22000536,2021-03-02,GRIZZLIES at WIZARDS,269605.0,1844.0,334.0,109.0,236.0,0.305085,0.340909,1.0,1,0.152542372881356,0.127118644067797,7.0,6.0,13.0,14.0,3.725
22000538,2021-03-02,HAWKS at HEAT,297055.0,1891.0,270.0,86.0,174.0,0.37931,0.472603,0.0,0,0.160919540229885,0.103448275862069,5.0,5.0,10.0,14.0,4.700000000000000
22000537,2021-03-02,CLIPPERS at CELTICS,596072.0,4298.0,960.0,90.0,229.0,0.445415,0.404624,0.0,3,0.109170305676856,0.0524017467248908,5.0,2.0,7.0,5.0,5.45
22000541,2021-03-02,KNICKS at SPURS,289556.0,1671.0,416.0,93.0,212.0,0.466981,0.458824,1.0,1,0.127358490566038,0.10377358490566,2.0,6.0,8.0,26.0,5.6
22000540,2021-03-02,NUGGETS at BUCKS,537736.0,2938.0,646.0,96.5,225.0,0.293333,0.402299,0.0,2,0.146666666666667,0.128888888888889,17.0,3.0,20.0,31.0,4.15
22000542,2021-03-02,SUNS at LAKERS,1292353.0,9210.0,2523.0,93.5,218.0,0.37156,0.384615,0.0,3,0.160550458715596,0.055045871559633,5.0,1.0,6.0,10.0,5.8
22000543,2021-03-03,PACERS at CAVALIERS,170816.0,1060.0,266.0,100.5,225.0,0.253333,0.319277,1.0,1,0.115555555555556,0.102222222222222,11.0,3.0,14.0,3.0,3.875
22000539,2021-03-03,PISTONS at RAPTORS,238095.0,1156.0,648.0,96.0,234.0,0.410256,0.458333,0.0,0,0.162393162393162,0.0641025641025641,7.0,4.0,11.0,24.0,3.975
22000545,2021-03-03,JAZZ at 76ERS,769509.0,6046.0,1805.0,102.34,254.0,0.34252,0.357513,1.0,5,0.161417322834646,,7.0,1.0,8.0,8.0,4.325
22000546,2021-03-03,NETS at ROCKETS,1083220.0,8146.0,1168.0,101.0,246.0,0.426829,0.443182,0.0,2,0.150406504065041,0.117886178861789,11.0,3.0,14.0,18.0,5.65
22000548,2021-03-03,BULLS at PELICANS,306027.0,1998.0,412.0,103.5,252.0,0.214286,0.282486,0.0,2,0.182539682539683,0.107142857142857,,,,4.0,4.55
22000544,2021-03-03,HAWKS at MAGIC,160717.0,1049.0,309.0,98.0,227.0,0.449339,0.473373,0.0,1,0.198237885462555,,,,,3.0,3.925
22000547,2021-03-03,HORNETS at TIMBERWOLVES,205644.0,1527.0,297.0,111.0,237.0,0.329114,0.407216,0.0,0,0.130801687763713,0.147679324894515,12.0,0.0,12.0,33.0,3.3
22000549,2021-03-03,THUNDER at MAVERICKS,295868.0,1433.0,322.0,95.5,165.0,0.309091,0.464706,0.0,0,0.157575757575758,0.133333333333333,4.0,2.0,6.0,9.0,4.25
22000550,2021-03-03,WARRIORS at TRAIL BLAZERS,1111138.0,9137.0,2608.0,95.5,214.0,0.406542,0.497268,0.0,2,0.144859813084112,,7.0,5.0,12.0,2.0,6.525
22000551,2021-03-03,LAKERS at KINGS,1069278.0,7001.0,1653.0,95.5,243.0,0.296296,0.300578,0.0,0,0.102880658436214,,15.0,0.0,15.0,3.0,5.725
22000552,2021-03-04,RAPTORS at CELTICS,325547.0,2485.0,820.0,100.0,257.0,0.396887,0.478788,1.0,2,0.167315175097276,0.0622568093385214,6.0,4.0,10.0,7.0,5.0
22000565,2021-03-04,PISTONS at KNICKS,248633.0,1721.0,370.0,91.5,218.0,0.316514,0.386503,1.0,1,0.123853211009174,0.0825688073394496,10.0,0.0,10.0,10.0,5.475
22000554,2021-03-04,CLIPPERS at WIZARDS,540140.0,4329.0,848.0,102.5,236.0,0.317797,0.341176,1.0,2,0.233050847457627,0.076271186440678,8.0,9.0,17.0,2.0,4.825
22000553,2021-03-04,NUGGETS at PACERS,212068.0,1333.0,216.0,96.5,216.0,0.361111,0.401198,1.0,2,0.0833333333333333,0.194444444444444,,,,10.0,3.8
22000555,2021-03-04,BUCKS at GRIZZLIES,370252.0,2554.0,334.0,106.0,223.0,0.242152,0.346939,1.0,1,0.183856502242152,,11.0,0.0,11.0,1.0,3.65
22000557,2021-03-04,HEAT at PELICANS,461813.0,3073.0,500.0,90.5,196.0,0.321429,0.464968,0.0,0,0.188775510204082,0.0714285714285714,6.0,1.0,7.0,10.0,4.200000000000000
22000556,2021-03-04,THUNDER at SPURS,209530.0,1141.0,170.0,104.5,209.0,0.315789,0.417647,0.0,0,0.157894736842105,0.167464114832536,,,,5.0,3.6
22000185,2021-03-04,WARRIORS at SUNS,732300.0,4754.0,941.0,104.0,218.0,0.330275,0.353261,1.0,2,0.0917431192660551,0.119266055045872,5.0,9.0,14.0,,7.0
22000558,2021-03-04,KINGS at TRAIL BLAZERS,308506.0,2188.0,432.0,97.0,242.0,0.322314,0.350785,1.0,1,0.140495867768595,0.0867768595041322,7.0,1.0,8.0,4.0,4.05
22000566,2021-03-10,WIZARDS at GRIZZLIES,510485.0,3959.0,543.0,109.5,239.0,0.238494,0.304124,0.0,1,0.184100418410042,0.179916317991632,10.0,1.0,11.0,15.0,3.725
22000567,2021-03-10,SPURS at MAVERICKS,617289.0,4391.0,675.0,94.0,219.0,0.342466,0.409639,0.0,1,0.146118721461187,0.0867579908675799,8.0,1.0,9.0,11.0,4.35
22000568,2021-03-11,PISTONS at HORNETS,390229.0,3683.0,553.0,95.5,207.0,0.362319,0.434286,0.0,0,0.164251207729469,,10.0,2.0,12.0,3.0,3.4000000000000000
22000570,2021-03-11,HAWKS at RAPTORS,351993.0,2708.0,922.0,107.0,241.0,0.39834,0.424731,1.0,0,0.195020746887967,,7.0,4.0,11.0,1.0,4.4
22000569,2021-03-11,CELTICS at NETS,1282397.0,10823.0,1548.0,97.5,230.0,0.417391,0.458101,0.0,3,0.139130434782609,0.117391304347826,10.0,0.0,10.0,12.0,5.55
22000572,2021-03-11,76ERS at BULLS,221615.0,1848.0,286.0,101.5,232.0,0.310345,0.333333,0.0,1,0.103448275862069,0.0775862068965517,12.0,1.0,13.0,,5.35
22000573,2021-03-11,KNICKS at BUCKS,239266.0,1763.0,243.0,100.5,235.0,0.395745,0.428571,1.0,2,0.127659574468085,0.0851063829787234,10.0,4.0,14.0,33.0,5.8
22000571,2021-03-11,MAGIC at HEAT,257045.0,2342.0,374.0,99.0,214.0,0.392523,0.44385,1.0,1,0.121495327102804,0.0841121495327103,3.0,0.0,3.0,8.0,4.325000000000000
22000574,2021-03-11,TIMBERWOLVES at PELICANS,287593.0,1983.0,436.0,102.5,240.0,0.3125,0.369231,0.0,1,0.1125,0.158333333333333,21.0,3.0,24.0,30.0,3.275
22000575,2021-03-11,MAVERICKS at THUNDER,184414.0,1288.0,321.0,93.0,224.0,0.415179,0.381503,0.0,0,0.183035714285714,0.03125,6.0,1.0,7.0,8.0,4.25
22000577,2021-03-11,SUNS at TRAIL BLAZERS,398915.0,3051.0,510.0,97.5,248.0,0.375,0.378531,0.0,3,0.133064516129032,0.129032258064516,6.0,4.0,10.0,6.0,4.125
22000578,2021-03-11,ROCKETS at KINGS,236658.0,1339.0,200.0,106.5,230.0,0.286957,0.408377,1.0,0,0.156521739130435,0.152173913043478,9.0,0.0,9.0,20.0,5.075
22000576,2021-03-11,WARRIORS at CLIPPERS,1146694.0,8604.0,1508.0,109.5,234.0,0.346154,0.418478,0.0,3,0.183760683760684,0.123931623931624,8.0,3.0,11.0,26.0,7.4
22000581,2021-03-12,CAVALIERS at PELICANS,234762.0,1723.0,274.0,98.0,198.0,0.19697,0.296296,0.0,1,0.156565656565657,0.0808080808080808,9.0,0.0,9.0,34.0,3.8250000000000000
22000579,2021-03-12,76ERS at WIZARDS,290066.0,2046.0,375.0,104.0,228.0,0.25,0.261628,0.0,2,0.135964912280702,0.109649122807018,13.0,5.0,18.0,26.0,4.575
22000580,2021-03-12,NUGGETS at GRIZZLIES,279485.0,2145.0,446.0,97.5,205.0,0.395122,0.363128,0.0,1,0.0780487804878049,0.146341463414634,4.0,2.0,6.0,1.0,3.7
22000582,2021-03-12,HEAT at BULLS,327355.0,2717.0,534.0,97.5,191.0,0.424084,0.424419,0.0,1,0.115183246073298,0.151832460732984,,,,11.0,5.450000000000000
22000583,2021-03-12,MAGIC at SPURS,239560.0,1289.0,219.0,97.0,181.0,0.331492,0.39645,1.0,1,0.12707182320442,0.18232044198895,4.0,0.0,4.0,27.0,3.625
22000584,2021-03-12,ROCKETS at JAZZ,530349.0,2966.0,333.0,104.5,213.0,0.338028,0.430052,0.0,3,0.136150234741784,,6.0,1.0,7.0,15.0,4.725
22000585,2021-03-12,PACERS at LAKERS,1852868.0,14784.0,1701.0,100.5,205.0,0.219512,0.353659,0.0,2,0.234146341463415,0.136585365853659,6.0,0.0,6.0,5.0,5.2
22000586,2021-03-13,KNICKS at THUNDER,307220.0,2170.0,506.0,99.0,216.0,0.305556,0.403614,1.0,1,0.148148148148148,0.037037037037037,5.0,1.0,6.0,22.0,5.5
22000587,2021-03-13,PISTONS at NETS,801590.0,6931.0,1174.0,96.0,195.0,0.215385,0.349112,0.0,1,0.158974358974359,0.107692307692308,13.0,0.0,13.0,5.0,4.525
22000588,2021-03-13,RAPTORS at HORNETS,527103.0,4741.0,780.0,106.0,218.0,0.495413,0.536723,0.0,0,0.137614678899083,0.110091743119266,4.0,2.0,6.0,10.0,3.925
22000589,2021-03-13,BUCKS at WIZARDS,330020.0,2590.0,553.0,113.0,244.0,0.405738,0.445596,0.0,1,0.159836065573771,0.114754098360656,10.0,8.0,18.0,6.0,4.175
22000590,2021-03-13,KINGS at HAWKS,146913.0,948.0,208.0,94.0,227.0,0.251101,0.379121,0.0,0,0.158590308370044,0.0572687224669604,15.0,3.0,18.0,15.0,4.375
22000591,2021-03-13,TRAIL BLAZERS at TIMBERWOLVES,268112.0,2189.0,473.0,99.5,246.0,0.280488,0.377143,1.0,1,0.199186991869919,0.0609756097560976,8.0,0.0,8.0,4.0,3.45
22000194,2021-03-13,PACERS at SUNS,247984.0,1798.0,267.0,105.5,233.0,0.321888,0.331461,0.0,3,0.128755364806867,0.103004291845494,7.0,6.0,13.0,11.0,4.0
22000592,2021-03-13,MAVERICKS at NUGGETS,450934.0,2979.0,570.0,91.0,219.0,0.465753,0.494318,0.0,2,0.123287671232877,0.0958904109589041,6.0,4.0,10.0,13.0,4.6
22000593,2021-03-14,GRIZZLIES at THUNDER,310864.0,1783.0,371.0,103.0,250.0,0.276,0.321212,1.0,0,0.196,0.032,8.0,0.0,8.0,6.0,3.35
22000594,2021-03-14,JAZZ at WARRIORS,1645598.0,17012.0,2096.0,104.5,250.0,0.372,0.412088,0.0,4,0.148,0.116,12.0,12.0,24.0,12.0,6.575
22000595,2021-03-14,SPURS at 76ERS,243753.0,1812.0,564.0,99.5,233.0,0.244635,0.273224,0.0,1,0.128755364806867,0.128755364806867,16.0,0.0,16.0,35.0,4.300000000000000
22000596,2021-03-14,HEAT at MAGIC,250471.0,2133.0,579.0,98.0,199.0,0.452261,0.54878,0.0,1,0.14572864321608,0.125628140703518,5.0,0.0,5.0,5.0,4.325000000000000
22000597,2021-03-14,CAVALIERS at HAWKS,156088.0,973.0,223.0,88.5,182.0,0.32967,0.388158,0.0,0,0.197802197802198,0.10989010989011,10.0,1.0,11.0,18.0,4.325000000000000
22000598,2021-03-14,CELTICS at ROCKETS,274445.0,1950.0,411.0,105.5,241.0,0.423237,0.47541,0.0,2,0.145228215767635,0.0829875518672199,9.0,4.0,13.0,27.0,5.6
22000599,2021-03-14,TRAIL BLAZERS at TIMBERWOLVES,315446.0,2714.0,671.0,98.5,226.0,0.39823,0.512346,0.0,1,0.20353982300885,0.0619469026548673,7.0,3.0,10.0,2.0,3.45
22000600,2021-03-14,RAPTORS at BULLS,257445.0,1607.0,614.0,103.0,213.0,0.338028,0.475936,0.0,1,0.154929577464789,0.197183098591549,,,,23.0,5.15
22000601,2021-03-14,CLIPPERS at PELICANS,811796.0,4976.0,1049.0,102.0,250.0,0.324,0.398844,0.0,3,0.132,0.148,11.0,2.0,13.0,20.0,4.35
22000603,2021-03-15,BUCKS at WIZARDS,274860.0,1861.0,515.0,110.5,255.0,0.317647,0.364641,1.0,2,0.141176470588235,0.0705882352941177,11.0,4.0,15.0,11.0,4.175
22000602,2021-03-15,KINGS at HORNETS,401895.0,3742.0,799.0,102.0,238.0,0.264706,0.338889,0.0,0,0.130252100840336,0.142857142857143,11.0,0.0,11.0,6.0,3.9000000000000000
22000428,2021-03-15,SPURS at PISTONS,230313.0,1275.0,165.0,95.5,208.0,0.274038,0.301205,0.0,0,0.0817307692307692,0.0384615384615385,11.0,1.0,12.0,10.0,3.575
22000604,2021-03-15,KNICKS at NETS,935668.0,7411.0,1858.0,98.0,229.0,0.353712,0.422619,0.0,2,0.174672489082969,0.0349344978165939,10.0,4.0,14.0,5.0,6.55
22000605,2021-03-15,CLIPPERS at MAVERICKS,530623.0,3508.0,561.0,92.0,208.0,0.447115,0.442424,0.0,3,0.0625,0.153846153846154,12.0,3.0,15.0,10.0,5.2
22000607,2021-03-15,GRIZZLIES at SUNS,275195.0,1653.0,224.0,99.0,221.0,0.230769,0.311765,0.0,2,0.153846153846154,0.131221719457014,5.0,5.0,10.0,23.0,3.9
22000606,2021-03-15,PACERS at NUGGETS,356760.0,1472.0,158.0,95.0,227.0,0.422907,0.374332,1.0,2,0.118942731277533,0.167400881057269,6.0,2.0,8.0,15.0,3.8
22000608,2021-03-15,LAKERS at WARRIORS,2657580.0,25048.0,3010.0,102.0,225.0,0.32,0.407643,0.0,2,0.155555555555556,0.168888888888889,15.0,11.0,26.0,31.0,8.2
22000609,2021-03-16,JAZZ at CELTICS,768308.0,5730.0,815.0,95.0,226.0,0.384956,0.404494,0.0,5,0.110619469026549,0.079646017699115,11.0,5.0,16.0,8.0,4.625
22000613,2021-03-16,HAWKS at ROCKETS,168737.0,1169.0,456.0,92.5,226.0,0.39823,0.408046,0.0,0,0.106194690265487,0.110619469026549,13.0,6.0,19.0,12.0,5.0
22000612,2021-03-16,THUNDER at BULLS,198585.0,1451.0,254.0,97.0,225.0,0.253333,0.304348,0.0,1,0.115555555555556,0.0711111111111111,11.0,1.0,12.0,21.0,4.65
22000610,2021-03-16,CAVALIERS at HEAT,290688.0,2164.0,472.0,92.0,211.0,0.28436,0.362573,1.0,0,0.137440758293839,0.0947867298578199,11.0,0.0,11.0,15.0,4.725
22000611,2021-03-16,KNICKS at 76ERS,376934.0,2463.0,678.0,95.0,195.0,0.292308,0.321839,0.0,2,0.143589743589744,0.158974358974359,9.0,5.0,14.0,3.0,6.2
22000614,2021-03-16,PELICANS at TRAIL BLAZERS,710295.0,6305.0,1931.0,101.5,249.0,0.409639,0.47205,1.0,2,0.188755020080321,,5.0,2.0,7.0,1.0,3.4750000000000000
22000615,2021-03-16,TIMBERWOLVES at LAKERS,1680429.0,14966.0,1830.0,103.0,258.0,0.27907,0.344633,1.0,1,0.155038759689922,0.12015503875969,16.0,1.0,17.0,16.0,5.125
22000617,2021-03-17,NETS at PACERS,823654.0,7063.0,1035.0,106.5,239.0,0.225941,0.345029,1.0,1,0.213389121338912,0.167364016736402,11.0,8.0,19.0,9.0,4.5
22000619,2021-03-17,KINGS at WIZARDS,138187.0,1030.0,241.0,109.0,240.0,0.175,0.31016,1.0,1,0.216666666666667,0.0541666666666667,7.0,5.0,12.0,2.0,4.35
22000616,2021-03-17,RAPTORS at PISTONS,161117.0,892.0,307.0,97.5,228.0,0.315789,0.428571,0.0,0,0.236842105263158,0.0394736842105263,7.0,3.0,10.0,4.0,3.975
22000618,2021-03-17,BUCKS at 76ERS,424520.0,3402.0,719.0,109.13,214.0,0.32243,0.380952,0.0,2,0.107476635514019,0.135514018691589,12.0,4.0,16.0,4.0,4.5
22000621,2021-03-17,SPURS at BULLS,227576.0,1568.0,352.0,97.5,205.0,0.278049,0.355556,1.0,1,0.146341463414634,0.102439024390244,7.0,3.0,10.0,7.0,4.75
22000622,2021-03-17,WARRIORS at ROCKETS,731714.0,6549.0,762.0,102.0,202.0,0.341584,0.423529,1.0,1,0.153465346534653,0.128712871287129,7.0,0.0,7.0,14.0,7.550000000000000
22000620,2021-03-17,CELTICS at CAVALIERS,234279.0,1474.0,384.0,96.5,227.0,0.264317,0.376543,0.0,2,0.20704845814978,,,,,7.0,4.925
22000624,2021-03-17,HORNETS at NUGGETS,477066.0,3166.0,433.0,103.0,233.0,0.360515,0.482353,0.0,1,0.124463519313305,0.150214592274678,15.0,1.0,16.0,25.0,3.7750000000000000
22000623,2021-03-17,HEAT at GRIZZLIES,302544.0,1886.0,282.0,94.5,174.0,0.310345,0.436782,1.0,0,0.183908045977012,0.126436781609195,7.0,2.0,9.0,4.0,4.15
22000625,2021-03-17,CLIPPERS at MAVERICKS,716569.0,5071.0,1120.0,95.0,194.0,0.371134,0.39521,1.0,3,0.0824742268041237,0.103092783505155,12.0,2.0,14.0,16.0,5.2
22000166,2021-03-18,JAZZ at WIZARDS,437102.0,3855.0,610.0,109.0,253.0,0.296443,0.357143,1.0,3,0.181818181818182,0.0592885375494071,9.0,7.0,16.0,9.0,4.0
22000627,2021-03-18,MAGIC at KNICKS,234389.0,1942.0,422.0,91.5,187.0,0.385027,0.404762,0.0,2,0.101604278074866,0.0802139037433155,3.0,0.0,3.0,1.0,5.525
22000626,2021-03-18,THUNDER at HAWKS,206759.0,1201.0,240.0,97.5,209.0,0.344498,0.372222,0.0,0,0.110047846889952,0.0813397129186603,8.0,0.0,8.0,23.0,3.9
22000628,2021-03-18,TIMBERWOLVES at SUNS,486011.0,3028.0,566.0,104.0,242.0,0.322314,0.393258,0.0,2,0.15702479338843,0.107438016528926,12.0,7.0,19.0,4.0,3.925
22000630,2021-03-18,HORNETS at LAKERS,2181946.0,21788.0,3157.0,102.0,221.0,0.325792,0.388571,1.0,1,0.122171945701357,0.104072398190045,10.0,1.0,11.0,11.0,5.175
22000631,2021-03-19,KINGS at CELTICS,187434.0,1476.0,441.0,95.0,203.0,0.35468,0.354651,0.0,2,0.133004926108374,0.123152709359606,12.0,8.0,20.0,11.0,4.975
22000435,2021-03-19,SPURS at CAVALIERS,208502.0,1281.0,296.0,98.5,226.0,0.185841,0.254237,0.0,0,0.230088495575221,0.0884955752212389,11.0,1.0,12.0,6.0,4.025
22000633,2021-03-19,NETS at MAGIC,758777.0,5022.0,1324.0,99.5,234.0,0.397436,0.44,0.0,2,0.132478632478632,0.0769230769230769,9.0,2.0,11.0,8.0,4.575000000000000
22000635,2021-03-19,PISTONS at ROCKETS,153795.0,858.0,246.0,98.0,213.0,0.323944,0.352601,0.0,0,0.178403755868545,0.103286384976526,10.0,1.0,11.0,13.0,4.575
22000636,2021-03-19,WARRIORS at GRIZZLIES,563791.0,5557.0,933.0,104.0,219.0,0.315068,0.382857,0.0,0,0.136986301369863,0.146118721461187,7.0,0.0,7.0,13.0,6.300000000000000
22000632,2021-03-19,PACERS at HEAT,205325.0,1288.0,255.0,100.5,247.0,0.352227,0.38674,1.0,1,0.129554655870445,0.11336032388664,7.0,1.0,8.0,27.0,4.25
22000634,2021-03-19,JAZZ at RAPTORS,395234.0,2572.0,829.0,94.5,227.0,0.436123,0.515924,1.0,3,0.202643171806167,0.123348017621145,7.0,4.0,11.0,3.0,4.125
22000637,2021-03-19,BULLS at NUGGETS,263238.0,1868.0,394.0,97.81,258.0,0.360465,0.381215,0.0,2,0.143410852713178,0.135658914728682,10.0,4.0,14.0,4.0,5.0
22000639,2021-03-19,MAVERICKS at TRAIL BLAZERS,470882.0,3826.0,653.0,94.0,244.0,0.504098,0.511494,0.0,2,0.110655737704918,0.110655737704918,5.0,8.0,13.0,6.0,4.325
22000638,2021-03-19,TIMBERWOLVES at SUNS,236633.0,1313.0,186.0,101.5,214.0,0.378505,0.375758,0.0,2,0.126168224299065,0.088785046728972,10.0,5.0,15.0,12.0,3.925
22000640,2021-03-20,HAWKS at LAKERS,1161067.0,7543.0,1741.0,94.5,193.0,0.326425,0.351955,0.0,1,0.134715025906736,0.0569948186528497,8.0,1.0,9.0,5.0,5.65
22000641,2021-03-20,KINGS at 76ERS,203354.0,1564.0,361.0,99.0,234.0,0.269231,0.298246,0.0,0,0.166666666666667,0.136752136752137,3.0,2.0,5.0,24.0,4.675000000000000
22000642,2021-03-20,WARRIORS at GRIZZLIES,399726.0,2667.0,544.0,106.5,214.0,0.32243,0.394595,0.0,0,0.257009345794393,0.0794392523364486,3.0,1.0,4.0,8.0,6.300000000000000
22000643,2021-03-20,SPURS at BUCKS,338702.0,2183.0,429.0,104.0,233.0,0.334764,0.37766,1.0,1,0.107296137339056,0.0472103004291846,2.0,3.0,5.0,7.0,3.9
22000644,2021-03-20,HORNETS at CLIPPERS,537457.0,3679.0,505.0,94.5,223.0,0.363229,0.451807,0.0,2,0.197309417040359,0.0896860986547085,13.0,3.0,16.0,27.0,4.375
22000645,2021-03-21,PACERS at HEAT,221450.0,1568.0,418.0,92.83,215.0,0.334884,0.420513,0.0,1,0.172093023255814,0.111627906976744,7.0,0.0,7.0,3.0,4.25
22000016,2021-03-21,THUNDER at ROCKETS,167216.0,1083.0,374.0,101.5,226.0,0.358407,0.452941,0.0,0,0.163716814159292,0.0929203539823009,11.0,0.0,11.0,2.0,4.6
22000646,2021-03-21,PELICANS at NUGGETS,336127.0,2359.0,571.0,98.0,221.0,0.271493,0.358382,0.0,2,0.14027149321267,0.0678733031674208,,,,5.0,3.75
22000167,2021-03-21,MAGIC at CELTICS,213930.0,1480.0,210.0,92.5,208.0,0.490385,0.517442,1.0,3,0.144230769230769,0.0192307692307692,5.0,8.0,13.0,16.0,4.525
22000649,2021-03-21,BULLS at PISTONS,251654.0,1207.0,173.0,97.5,186.0,0.290323,0.32716,1.0,1,0.161290322580645,0.123655913978495,11.0,2.0,13.0,14.0,4.625
22000647,2021-03-21,WIZARDS at NETS,1381797.0,11479.0,1416.0,95.5,219.0,0.219178,0.295858,0.0,2,0.141552511415525,,16.0,1.0,17.0,7.0,4.925
22000648,2021-03-21,RAPTORS at CAVALIERS,173621.0,1062.0,366.0,107.5,221.0,0.434389,0.459302,0.0,0,0.167420814479638,0.158371040723982,10.0,8.0,18.0,11.0,4.425
22000650,2021-03-21,76ERS at KNICKS,344543.0,2854.0,846.0,92.38,201.0,0.328358,0.288235,0.0,2,0.134328358208955,,4.0,1.0,5.0,1.0,6.2
22000652,2021-03-21,MAVERICKS at TRAIL BLAZERS,434997.0,3379.0,911.0,95.0,224.0,0.375,0.445714,0.0,2,0.142857142857143,0.0848214285714286,7.0,12.0,19.0,40.0,4.325
22000651,2021-03-21,LAKERS at SUNS,935754.0,5664.0,1525.0,100.0,205.0,0.204878,0.331395,0.0,2,0.180487804878049,0.11219512195122,6.0,0.0,6.0,17.0,5.8
22000653,2021-03-22,KINGS at CAVALIERS,136434.0,889.0,152.0,101.5,224.0,0.227679,0.252688,0.0,0,0.120535714285714,,9.0,2.0,11.0,14.0,4.4
22000654,2021-03-22,THUNDER at TIMBERWOLVES,145351.0,936.0,205.0,98.0,215.0,0.488372,0.424581,0.0,0,0.102325581395349,0.0744186046511628,7.0,2.0,9.0,9.0,3.375
22000655,2021-03-22,HORNETS at SPURS,323574.0,2014.0,440.0,93.0,197.0,0.350254,0.402516,1.0,0,0.17258883248731,0.0558375634517767,8.0,0.0,8.0,3.0,3.5250000000000000
22000656,2021-03-22,JAZZ at BULLS,335580.0,2145.0,274.0,98.0,215.0,0.32093,0.345745,0.0,4,0.111627906976744,0.223255813953488,11.0,0.0,11.0,25.0,4.775
22000657,2021-03-22,RAPTORS at ROCKETS,231598.0,1574.0,573.0,98.0,216.0,0.333333,0.429379,0.0,0,0.166666666666667,0.12037037037037,,,,18.0,5.1
22000659,2021-03-22,PACERS at BUCKS,193699.0,1295.0,339.0,106.5,253.0,0.426877,0.434146,1.0,1,0.08300395256917,0.0909090909090909,9.0,7.0,16.0,27.0,3.75
22000658,2021-03-22,CELTICS at GRIZZLIES,305194.0,1834.0,408.0,97.36,258.0,0.337209,0.35,0.0,1,0.0968992248062016,0.135658914728682,7.0,0.0,7.0,6.0,4.35
22000660,2021-03-22,HAWKS at CLIPPERS,536052.0,4456.0,1069.0,92.0,229.0,0.379913,0.4,0.0,2,0.131004366812227,0.122270742358079,10.0,7.0,17.0,9.0,4.85
22000661,2021-03-23,NUGGETS at MAGIC,202407.0,1170.0,218.0,94.5,209.0,0.272727,0.357542,0.0,2,0.105263157894737,0.124401913875598,9.0,0.0,9.0,11.0,3.875
22000662,2021-03-23,WIZARDS at KNICKS,294437.0,1918.0,542.0,100.5,244.0,0.307377,0.309942,0.0,2,0.200819672131148,0.0778688524590164,8.0,0.0,8.0,18.0,5.875
22000663,2021-03-23,LAKERS at PELICANS,1148393.0,6586.0,1753.0,103.5,239.0,0.351464,0.377143,0.0,1,0.188284518828452,0.117154811715481,8.0,3.0,11.0,17.0,5.15
22000664,2021-03-23,SUNS at HEAT,417720.0,2544.0,523.0,91.5,210.0,0.357143,0.412429,1.0,2,0.10952380952381,0.104761904761905,,,,10.0,4.85
22000666,2021-03-23,NETS at TRAIL BLAZERS,1260562.0,10580.0,1679.0,97.0,228.0,0.368421,0.480226,0.0,1,0.184210526315789,,10.0,2.0,12.0,4.0,4.625
22000665,2021-03-23,76ERS at WARRIORS,520421.0,4229.0,764.0,98.0,206.0,0.218447,0.289941,0.0,1,0.199029126213592,0.087378640776699,9.0,1.0,10.0,10.0,7.15
22000667,2021-03-24,PISTONS at PACERS,114142.0,881.0,206.0,99.5,227.0,0.343612,0.344444,0.0,1,0.101321585903084,0.185022026431718,9.0,1.0,10.0,5.0,3.425
22000668,2021-03-24,NUGGETS at RAPTORS,215048.0,1888.0,589.0,97.5,246.0,0.463415,0.486631,0.0,1,0.146341463414634,0.0731707317073171,3.0,0.0,3.0,24.0,4.35
22000669,2021-03-24,CELTICS at BUCKS,317605.0,2345.0,560.0,100.0,240.0,0.45,0.456522,1.0,3,0.1,0.158333333333333,8.0,6.0,14.0,2.0,4.8
22000674,2021-03-24,GRIZZLIES at THUNDER,101842.0,615.0,105.0,107.5,223.0,0.282511,0.335052,0.0,0,0.0986547085201794,0.161434977578475,19.0,2.0,21.0,9.0,3.35
22000671,2021-03-24,CAVALIERS at BULLS,150108.0,969.0,172.0,95.0,197.0,0.28934,0.325714,0.0,1,0.101522842639594,0.0710659898477157,11.0,0.0,11.0,9.0,5.075000000000000
22000670,2021-03-24,SUNS at MAGIC,176898.0,1147.0,322.0,98.5,223.0,0.32287,0.388889,0.0,3,0.15695067264574,,3.0,0.0,3.0,1.0,4.075000000000000
22000672,2021-03-24,HORNETS at ROCKETS,236685.0,1437.0,287.0,93.5,219.0,0.465753,0.524096,0.0,0,0.168949771689498,0.0821917808219178,10.0,1.0,11.0,25.0,4.525
22000675,2021-03-24,CLIPPERS at SPURS,471531.0,2468.0,360.0,102.0,235.0,0.306383,0.317919,0.0,2,0.148936170212766,0.0936170212765957,9.0,0.0,9.0,33.0,4.550000000000000
22000676,2021-03-24,NETS at JAZZ,766345.0,5241.0,1389.0,98.0,206.0,0.436893,0.478723,1.0,3,0.116504854368932,0.174757281553398,,,,30.0,4.675
22000677,2021-03-24,HAWKS at KINGS,174135.0,1230.0,264.0,98.0,218.0,0.233945,0.325444,0.0,0,0.178899082568807,0.0779816513761468,10.0,2.0,12.0,2.0,4.375
22000678,2021-03-25,TRAIL BLAZERS at HEAT,405948.0,3023.0,782.0,96.5,247.0,0.437247,0.454545,0.0,1,0.117408906882591,,6.0,4.0,10.0,3.0,4.375
22000679,2021-03-25,WIZARDS at KNICKS,266560.0,2432.0,702.0,103.5,208.0,0.216346,0.312139,0.0,2,0.245192307692308,0.129807692307692,8.0,0.0,8.0,4.0,5.875
22000680,2021-03-25,CLIPPERS at SPURS,328589.0,1773.0,313.0,92.5,183.0,0.344262,0.333333,0.0,1,0.153005464480874,0.0710382513661202,1.0,2.0,3.0,13.0,4.550000000000000
22000682,2021-03-25,WARRIORS at KINGS,389389.0,2585.0,714.0,97.0,260.0,0.415385,0.39548,1.0,0,0.107692307692308,0.0884615384615385,6.0,2.0,8.0,,6.925000000000000
22000681,2021-03-25,76ERS at LAKERS,1107574.0,6604.0,1519.0,101.5,210.0,0.371429,0.449367,1.0,1,0.180952380952381,0.114285714285714,5.0,1.0,6.0,8.0,5.95
22000683,2021-03-26,NETS at PISTONS,769714.0,6000.0,1054.0,92.0,224.0,0.321429,0.407643,1.0,0,0.267857142857143,0.0267857142857143,10.0,1.0,11.0,2.0,4.525
22000684,2021-03-26,SUNS at RAPTORS,216267.0,1493.0,364.0,98.0,204.0,0.308824,0.45,1.0,2,0.112745098039216,0.127450980392157,,,,4.0,4.55
22000685,2021-03-26,CELTICS at BUCKS,301372.0,2311.0,420.0,101.0,236.0,0.521186,0.502674,0.0,3,0.0889830508474576,0.139830508474576,9.0,2.0,11.0,8.0,4.8
22000687,2021-03-26,TRAIL BLAZERS at MAGIC,223349.0,1667.0,404.0,97.5,217.0,0.414747,0.372222,1.0,0,0.105990783410138,,4.0,1.0,5.0,7.0,3.6000000000000000
22000689,2021-03-26,NUGGETS at PELICANS,398937.0,2568.0,690.0,91.0,221.0,0.352941,0.333333,0.0,2,0.104072398190045,,7.0,0.0,7.0,5.0,3.75
22000688,2021-03-26,ROCKETS at TIMBERWOLVES,146176.0,1032.0,286.0,103.0,208.0,0.389423,0.431579,0.0,0,0.139423076923077,,8.0,0.0,8.0,6.0,4.475
22000686,2021-03-26,HEAT at HORNETS,261744.0,2007.0,556.0,95.0,215.0,0.460465,0.518072,0.0,0,0.111627906976744,0.125581395348837,7.0,5.0,12.0,5.0,4.225
22000690,2021-03-26,PACERS at MAVERICKS,177101.0,1029.0,168.0,98.0,203.0,0.413793,0.450549,1.0,1,0.103448275862069,0.103448275862069,5.0,1.0,6.0,15.0,4.2
22000691,2021-03-26,GRIZZLIES at JAZZ,303595.0,2087.0,269.0,99.0,231.0,0.311688,0.323077,0.0,3,0.125541125541126,0.125541125541126,12.0,2.0,14.0,3.0,3.475
22000692,2021-03-26,HAWKS at WARRIORS,392609.0,2227.0,633.0,97.0,232.0,0.323276,0.374233,0.0,0,0.15948275862069,0.0818965517241379,12.0,6.0,18.0,16.0,6.85
22000693,2021-03-26,CAVALIERS at LAKERS,1209349.0,9810.0,1283.0,102.0,186.0,0.177419,0.329114,0.0,0,0.198924731182796,0.10752688172043,14.0,1.0,15.0,14.0,5.675
22000694,2021-03-27,PISTONS at WIZARDS,165046.0,1355.0,219.0,104.5,198.0,0.287879,0.284091,0.0,1,0.126262626262626,,12.0,9.0,21.0,14.0,3.85
22000696,2021-03-27,ROCKETS at TIMBERWOLVES,186896.0,1440.0,294.0,97.5,236.0,0.394068,0.446328,0.0,0,0.139830508474576,0.13135593220339,,,,22.0,4.475
22000695,2021-03-27,KNICKS at BUCKS,333714.0,2545.0,694.0,94.5,198.0,0.454545,0.444444,0.0,0,0.0808080808080808,0.126262626262626,10.0,5.0,15.0,6.0,5.8
22000697,2021-03-27,BULLS at SPURS,384668.0,2737.0,507.0,102.5,224.0,0.241071,0.327778,0.0,1,0.142857142857143,0.147321428571429,6.0,3.0,9.0,16.0,4.75
22000699,2021-03-27,CELTICS at THUNDER,275863.0,1902.0,461.0,102.0,205.0,0.336585,0.424581,1.0,2,0.126829268292683,0.0731707317073171,13.0,2.0,15.0,17.0,4.5
22000700,2021-03-27,GRIZZLIES at JAZZ,319450.0,1914.0,313.0,109.0,236.0,0.355932,0.412698,0.0,2,0.161016949152542,0.105932203389831,7.0,6.0,13.0,16.0,3.475
22000698,2021-03-27,MAVERICKS at PELICANS,409989.0,2504.0,612.0,91.0,215.0,0.265116,0.347561,1.0,1,0.176744186046512,0.0837209302325581,5.0,0.0,5.0,9.0,4.15
22000701,2021-03-27,76ERS at CLIPPERS,626085.0,4036.0,641.0,97.0,234.0,0.269231,0.320988,0.0,3,0.192307692307692,0.0512820512820513,8.0,1.0,9.0,10.0,5.15
22000702,2021-03-27,CAVALIERS at KINGS,248857.0,1371.0,329.0,95.5,198.0,0.242424,0.341463,0.0,0,0.131313131313131,,5.0,2.0,7.0,2.0,4.4
22000703,2021-03-28,SUNS at HORNETS,409972.0,3156.0,699.0,89.21,198.0,0.318182,0.458564,1.0,2,0.207070707070707,0.0858585858585859,8.0,1.0,9.0,4.0,3.9750000000000000
22000705,2021-03-28,HAWKS at NUGGETS,522823.0,3759.0,627.0,94.0,228.0,0.355263,0.416667,0.0,1,0.12719298245614,0.0657894736842105,6.0,8.0,14.0,24.0,4.25
22000706,2021-03-28,MAGIC at LAKERS,1389029.0,10877.0,1865.0,96.5,189.0,0.349206,0.429412,0.0,0,0.164021164021164,0.121693121693122,10.0,5.0,15.0,3.0,5.275
22000707,2021-03-29,PACERS at WIZARDS,303293.0,2533.0,500.0,113.5,256.0,0.257812,0.255208,0.0,1,0.140625,,16.0,8.0,24.0,8.0,3.825
22000709,2021-03-29,TIMBERWOLVES at NETS,892838.0,6692.0,831.0,104.0,219.0,0.328767,0.393617,0.0,1,0.159817351598174,0.164383561643836,6.0,0.0,6.0,5.0,4.425
22000710,2021-03-29,HEAT at KNICKS,341506.0,2587.0,444.0,92.5,186.0,0.322581,0.421687,0.0,1,0.139784946236559,0.0913978494623656,9.0,1.0,10.0,10.0,6.3
22000708,2021-03-29,PELICANS at CELTICS,382050.0,2761.0,578.0,100.5,224.0,0.401786,0.422857,0.0,2,0.142857142857143,,4.0,4.0,8.0,6.0,4.4
22000713,2021-03-29,MAVERICKS at THUNDER,249937.0,1563.0,301.0,103.0,233.0,0.321888,0.39548,0.0,1,0.128755364806867,0.111587982832618,16.0,3.0,19.0,21.0,4.25
22000711,2021-03-29,RAPTORS at PISTONS,135869.0,742.0,347.0,98.0,222.0,0.351351,0.409938,0.0,0,0.225225225225225,0.018018018018018,5.0,5.0,10.0,14.0,3.975
22000712,2021-03-29,GRIZZLIES at ROCKETS,145072.0,744.0,158.0,101.0,230.0,0.286957,0.407821,0.0,0,0.156521739130435,0.143478260869565,8.0,2.0,10.0,10.0,4.45
22000714,2021-03-29,KINGS at SPURS,178904.0,1040.0,298.0,98.5,247.0,0.340081,0.355932,1.0,0,0.125506072874494,0.129554655870445,7.0,2.0,9.0,17.0,4.075
22000715,2021-03-29,CAVALIERS at JAZZ,342250.0,1764.0,353.0,95.0,189.0,0.412698,0.454545,0.0,3,0.153439153439153,0.111111111111111,5.0,2.0,7.0,39.0,4.05
22000716,2021-03-29,BULLS at WARRIORS,1138088.0,10581.0,1203.0,99.0,218.0,0.302752,0.352273,0.0,2,0.073394495412844,0.119266055045872,11.0,10.0,21.0,14.0,7.6
22000717,2021-03-29,BUCKS at CLIPPERS,733284.0,4914.0,928.0,98.5,234.0,0.384615,0.363636,0.0,2,0.111111111111111,0.0854700854700855,,,,24.0,4.75
22000718,2021-03-30,HORNETS at WIZARDS,464310.0,3350.0,507.0,101.5,218.0,0.330275,0.373684,0.0,0,0.128440366972477,0.0871559633027523,12.0,6.0,18.0,10.0,3.8
22000719,2021-03-30,76ERS at NUGGETS,524141.0,3682.0,774.0,97.0,199.0,0.346734,0.404908,0.0,2,0.14070351758794,0.160804020100503,13.0,5.0,18.0,9.0,4.550000000000000
22000171,2021-03-30,HAWKS at SUNS,269644.0,2149.0,335.0,96.0,227.0,0.330396,0.369942,1.0,2,0.13215859030837,0.0572687224669604,11.0,3.0,14.0,7.0,4.450000000000000
22000720,2021-03-30,MAGIC at CLIPPERS,374313.0,2590.0,1114.0,96.5,199.0,0.256281,0.298343,0.0,1,0.160804020100503,0.085427135678392,13.0,1.0,14.0,7.0,4.475
22000722,2021-03-31,HEAT at PACERS,336540.0,2372.0,345.0,94.0,179.0,0.351955,0.423313,0.0,1,0.145251396648045,0.206703910614525,9.0,7.0,16.0,5.0,4.25
22000724,2021-03-31,ROCKETS at NETS,847071.0,7156.0,1107.0,95.5,228.0,0.342105,0.452381,0.0,2,0.157894736842105,0.0701754385964912,6.0,1.0,7.0,12.0,5.65
22000723,2021-03-31,MAVERICKS at CELTICS,391760.0,2815.0,604.0,101.5,221.0,0.40724,0.502924,0.0,3,0.167420814479638,0.122171945701357,6.0,5.0,11.0,5.0,5.25
22000726,2021-03-31,KNICKS at TIMBERWOLVES,191335.0,1306.0,420.0,96.0,203.0,0.369458,0.372781,0.0,1,0.137931034482759,,9.0,0.0,9.0,1.0,5.375
22000725,2021-03-31,JAZZ at GRIZZLIES,364795.0,2482.0,329.0,101.0,218.0,0.288991,0.374302,1.0,2,0.169724770642202,0.114678899082569,,,,4.0,3.475
22000727,2021-03-31,RAPTORS at THUNDER,162928.0,963.0,424.0,99.0,216.0,0.416667,0.448864,0.0,0,0.175925925925926,0.115740740740741,11.0,4.0,15.0,10.0,4.0
22000728,2021-03-31,KINGS at SPURS,176752.0,1158.0,125.0,102.5,226.0,0.278761,0.331522,0.0,0,0.18141592920354,0.123893805309735,11.0,1.0,12.0,14.0,4.075
22000730,2021-03-31,BULLS at SUNS,306949.0,2068.0,394.0,95.5,237.0,0.278481,0.322222,0.0,2,0.156118143459916,0.0928270042194093,5.0,1.0,6.0,5.0,5.200000000000000
22000729,2021-03-31,BUCKS at LAKERS,1301660.0,8157.0,1621.0,104.0,209.0,0.344498,0.373494,0.0,1,0.148325358851675,0.076555023923445,11.0,4.0,15.0,15.0,5.55
22000731,2021-04-01,76ERS at CAVALIERS,263486.0,1578.0,233.0,101.0,208.0,0.360577,0.416185,0.0,1,0.168269230769231,,9.0,1.0,10.0,20.0,4.625
22000179,2021-04-01,WIZARDS at PISTONS,272079.0,1259.0,214.0,104.0,211.0,0.241706,0.268156,1.0,0,0.113744075829384,0.0900473933649289,7.0,3.0,10.0,29.0,3.85
22000732,2021-04-01,HORNETS at NETS,1192592.0,8475.0,1546.0,95.0,200.0,0.495,0.468927,1.0,1,0.095,0.105,4.0,0.0,4.0,22.0,4.475
22000733,2021-04-01,WARRIORS at HEAT,920451.0,7753.0,1014.0,99.0,225.0,0.373333,0.463415,0.0,1,0.208888888888889,0.0888888888888889,,,,7.0,7.25
22000734,2021-04-01,MAGIC at PELICANS,176637.0,976.0,219.0,102.34,225.0,0.226667,0.271357,0.0,0,0.16,0.182222222222222,14.0,1.0,15.0,5.0,3.425
22000735,2021-04-01,HAWKS at SPURS,244528.0,1604.0,348.0,94.34,263.0,0.296578,0.304762,0.0,0,0.14828897338403,0.0760456273764259,7.0,5.0,12.0,5.0,4.0
22000736,2021-04-01,NUGGETS at CLIPPERS,670385.0,4906.0,1268.0,89.0,195.0,0.353846,0.355422,1.0,3,0.123076923076923,0.0769230769230769,10.0,2.0,12.0,7.0,4.800000000000000
22000737,2021-04-02,WARRIORS at RAPTORS,546411.0,5226.0,1855.0,100.0,207.0,0.376812,0.413174,0.0,0,0.169082125603865,0.115942028985507,,,,53.0,6.95
22000739,2021-04-02,MAVERICKS at KNICKS,302722.0,2196.0,469.0,93.5,185.0,0.389189,0.423729,0.0,2,0.0810810810810811,0.0918918918918919,8.0,3.0,11.0,13.0,6.25
22000741,2021-04-02,TIMBERWOLVES at GRIZZLIES,133323.0,767.0,109.0,99.5,228.0,0.407895,0.4,0.0,0,0.162280701754386,0.144736842105263,,,,12.0,3.225
22000740,2021-04-02,HORNETS at PACERS,163789.0,956.0,155.0,103.5,211.0,0.255924,0.361582,0.0,1,0.146919431279621,0.165876777251185,7.0,5.0,12.0,17.0,3.375
22000742,2021-04-02,HAWKS at PELICANS,207899.0,1086.0,260.0,103.5,229.0,0.275109,0.331429,0.0,0,0.148471615720524,,9.0,0.0,9.0,23.0,3.8
22000743,2021-04-02,BULLS at JAZZ,414719.0,2575.0,383.0,97.0,219.0,0.273973,0.380952,0.0,4,0.178082191780822,0.0684931506849315,7.0,3.0,10.0,7.0,4.775
22000746,2021-04-02,LAKERS at KINGS,1752122.0,13061.0,1852.0,100.0,209.0,0.38756,0.386364,0.0,0,0.114832535885167,0.129186602870813,7.0,0.0,7.0,21.0,5.725
22000744,2021-04-02,THUNDER at SUNS,287222.0,1661.0,347.0,103.0,243.0,0.37037,0.396648,0.0,2,0.1440329218107,0.135802469135802,7.0,2.0,9.0,37.0,4.05
22000747,2021-04-03,MAVERICKS at WIZARDS,397084.0,2622.0,444.0,95.0,196.0,0.229592,0.3125,0.0,1,0.158163265306122,0.0306122448979592,1.0,7.0,8.0,22.0,4.625
22000748,2021-04-03,KNICKS at PISTONS,172161.0,1380.0,445.0,90.5,206.0,0.407767,0.416149,0.0,1,0.16504854368932,0.111650485436893,9.0,0.0,9.0,44.0,5.475
22000749,2021-04-03,CAVALIERS at HEAT,312480.0,2668.0,459.0,95.0,216.0,0.347222,0.442308,0.0,0,0.152777777777778,0.0925925925925926,7.0,2.0,9.0,14.0,4.725
22000750,2021-04-03,TIMBERWOLVES at 76ERS,312700.0,2416.0,608.0,100.5,235.0,0.306383,0.402516,0.0,2,0.251063829787234,0.161702127659574,12.0,1.0,13.0,9.0,4.075
22000752,2021-04-03,MAGIC at JAZZ,247748.0,1787.0,600.0,99.5,228.0,0.368421,0.435754,0.0,2,0.149122807017544,0.0964912280701754,9.0,3.0,12.0,46.0,3.65
22000751,2021-04-03,PACERS at SPURS,143489.0,873.0,206.0,100.53,272.0,0.242647,0.300518,0.0,0,0.183823529411765,0.0698529411764706,7.0,0.0,7.0,6.0,3.55
22000753,2021-04-03,THUNDER at TRAIL BLAZERS,222728.0,1595.0,373.0,104.0,218.0,0.385321,0.42328,0.0,1,0.128440366972477,0.151376146788991,8.0,3.0,11.0,48.0,3.575
22000754,2021-04-03,BUCKS at KINGS,215031.0,1448.0,234.0,102.5,257.0,0.326848,0.364583,0.0,0,0.120622568093385,0.0933852140077821,6.0,5.0,11.0,1.0,4.275
22000755,2021-04-04,NETS at BULLS,1016546.0,7766.0,1367.0,95.0,222.0,0.256757,0.292398,0.0,2,0.121621621621622,0.103603603603604,,,,8.0,5.700000000000000
22000756,2021-04-04,LAKERS at CLIPPERS,1283006.0,8214.0,1527.0,97.5,190.0,0.331579,0.307229,0.0,2,0.121052631578947,0.0947368421052632,3.0,1.0,4.0,18.0,6.2
22000757,2021-04-04,HORNETS at CELTICS,320997.0,2496.0,368.0,90.0,202.0,0.460396,0.488506,0.0,2,0.103960396039604,0.113861386138614,9.0,0.0,9.0,30.0,4.425
22000758,2021-04-04,GRIZZLIES at 76ERS,226024.0,1284.0,275.0,97.0,216.0,0.333333,0.404494,0.0,1,0.138888888888889,0.175925925925926,11.0,3.0,14.0,16.0,4.050000000000000
22000759,2021-04-04,WARRIORS at HAWKS,611254.0,5283.0,1018.0,106.0,228.0,0.289474,0.416185,1.0,1,0.219298245614035,0.0175438596491228,12.0,0.0,12.0,6.0,6.85
22000760,2021-04-04,PELICANS at ROCKETS,266402.0,2126.0,417.0,104.5,237.0,0.405063,0.427778,0.0,0,0.164556962025316,0.109704641350211,9.0,4.0,13.0,7.0,4.5
22000761,2021-04-04,MAGIC at NUGGETS,282317.0,2255.0,579.0,96.0,228.0,0.289474,0.361582,1.0,1,0.157894736842105,0.105263157894737,13.0,0.0,13.0,10.0,3.875
22000763,2021-04-05,WIZARDS at RAPTORS,320252.0,2846.0,769.0,102.5,204.0,0.279412,0.361702,0.0,0,0.112745098039216,,8.0,1.0,9.0,2.0,4.375
22000767,2021-04-05,CAVALIERS at SPURS,203703.0,982.0,220.0,98.5,226.0,0.225664,0.35503,0.0,0,0.216814159292035,,5.0,1.0,6.0,24.0,4.025
22000764,2021-04-05,JAZZ at MAVERICKS,638434.0,4534.0,732.0,90.0,214.0,0.490654,0.519553,0.0,4,0.107476635514019,0.0467289719626168,6.0,2.0,8.0,8.0,4.375
22000766,2021-04-05,PISTONS at THUNDER,186674.0,742.0,161.0,107.0,240.0,0.225,0.286458,0.0,0,0.175,0.125,11.0,0.0,11.0,24.0,3.475
22000762,2021-04-05,KNICKS at NETS,840885.0,7050.0,1300.0,99.5,226.0,0.318584,0.342697,0.0,2,0.168141592920354,0.123893805309735,4.0,1.0,5.0,2.0,6.55
22000765,2021-04-05,KINGS at TIMBERWOLVES,169160.0,1255.0,213.0,102.5,222.0,0.283784,0.379888,1.0,0,0.211711711711712,0.121621621621622,12.0,0.0,12.0,10.0,3.85
22000768,2021-04-05,SUNS at ROCKETS,215815.0,1572.0,305.0,105.0,263.0,0.39924,0.424242,0.0,2,0.20532319391635,0.152091254752852,9.0,1.0,10.0,3.0,5.15
22000769,2021-04-06,BULLS at PACERS,217536.0,1562.0,218.0,102.0,210.0,0.328571,0.346154,0.0,1,0.10952380952381,0.161904761904762,7.0,2.0,9.0,16.0,4.6
22000770,2021-04-06,PELICANS at HAWKS,333351.0,2396.0,488.0,100.0,230.0,0.417391,0.385475,0.0,1,0.156521739130435,0.091304347826087,5.0,2.0,7.0,16.0,3.8
22000772,2021-04-06,LAKERS at RAPTORS,1137817.0,8795.0,995.0,99.5,211.0,0.327014,0.429412,0.0,0,0.180094786729858,0.104265402843602,8.0,0.0,8.0,9.0,5.75
22000771,2021-04-06,76ERS at CELTICS,412515.0,2605.0,827.0,94.0,202.0,0.341584,0.405594,0.0,4,0.222772277227723,0.123762376237624,3.0,10.0,13.0,10.0,5.2
22000773,2021-04-06,GRIZZLIES at HEAT,239570.0,1417.0,232.0,95.5,236.0,0.381356,0.445783,1.0,0,0.110169491525424,0.114406779661017,2.0,1.0,3.0,12.0,4.15
22000321,2021-04-06,PISTONS at NUGGETS,239132.0,1467.0,399.0,96.0,253.0,0.343874,0.377143,0.0,1,0.0948616600790514,0.181818181818182,7.0,1.0,8.0,15.0,3.825
22000775,2021-04-06,TRAIL BLAZERS at CLIPPERS,526147.0,3505.0,703.0,101.5,249.0,0.325301,0.425414,1.0,3,0.224899598393574,0.0602409638554217,5.0,1.0,6.0,17.0,4.525
22000774,2021-04-06,BUCKS at WARRIORS,1206832.0,13374.0,1731.0,101.0,243.0,0.358025,0.395604,0.0,1,0.139917695473251,,9.0,8.0,17.0,1.0,6.75
22000777,2021-04-07,WIZARDS at MAGIC,182203.0,1188.0,181.0,97.5,247.0,0.376518,0.376404,0.0,1,0.121457489878543,0.0728744939271255,6.0,0.0,6.0,15.0,3.9
22000776,2021-04-07,TIMBERWOLVES at PACERS,177471.0,859.0,184.0,106.5,278.0,0.258993,0.304348,0.0,0,0.172661870503597,0.165467625899281,10.0,3.0,13.0,4.0,3.325
22000778,2021-04-07,KNICKS at CELTICS,402509.0,2416.0,522.0,96.5,200.0,0.465,0.429412,1.0,3,0.135,0.14,7.0,7.0,14.0,2.0,6.5
22000779,2021-04-07,PELICANS at NETS,1605111.0,13930.0,2492.0,103.5,250.0,0.3,0.375691,0.0,3,0.188,0.136,10.0,1.0,11.0,28.0,4.450000000000000
22000781,2021-04-07,HORNETS at THUNDER,145156.0,1062.0,175.0,102.0,215.0,0.432558,0.467033,0.0,0,0.111627906976744,0.111627906976744,7.0,2.0,9.0,11.0,3.425
22000780,2021-04-07,GRIZZLIES at HAWKS,158983.0,1054.0,310.0,101.0,244.0,0.331967,0.357895,1.0,0,0.127049180327869,0.0860655737704918,9.0,0.0,9.0,18.0,3.75
22000456,2021-04-07,MAVERICKS at ROCKETS,233130.0,1764.0,478.0,92.5,195.0,0.415385,0.474286,0.0,1,0.133333333333333,0.123076923076923,8.0,4.0,12.0,9.0,5.35
22000782,2021-04-07,SPURS at NUGGETS,207673.0,1441.0,338.0,102.0,202.0,0.207921,0.274725,0.0,1,0.158415841584158,0.108910891089109,12.0,0.0,12.0,10.0,3.95
22000783,2021-04-07,JAZZ at SUNS,583042.0,5124.0,1197.0,99.17,230.0,0.286957,0.382353,1.0,5,0.11304347826087,0.134782608695652,6.0,0.0,6.0,4.0,4.175
22000523,2021-04-08,BULLS at RAPTORS,291524.0,2226.0,546.0,98.5,235.0,0.293617,0.347826,0.0,1,0.14468085106383,0.0851063829787234,8.0,3.0,11.0,9.0,5.15
22000785,2021-04-08,CAVALIERS at THUNDER,211482.0,966.0,222.0,102.5,231.0,0.337662,0.377049,0.0,0,0.125541125541126,0.0995670995670996,10.0,1.0,11.0,27.0,3.925
22000784,2021-04-08,LAKERS at HEAT,1077596.0,7625.0,1531.0,99.0,214.0,0.308411,0.4,0.0,0,0.252336448598131,0.088785046728972,8.0,1.0,9.0,6.0,6.05
22000786,2021-04-08,BUCKS at MAVERICKS,353436.0,2325.0,489.0,100.0,217.0,0.400922,0.395939,1.0,1,0.119815668202765,0.119815668202765,5.0,4.0,9.0,15.0,4.55
22000789,2021-04-08,PISTONS at KINGS,155849.0,658.0,222.0,101.5,214.0,0.21028,0.311765,0.0,0,0.163551401869159,0.186915887850467,12.0,0.0,12.0,12.0,3.95
22000788,2021-04-08,SUNS at CLIPPERS,554639.0,4182.0,956.0,90.0,216.0,0.333333,0.393548,1.0,4,0.166666666666667,0.087962962962963,,,,10.0,5.0
22000790,2021-04-09,PACERS at MAGIC,146632.0,890.0,115.0,104.5,217.0,0.235023,0.313187,0.0,1,0.221198156682028,0.0875576036866359,5.0,4.0,9.0,5.0,3.4750000000000000
22000791,2021-04-09,BULLS at HAWKS,268350.0,2085.0,463.0,99.0,228.0,0.263158,0.352941,0.0,1,0.140350877192982,0.0657894736842105,12.0,1.0,13.0,12.0,5.05
22000792,2021-04-09,TIMBERWOLVES at CELTICS,347244.0,3021.0,460.0,102.34,281.0,0.362989,0.459016,0.0,2,0.209964412811388,0.0782918149466192,15.0,4.0,19.0,9.0,4.375
22000793,2021-04-09,GRIZZLIES at KNICKS,364046.0,2709.0,423.0,99.62,262.0,0.320611,0.326316,0.0,1,0.190839694656489,0.0801526717557252,7.0,1.0,8.0,4.0,5.35
22000795,2021-04-09,76ERS at PELICANS,526333.0,3352.0,732.0,106.5,195.0,0.230769,0.313609,0.0,3,0.184615384615385,0.143589743589744,14.0,1.0,15.0,7.0,4.1
22000796,2021-04-09,HORNETS at BUCKS,235681.0,1310.0,349.0,109.0,246.0,0.402439,0.465608,1.0,0,0.150406504065041,0.109756097560976,10.0,7.0,17.0,8.0,3.7250000000000000
22000797,2021-04-09,SPURS at NUGGETS,280791.0,1682.0,396.0,99.0,240.0,0.2875,0.313953,0.0,1,0.1875,0.1375,11.0,0.0,11.0,2.0,3.95
22000799,2021-04-09,ROCKETS at CLIPPERS,373558.0,1981.0,371.0,96.0,235.0,0.395745,0.432749,0.0,1,0.127659574468085,0.0808510638297872,12.0,4.0,16.0,17.0,5.550000000000000
22000798,2021-04-09,WIZARDS at WARRIORS,902361.0,6542.0,1576.0,103.0,217.0,0.221198,0.310734,0.0,2,0.152073732718894,,11.0,5.0,16.0,3.0,6.825
22000794,2021-04-10,RAPTORS at CAVALIERS,514404.0,2453.0,592.0,103.5,250.0,0.384,0.389535,0.0,0,0.136,0.092,8.0,5.0,13.0,20.0,4.425
22000800,2021-04-10,LAKERS at NETS,3666021.0,32584.0,7875.0,102.0,227.0,0.317181,0.352601,0.0,2,0.171806167400881,0.123348017621145,12.0,2.0,14.0,25.0,6.3
22000199,2021-04-10,76ERS at THUNDER,183133.0,1158.0,403.0,100.5,210.0,0.285714,0.341176,0.0,2,0.123809523809524,0.0904761904761905,10.0,1.0,11.0,24.0,4.2
22000801,2021-04-10,KINGS at JAZZ,239123.0,1489.0,284.0,102.5,240.0,0.4,0.522727,1.0,3,0.183333333333333,0.133333333333333,10.0,3.0,13.0,16.0,4.1
22000803,2021-04-10,WIZARDS at SUNS,283716.0,1738.0,249.0,106.5,240.0,0.325,0.356021,0.0,2,0.108333333333333,0.175,4.0,7.0,11.0,28.0,4.425
22000802,2021-04-10,ROCKETS at WARRIORS,707589.0,6716.0,761.0,103.5,234.0,0.346154,0.402235,1.0,1,0.115384615384615,0.170940170940171,4.0,11.0,15.0,16.0,7.550000000000000
22000805,2021-04-11,HAWKS at HORNETS,221228.0,1467.0,413.0,91.0,206.0,0.466019,0.5,0.0,0,0.116504854368932,,8.0,4.0,12.0,4.0,3.825
22000806,2021-04-11,CELTICS at NUGGETS,449821.0,3563.0,775.0,93.5,192.0,0.234375,0.382857,0.0,3,0.182291666666667,0.109375,15.0,0.0,15.0,18.0,4.85
22000808,2021-04-11,BUCKS at MAGIC,145449.0,908.0,217.0,100.5,211.0,0.383886,0.422222,0.0,0,0.132701421800948,0.0900473933649289,6.0,5.0,11.0,37.0,3.8250000000000000
22000807,2021-04-11,PELICANS at CAVALIERS,236024.0,1746.0,422.0,100.5,225.0,0.266667,0.374269,1.0,1,0.155555555555556,0.133333333333333,,,,7.0,3.8250000000000000
22000811,2021-04-11,PACERS at GRIZZLIES,126351.0,866.0,164.0,103.5,257.0,0.22179,0.266355,0.0,1,0.108949416342412,0.143968871595331,6.0,0.0,6.0,7.0,3.3
22000810,2021-04-11,SPURS at MAVERICKS,247614.0,1886.0,366.0,97.5,236.0,0.266949,0.355932,0.0,1,0.148305084745763,0.0847457627118644,,,,2.0,4.35
22000812,2021-04-11,BULLS at TIMBERWOLVES,196079.0,1224.0,252.0,98.5,238.0,0.390756,0.427746,0.0,1,0.138655462184874,0.0882352941176471,6.0,1.0,7.0,4.0,4.525
22000809,2021-04-11,RAPTORS at KNICKS,304799.0,1898.0,683.0,97.5,198.0,0.30303,0.413174,1.0,1,0.212121212121212,0.0757575757575758,5.0,1.0,6.0,6.0,6.0
22000813,2021-04-11,PISTONS at CLIPPERS,345286.0,2095.0,409.0,96.5,255.0,0.352941,0.353293,0.0,1,0.129411764705882,0.0862745098039216,,,,7.0,4.425000000000000
22000815,2021-04-12,LAKERS at KNICKS,802063.0,5835.0,1588.0,100.0,207.0,0.246377,0.372781,1.0,1,0.173913043478261,0.072463768115942,7.0,1.0,8.0,15.0,7.25
22000818,2021-04-12,SIXERS at MAVERICKS,335158.0,2089.0,585.0,96.0,208.0,0.302885,0.411043,1.0,3,0.1875,0.139423076923077,6.0,1.0,7.0,18.0,4.95
22000816,2021-04-12,SPURS at MAGIC,135238.0,783.0,115.0,97.0,217.0,0.207373,0.260116,0.0,0,0.15668202764977,0.138248847926267,8.0,1.0,9.0,23.0,3.625
22000819,2021-04-12,KINGS at PELICANS,232896.0,1215.0,308.0,107.0,227.0,0.211454,0.323353,0.0,1,0.215859030837004,0.136563876651982,15.0,1.0,16.0,7.0,3.875
22000820,2021-04-12,WIZARDS at JAZZ,386908.0,2731.0,491.0,104.0,246.0,0.292683,0.314286,0.0,3,0.186991869918699,0.0853658536585366,11.0,3.0,14.0,4.0,4.0
22000822,2021-04-12,ROCKETS at SUNS,277831.0,1372.0,255.0,104.0,246.0,0.512195,0.480663,0.0,2,0.105691056910569,0.101626016260163,14.0,2.0,16.0,6.0,5.15
22000821,2021-04-12,NUGGETS at WARRIORS,1126579.0,11330.0,1426.0,103.0,223.0,0.349776,0.426829,1.0,2,0.183856502242152,0.165919282511211,7.0,9.0,16.0,9.0,6.800000000000000
22000817,2021-04-13,NETS at TIMBERWOLVES,764883.0,5801.0,1151.0,105.5,224.0,0.375,0.477528,0.0,1,0.196428571428571,0.151785714285714,8.0,0.0,8.0,30.0,4.425
22000824,2021-04-13,HAWKS at RAPTORS,199406.0,1069.0,404.0,98.5,211.0,0.327014,0.401163,0.0,0,0.113744075829384,0.123222748815166,9.0,2.0,11.0,5.0,4.4
22000823,2021-04-13,CLIPPERS at PACERS,365100.0,2020.0,462.0,108.0,241.0,0.273859,0.367568,0.0,2,0.145228215767635,,9.0,5.0,14.0,11.0,4.4
22000825,2021-04-13,LAKERS at HORNETS,1356447.0,11515.0,2732.0,90.5,194.0,0.386598,0.478788,0.0,0,0.149484536082474,0.0670103092783505,9.0,1.0,10.0,8.0,5.175
22000826,2021-04-13,THUNDER at JAZZ,240173.0,1440.0,190.0,97.5,202.0,0.460396,0.452514,0.0,3,0.133663366336634,0.118811881188119,6.0,2.0,8.0,10.0,3.625
22000827,2021-04-13,HEAT at SUNS,310321.0,2000.0,376.0,98.0,192.0,0.34375,0.52439,1.0,2,0.166666666666667,0.130208333333333,7.0,1.0,8.0,20.0,4.85
22000828,2021-04-13,CELTICS at TRAIL BLAZERS,487888.0,4292.0,803.0,99.5,231.0,0.415584,0.433333,0.0,3,0.125541125541126,0.112554112554113,6.0,6.0,12.0,1.0,4.575
22000834,2021-04-14,BUCKS at TIMBERWOLVES,191210.0,1318.0,272.0,112.0,235.0,0.434043,0.426316,0.0,0,0.174468085106383,0.106382978723404,5.0,0.0,5.0,25.0,3.675
22000829,2021-04-14,CAVALIERS at HORNETS,267989.0,1411.0,221.0,90.5,193.0,0.450777,0.46875,0.0,0,0.113989637305699,0.113989637305699,11.0,2.0,13.0,13.0,3.8500000000000000
22000830,2021-04-14,NETS at 76ERS,1100715.0,8021.0,2141.0,102.5,240.0,0.2125,0.288235,0.0,3,0.195833333333333,0.141666666666667,11.0,3.0,14.0,6.0,5.25
22000831,2021-04-14,SPURS at RAPTORS,177168.0,1121.0,310.0,101.0,229.0,0.406114,0.389831,1.0,0,0.174672489082969,0.0960698689956332,9.0,1.0,10.0,5.0,4.1
22000835,2021-04-14,KNICKS at PELICANS,287288.0,1933.0,573.0,96.5,222.0,0.310811,0.32973,0.0,2,0.13963963963964,0.13963963963964,4.0,0.0,4.0,10.0,5.4
22000833,2021-04-14,MAGIC at BULLS,123896.0,685.0,325.0,92.0,221.0,0.393665,0.365714,1.0,2,0.0995475113122172,0.144796380090498,,,,9.0,4.675
22000832,2021-04-14,CLIPPERS at PISTONS,196501.0,1511.0,417.0,96.0,198.0,0.212121,0.297753,0.0,0,0.181818181818182,,8.0,1.0,9.0,2.0,4.425000000000000
22000461,2021-04-14,PACERS at ROCKETS,153345.0,677.0,88.0,107.5,256.0,0.292969,0.353535,0.0,1,0.13671875,0.1015625,6.0,1.0,7.0,8.0,4.55
22000836,2021-04-14,WARRIORS at THUNDER,735845.0,8027.0,1062.0,106.5,256.0,0.363281,0.395722,0.0,1,0.12890625,,14.0,4.0,18.0,38.0,6.45
22000837,2021-04-14,MAVERICKS at GRIZZLIES,418419.0,4071.0,770.0,96.0,227.0,0.343612,0.41573,0.0,1,0.127753303964758,,9.0,0.0,9.0,1.0,4.1
22000838,2021-04-14,HEAT at NUGGETS,292520.0,1820.0,279.0,90.5,229.0,0.393013,0.404762,0.0,1,0.109170305676856,0.104803493449782,11.0,1.0,12.0,17.0,4.65
22000839,2021-04-14,WIZARDS at KINGS,177417.0,1042.0,276.0,111.0,234.0,0.205128,0.281768,0.0,1,0.170940170940171,0.158119658119658,14.0,0.0,14.0,12.0,4.35
22000840,2021-04-15,BUCKS at HAWKS,291931.0,1620.0,478.0,97.0,229.0,0.393013,0.425414,0.0,1,0.126637554585153,0.11353711790393,8.0,0.0,8.0,11.0,4.200000000000000
22000841,2021-04-15,WARRIORS at CAVALIERS,752800.0,7214.0,1092.0,100.0,220.0,0.368182,0.445087,0.0,1,0.131818181818182,0.0954545454545455,8.0,5.0,13.0,18.0,6.875
22000843,2021-04-15,KINGS at SUNS,250464.0,1504.0,411.0,95.0,236.0,0.355932,0.414634,0.0,2,0.110169491525424,0.0805084745762712,10.0,9.0,19.0,8.0,4.525
22000842,2021-04-15,CELTICS at LAKERS,1066795.0,7371.0,1389.0,101.5,234.0,0.333333,0.377049,0.0,2,0.102564102564103,0.0726495726495727,7.0,5.0,12.0,8.0,6.25
22000844,2021-04-16,PACERS at JAZZ,299253.0,2157.0,395.0,106.0,230.0,0.378261,0.421875,0.0,4,0.152173913043478,0.126086956521739,9.0,1.0,10.0,8.0,3.575
22000845,2021-04-16,THUNDER at PISTONS,153401.0,819.0,205.0,108.5,214.0,0.238318,0.395722,0.0,0,0.200934579439252,0.14018691588785,9.0,0.0,9.0,6.0,3.475
22000847,2021-04-16,PELICANS at WIZARDS,368465.0,2687.0,629.0,104.6,232.0,0.142241,0.284974,1.0,2,0.219827586206897,0.0862068965517241,13.0,4.0,17.0,2.0,3.775
22000848,2021-04-16,HORNETS at NETS,810519.0,6284.0,900.0,102.0,245.0,0.404082,0.446429,0.0,2,0.122448979591837,,12.0,0.0,12.0,15.0,4.475
22000846,2021-04-16,CLIPPERS at 76ERS,627654.0,4401.0,1145.0,95.0,209.0,0.473684,0.50303,1.0,3,0.15311004784689,0.0813397129186603,6.0,3.0,9.0,3.0,5.15
22000849,2021-04-16,MAGIC at RAPTORS,156102.0,1109.0,324.0,96.5,215.0,0.306977,0.36478,0.0,0,0.190697674418605,0.12093023255814,,,,11.0,4.025
22000850,2021-04-16,GRIZZLIES at BULLS,135538.0,783.0,118.0,97.5,241.0,0.373444,0.406593,0.0,0,0.128630705394191,,5.0,3.0,8.0,11.0,4.5
22000851,2021-04-16,NUGGETS at ROCKETS,168649.0,951.0,305.0,98.0,227.0,0.264317,0.366667,1.0,1,0.171806167400881,,,,,29.0,4.95
22000852,2021-04-16,HEAT at TIMBERWOLVES,230650.0,1362.0,394.0,98.5,230.0,0.378261,0.434783,1.0,0,0.169565217391304,0.0652173913043478,6.0,1.0,7.0,8.0,4.175
22000853,2021-04-16,TRAIL BLAZERS at SPURS,273148.0,1616.0,290.0,94.5,213.0,0.253521,0.282609,0.0,0,0.107981220657277,,8.0,4.0,12.0,1.0,3.675
22000854,2021-04-16,KNICKS at MAVERICKS,500368.0,3202.0,842.0,96.0,226.0,0.384956,0.412429,0.0,2,0.128318584070796,0.0752212389380531,5.0,0.0,5.0,8.0,6.25
22000855,2021-04-17,JAZZ at LAKERS,1783280.0,15954.0,2585.0,96.45,242.0,0.421488,0.474227,0.0,0,0.115702479338843,0.0454545454545455,14.0,6.0,20.0,12.0,5.375
22000857,2021-04-17,CAVALIERS at BULLS,171768.0,1225.0,189.0,91.0,202.0,0.415842,0.411765,1.0,0,0.0693069306930693,0.0742574257425743,7.0,0.0,7.0,10.0,5.075000000000000
22000856,2021-04-17,PISTONS at WIZARDS,229501.0,1283.0,221.0,103.5,221.0,0.244344,0.241573,0.0,1,0.131221719457014,0.0769230769230769,8.0,2.0,10.0,21.0,3.85
22000858,2021-04-17,WARRIORS at CELTICS,986550.0,10184.0,2244.0,97.0,233.0,0.412017,0.494253,0.0,2,0.133047210300429,0.145922746781116,3.0,8.0,11.0,5.0,7.45
22000859,2021-04-17,GRIZZLIES at BUCKS,236484.0,1471.0,269.0,102.5,243.0,0.382716,0.472826,1.0,1,0.131687242798354,0.102880658436214,7.0,10.0,17.0,13.0,3.65
22000860,2021-04-17,SPURS at SUNS,246693.0,1566.0,448.0,96.5,196.0,0.27551,0.312849,1.0,2,0.0816326530612245,0.11734693877551,8.0,8.0,16.0,26.0,4.15
22000861,2021-04-18,PACERS at HAWKS,211935.0,1235.0,232.0,104.0,246.0,0.280488,0.347826,1.0,1,0.17479674796748,0.105691056910569,10.0,2.0,12.0,12.0,3.8500000000000000
22000862,2021-04-18,PELICANS at KNICKS,605120.0,4368.0,1230.0,96.0,234.0,0.217949,0.285714,0.0,2,0.192307692307692,0.0683760683760684,11.0,2.0,13.0,10.0,5.4
22000863,2021-04-18,NETS at HEAT,1188197.0,10911.0,1685.0,95.5,216.0,0.458333,0.485207,1.0,2,0.134259259259259,,6.0,1.0,7.0,2.0,5.35
22000362,2021-04-18,TRAIL BLAZERS at HORNETS,225687.0,1910.0,401.0,95.5,210.0,0.4,0.454023,0.0,0,0.152380952380952,0.19047619047619,8.0,0.0,8.0,8.0,3.5
22000865,2021-04-18,THUNDER at RAPTORS,195099.0,1666.0,350.0,101.5,218.0,0.426606,0.398876,0.0,0,0.178899082568807,,6.0,2.0,8.0,6.0,4.0
22000864,2021-04-18,ROCKETS at MAGIC,144398.0,864.0,112.0,99.5,224.0,0.361607,0.381503,0.0,0,0.138392857142857,0.0758928571428571,5.0,0.0,5.0,4.0,4.625
22000866,2021-04-18,KINGS at MAVERICKS,243507.0,1702.0,402.0,98.0,228.0,0.355263,0.409091,1.0,1,0.153508771929825,0.12719298245614,5.0,0.0,5.0,14.0,4.725
22000867,2021-04-18,TIMBERWOLVES at CLIPPERS,338679.0,2415.0,461.0,100.5,229.0,0.497817,0.491525,1.0,2,0.126637554585153,0.100436681222707,9.0,2.0,11.0,19.0,4.325
22000868,2021-04-19,CAVALIERS at PISTONS,149766.0,910.0,232.0,99.5,214.0,0.21028,0.30814,0.0,0,0.144859813084112,0.0373831775700935,14.0,4.0,18.0,4.0,3.9
22000869,2021-04-19,BULLS at CELTICS,284653.0,2122.0,470.0,96.0,198.0,0.318182,0.339286,0.0,2,0.116161616161616,0.121212121212121,7.0,0.0,7.0,6.0,5.65
22000871,2021-04-19,ROCKETS at HEAT,342852.0,2212.0,277.0,97.5,204.0,0.411765,0.483146,0.0,0,0.0980392156862745,,,,,,5.4
22000870,2021-04-19,WARRIORS at SIXERS,1512542.0,17061.0,2869.0,99.5,203.0,0.384236,0.387879,0.0,2,0.192118226600985,0.142857142857143,7.0,8.0,15.0,11.0,7.15
22000872,2021-04-19,THUNDER at WIZARDS,163670.0,1162.0,212.0,105.5,226.0,0.30531,0.367816,0.0,1,0.172566371681416,0.0353982300884956,9.0,12.0,21.0,12.0,3.875
22000473,2021-04-19,SPURS at PACERS,186992.0,937.0,106.0,102.0,203.0,0.236453,0.329787,1.0,0,0.231527093596059,0.142857142857143,6.0,2.0,8.0,15.0,3.55
22000873,2021-04-19,SUNS at BUCKS,638379.0,4787.0,1348.0,101.89,255.0,0.329412,0.365385,0.0,3,0.105882352941176,0.129411764705882,8.0,4.0,12.0,1.0,4.35
22000874,2021-04-19,GRIZZLIES at NUGGETS,370084.0,2614.0,793.0,100.55,276.0,0.347826,0.37799,0.0,1,0.144927536231884,0.13768115942029,8.0,0.0,8.0,2.0,3.7
22000875,2021-04-19,JAZZ at LAKERS,970636.0,6502.0,1102.0,93.5,208.0,0.389423,0.396104,0.0,2,0.129807692307692,0.144230769230769,3.0,1.0,4.0,14.0,5.375
22000877,2021-04-20,HORNETS at KNICKS,295319.0,2564.0,594.0,88.5,206.0,0.495146,0.497041,0.0,1,0.0679611650485437,0.101941747572816,5.0,1.0,6.0,12.0,5.425
22000876,2021-04-20,MAGIC at HAWKS,250646.0,1329.0,181.0,101.5,208.0,0.245192,0.394444,0.0,0,0.216346153846154,0.158653846153846,6.0,0.0,6.0,16.0,3.925
22000878,2021-04-20,NETS at PELICANS,1090979.0,8298.0,863.0,104.5,263.0,0.296578,0.388889,0.0,2,0.140684410646388,0.0988593155893536,9.0,1.0,10.0,5.0,4.450000000000000
22000880,2021-04-20,TIMBERWOLVES at KINGS,185289.0,1139.0,209.0,103.5,254.0,0.425197,0.454545,1.0,0,0.110236220472441,0.094488188976378,17.0,0.0,17.0,14.0,3.85
22000884,2021-04-21,NETS at RAPTORS,600445.0,4269.0,830.0,100.5,217.0,0.428571,0.486188,1.0,1,0.165898617511521,,7.0,2.0,9.0,11.0,5.05
22000881,2021-04-21,BULLS at CAVALIERS,129946.0,987.0,284.0,99.5,226.0,0.384956,0.437126,1.0,0,0.128318584070796,0.0929203539823009,15.0,3.0,18.0,16.0,5.075000000000000
22000882,2021-04-21,THUNDER at PACERS,141680.0,741.0,121.0,106.0,238.0,0.289916,0.336585,0.0,0,0.113445378151261,0.19327731092437,,,,6.0,3.45
22000883,2021-04-21,SUNS at 76ERS,436380.0,3337.0,768.0,90.5,229.0,0.366812,0.403614,0.0,3,0.161572052401747,0.126637554585153,2.0,2.0,4.0,3.0,4.75
22000885,2021-04-21,WARRIORS at WIZARDS,730538.0,6085.0,1635.0,114.0,232.0,0.323276,0.380208,1.0,2,0.219827586206897,0.0818965517241379,11.0,4.0,15.0,4.0,6.825
22000887,2021-04-21,JAZZ at ROCKETS,230096.0,1682.0,342.0,102.5,201.0,0.402985,0.502646,0.0,2,0.109452736318408,0.0995024875621891,8.0,1.0,9.0,23.0,4.725
22000886,2021-04-21,HAWKS at KNICKS,283839.0,2727.0,969.0,98.26,264.0,0.352273,0.357513,1.0,1,0.140151515151515,0.0984848484848485,10.0,2.0,12.0,10.0,5.9
22000888,2021-04-21,HEAT at SPURS,254382.0,2069.0,322.0,89.0,194.0,0.35567,0.4125,0.0,0,0.15979381443299,,8.0,2.0,10.0,20.0,4.4
22000442,2021-04-21,PISTONS at MAVERICKS,177802.0,1175.0,200.0,96.0,244.0,0.356557,0.438596,0.0,1,0.176229508196721,0.069672131147541,11.0,4.0,15.0,10.0,4.225
22000890,2021-04-21,NUGGETS at TRAIL BLAZERS,300940.0,2239.0,470.0,92.0,211.0,0.35545,0.428571,0.0,2,0.132701421800948,0.113744075829384,6.0,4.0,10.0,1.0,3.925
22000889,2021-04-21,GRIZZLIES at CLIPPERS,265899.0,1802.0,455.0,95.0,222.0,0.364865,0.339286,0.0,0,0.193693693693694,0.130630630630631,7.0,1.0,8.0,12.0,4.300000000000000
22000891,2021-04-21,TIMBERWOLVES at KINGS,133322.0,695.0,139.0,99.0,253.0,0.379447,0.416149,1.0,0,0.1699604743083,,10.0,1.0,11.0,3.0,3.85
22000892,2021-04-22,SUNS at CELTICS,397232.0,2780.0,505.0,97.5,185.0,0.291892,0.454545,0.0,3,0.156756756756757,0.162162162162162,6.0,1.0,7.0,13.0,5.05
22000893,2021-04-22,PELICANS at MAGIC,215173.0,1180.0,196.0,100.5,235.0,0.319149,0.340426,1.0,1,0.161702127659574,0.123404255319149,10.0,1.0,11.0,35.0,3.425
22000894,2021-04-22,76ERS at BUCKS,412131.0,2626.0,510.0,101.0,241.0,0.39834,0.389535,0.0,2,0.112033195020747,0.053941908713693,7.0,3.0,10.0,7.0,4.5
22000895,2021-04-22,PISTONS at SPURS,235050.0,987.0,160.0,93.0,197.0,0.28934,0.292994,0.0,0,0.17258883248731,,8.0,5.0,13.0,15.0,3.575
22000897,2021-04-22,LAKERS at MAVERICKS,1193282.0,8231.0,1435.0,99.0,225.0,0.253333,0.313953,0.0,2,0.177777777777778,0.115555555555556,,,,5.0,6.0
22000898,2021-04-23,HEAT at HAWKS,283150.0,1606.0,451.0,92.5,221.0,0.38009,0.45283,1.0,0,0.14027149321267,0.113122171945701,5.0,1.0,6.0,15.0,4.700000000000000
22000899,2021-04-23,CELTICS at NETS,802223.0,6141.0,869.0,103.5,213.0,0.394366,0.411111,0.0,2,0.164319248826291,0.164319248826291,13.0,1.0,14.0,5.0,5.55
22000900,2021-04-23,CAVALIERS at HORNETS,152751.0,987.0,155.0,89.5,210.0,0.342857,0.402299,0.0,0,0.114285714285714,0.0714285714285714,12.0,1.0,13.0,6.0,3.8500000000000000
22000902,2021-04-23,WIZARDS at THUNDER,241962.0,1580.0,468.0,105.5,238.0,0.352941,0.349462,0.0,1,0.151260504201681,,6.0,0.0,6.0,20.0,3.875
22000901,2021-04-23,CLIPPERS at ROCKETS,294391.0,1831.0,381.0,105.0,213.0,0.352113,0.408602,0.0,1,0.178403755868545,0.0704225352112676,14.0,4.0,18.0,5.0,5.550000000000000
22000903,2021-04-23,NUGGETS at WARRIORS,1180264.0,11194.0,1474.0,98.5,215.0,0.390698,0.494186,1.0,2,0.134883720930233,0.190697674418605,17.0,8.0,25.0,21.0,6.800000000000000
22000904,2021-04-24,RAPTORS at KNICKS,381037.0,3164.0,925.0,95.0,223.0,0.443946,0.474684,0.0,1,0.152466367713004,0.0896860986547085,3.0,2.0,5.0,17.0,6.0
22000905,2021-04-24,76ERS at BUCKS,311188.0,2129.0,470.0,103.5,226.0,0.331858,0.40113,1.0,1,0.18141592920354,0.115044247787611,11.0,8.0,19.0,38.0,4.5
22000906,2021-04-24,PISTONS at PACERS,141218.0,624.0,48.0,105.0,224.0,0.267857,0.34375,0.0,0,0.205357142857143,0.15625,10.0,1.0,11.0,6.0,3.425
22000907,2021-04-24,BULLS at HEAT,329126.0,2103.0,215.0,96.0,207.0,0.391304,0.471698,1.0,0,0.154589371980676,0.072463768115942,3.0,0.0,3.0,5.0,5.450000000000000
22000264,2021-04-24,SPURS at PELICANS,354686.0,2209.0,383.0,107.0,218.0,0.247706,0.30814,0.0,1,0.201834862385321,0.128440366972477,10.0,0.0,10.0,2.0,3.5
22000908,2021-04-24,LAKERS at MAVERICKS,1071040.0,7984.0,2020.0,95.5,201.0,0.373134,0.457317,0.0,2,0.169154228855721,0.0646766169154229,10.0,2.0,12.0,15.0,6.0
22000909,2021-04-24,TIMBERWOLVES at JAZZ,278176.0,1748.0,445.0,99.0,197.0,0.426396,0.488506,0.0,2,0.116751269035533,,5.0,1.0,6.0,5.0,3.5
22000910,2021-04-24,ROCKETS at NUGGETS,216854.0,1181.0,201.0,104.5,245.0,0.379592,0.463855,0.0,1,0.130612244897959,,14.0,1.0,15.0,13.0,4.95
22000911,2021-04-25,CELTICS at HORNETS,391931.0,2424.0,507.0,98.0,229.0,0.458515,0.464088,1.0,2,0.139737991266376,0.139737991266376,7.0,1.0,8.0,21.0,4.425
22000912,2021-04-25,SUNS at NETS,1014432.0,8101.0,1262.0,97.5,247.0,0.303644,0.350282,0.0,4,0.178137651821862,0.137651821862348,8.0,3.0,11.0,9.0,5.1
22000197,2021-04-25,CAVALIERS at WIZARDS,185653.0,1455.0,333.0,98.0,229.0,0.28821,0.347305,1.0,1,0.179039301310044,0.0786026200873363,13.0,7.0,20.0,9.0,4.3
22000913,2021-04-25,BUCKS at HAWKS,440596.0,2981.0,829.0,100.5,215.0,0.293023,0.372781,0.0,1,0.167441860465116,0.102325581395349,8.0,1.0,9.0,7.0,4.200000000000000
22000914,2021-04-25,PACERS at MAGIC,172362.0,681.0,95.0,104.0,243.0,0.308642,0.333333,0.0,0,0.156378600823045,0.148148148148148,,,,19.0,3.4750000000000000
22000915,2021-04-25,KINGS at WARRIORS,895111.0,9481.0,1088.0,100.5,230.0,0.365217,0.403315,0.0,1,0.121739130434783,0.134782608695652,7.0,12.0,19.0,4.0,6.925000000000000
22000916,2021-04-26,HAWKS at PISTONS,140558.0,870.0,170.0,97.5,186.0,0.209677,0.313609,0.0,0,0.145161290322581,0.166666666666667,9.0,6.0,15.0,14.0,3.875
22000918,2021-04-26,THUNDER at 76ERS,280550.0,1522.0,318.0,103.5,211.0,0.298578,0.371951,0.0,2,0.123222748815166,0.132701421800948,15.0,3.0,18.0,31.0,4.2
22000917,2021-04-26,LAKERS at MAGIC,1420008.0,11778.0,1099.0,93.0,217.0,0.304147,0.343558,1.0,1,0.133640552995392,,8.0,2.0,10.0,11.0,5.275
22000920,2021-04-26,SUNS at KNICKS,307204.0,2852.0,682.0,94.0,228.0,0.342105,0.370588,0.0,3,0.0964912280701754,0.087719298245614,8.0,1.0,9.0,8.0,6.05
22000919,2021-04-26,SPURS at WIZARDS,245748.0,2342.0,430.0,98.26,289.0,0.124567,0.174528,0.0,1,0.176470588235294,,10.0,4.0,14.0,3.0,3.975
22000921,2021-04-26,CAVALIERS at RAPTORS,169989.0,1092.0,322.0,95.0,208.0,0.259615,0.41358,1.0,0,0.153846153846154,0.110576923076923,13.0,2.0,15.0,16.0,4.425
22000924,2021-04-26,CLIPPERS at PELICANS,406884.0,2528.0,515.0,101.5,223.0,0.390135,0.430233,0.0,2,0.152466367713004,0.134529147982063,4.0,1.0,5.0,17.0,4.35
22000923,2021-04-26,JAZZ at TIMBERWOLVES,274218.0,2235.0,635.0,97.0,209.0,0.45933,0.567416,1.0,2,0.138755980861244,,10.0,1.0,11.0,1.0,3.5
22000922,2021-04-26,BULLS at HEAT,228858.0,1730.0,346.0,94.5,212.0,0.254717,0.403727,0.0,0,0.188679245283019,0.113207547169811,8.0,2.0,10.0,8.0,5.450000000000000
22000925,2021-04-26,GRIZZLIES at NUGGETS,210044.0,1541.0,301.0,104.0,216.0,0.208333,0.371429,0.0,1,0.199074074074074,0.143518518518519,7.0,0.0,7.0,24.0,3.7
22000926,2021-04-26,MAVERICKS at KINGS,186627.0,1192.0,301.0,95.5,219.0,0.342466,0.410405,0.0,1,0.10958904109589,0.123287671232877,9.0,0.0,9.0,7.0,4.725
22000929,2021-04-27,TRAIL BLAZERS at PACERS,199759.0,1471.0,207.0,105.0,245.0,0.367347,0.338542,1.0,1,0.142857142857143,0.138775510204082,2.0,2.0,4.0,21.0,3.525
22000928,2021-04-27,BUCKS at HORNETS,262182.0,2058.0,281.0,104.0,218.0,0.288991,0.4,0.0,1,0.123853211009174,0.123853211009174,15.0,4.0,19.0,10.0,3.7250000000000000
22000927,2021-04-27,THUNDER at CELTICS,253524.0,1361.0,473.0,112.5,234.0,0.307692,0.44382,0.0,1,0.213675213675214,0.0769230769230769,6.0,8.0,14.0,4.0,4.5
22000930,2021-04-27,NETS at RAPTORS,750082.0,5501.0,861.0,95.5,219.0,0.452055,0.505747,1.0,2,0.155251141552511,0.0593607305936073,10.0,0.0,10.0,13.0,5.05
22000931,2021-04-27,TIMBERWOLVES at ROCKETS,131216.0,797.0,171.0,105.5,221.0,0.230769,0.385475,0.0,0,0.135746606334842,0.131221719457014,14.0,3.0,17.0,7.0,4.475
22000932,2021-04-27,MAVERICKS at WARRIORS,825854.0,6231.0,1235.0,103.5,236.0,0.432203,0.443182,1.0,2,0.161016949152542,0.13135593220339,7.0,15.0,22.0,30.0,7.2
22000933,2021-04-28,MAGIC at CAVALIERS,115794.0,581.0,70.0,101.0,213.0,0.309859,0.412429,1.0,0,0.145539906103286,0.112676056338028,11.0,3.0,14.0,5.0,3.9500000000000000
22000934,2021-04-28,HAWKS at 76ERS,210135.0,1291.0,383.0,92.0,210.0,0.314286,0.323529,0.0,2,0.180952380952381,0.185714285714286,8.0,3.0,11.0,44.0,4.6
22000937,2021-04-28,BULLS at KNICKS,264235.0,2005.0,381.0,93.0,207.0,0.318841,0.318182,0.0,1,0.111111111111111,0.0676328502415459,11.0,3.0,14.0,19.0,6.65
22000936,2021-04-28,HORNETS at CELTICS,300263.0,1915.0,286.0,97.5,231.0,0.363636,0.418994,0.0,2,0.177489177489178,0.0649350649350649,16.0,4.0,20.0,9.0,4.425
22000935,2021-04-28,LAKERS at WIZARDS,1076385.0,7268.0,1486.0,101.5,223.0,0.215247,0.27957,0.0,2,0.130044843049327,0.103139013452915,16.0,6.0,22.0,9.0,5.625
22000938,2021-04-28,SPURS at HEAT,276932.0,2085.0,340.0,98.5,227.0,0.251101,0.32948,0.0,0,0.176211453744493,,7.0,2.0,9.0,5.0,4.4
22000939,2021-04-28,TRAIL BLAZERS at GRIZZLIES,182680.0,1070.0,195.0,104.5,239.0,0.301255,0.4,0.0,1,0.213389121338912,0.192468619246862,5.0,2.0,7.0,21.0,3.425
22000940,2021-04-28,PELICANS at NUGGETS,318159.0,2207.0,759.0,109.5,226.0,0.292035,0.360465,0.0,2,0.141592920353982,0.176991150442478,7.0,1.0,8.0,2.0,3.75
22000942,2021-04-28,JAZZ at KINGS,354119.0,2240.0,390.0,101.0,259.0,0.359073,0.358382,1.0,1,0.131274131274131,0.0694980694980695,8.0,1.0,9.0,49.0,4.1
22000941,2021-04-28,CLIPPERS at SUNS,588190.0,4139.0,930.0,90.5,210.0,0.357143,0.397661,1.0,3,0.080952380952381,0.0666666666666667,7.0,2.0,9.0,8.0,5.0
22000944,2021-04-29,NETS at PACERS,622003.0,4789.0,744.0,104.5,243.0,0.283951,0.4,0.0,1,0.181069958847737,0.139917695473251,11.0,3.0,14.0,17.0,4.5
22000943,2021-04-29,MAVERICKS at PISTONS,200859.0,1251.0,289.0,99.5,220.0,0.313636,0.36875,0.0,0,0.204545454545455,0.0636363636363636,6.0,3.0,9.0,10.0,4.225
22000946,2021-04-29,WARRIORS at TIMBERWOLVES,582089.0,4384.0,926.0,100.5,240.0,0.4375,0.441341,0.0,1,0.145833333333333,0.0833333333333333,,,,12.0,6.325
22000945,2021-04-29,BUCKS at ROCKETS,262759.0,2420.0,465.0,109.0,279.0,0.44086,0.445026,0.0,1,0.150537634408602,0.0931899641577061,6.0,5.0,11.0,7.0,4.9
22000948,2021-04-29,RAPTORS at NUGGETS,209838.0,1161.0,298.0,98.5,232.0,0.362069,0.380682,0.0,1,0.155172413793103,0.137931034482759,12.0,1.0,13.0,10.0,4.35
22000947,2021-04-29,PELICANS at THUNDER,238776.0,1219.0,157.0,106.5,204.0,0.235294,0.357895,0.0,1,0.147058823529412,0.0686274509803922,10.0,1.0,11.0,14.0,3.4
22000949,2021-04-30,HAWKS at 76ERS,275663.0,1795.0,288.0,100.5,230.0,0.26087,0.306011,0.0,2,0.191304347826087,0.0956521739130435,16.0,5.0,21.0,,4.6
22000951,2021-04-30,WIZARDS at CAVALIERS,272961.0,1597.0,273.0,103.5,215.0,0.209302,0.293103,0.0,1,0.186046511627907,0.12093023255814,9.0,2.0,11.0,29.0,4.3
22000952,2021-04-30,TRAIL BLAZERS at NETS,753707.0,5138.0,873.0,100.5,237.0,0.367089,0.413978,0.0,2,0.143459915611814,,11.0,5.0,16.0,19.0,4.625
22000953,2021-04-30,MAGIC at GRIZZLIES,164605.0,693.0,103.0,99.5,167.0,0.305389,0.351351,1.0,0,0.167664670658683,,7.0,0.0,7.0,17.0,3.375
22000950,2021-04-30,SPURS at CELTICS,474755.0,5440.0,986.0,100.53,283.0,0.30742,0.314721,0.0,2,0.204946996466431,0.0636042402826855,,,,3.0,4.6
22000954,2021-04-30,BUCKS at BULLS,221659.0,948.0,90.0,101.0,206.0,0.276699,0.311828,0.0,0,0.140776699029126,0.0922330097087379,7.0,0.0,7.0,10.0,4.950000000000000
22000955,2021-04-30,JAZZ at SUNS,528188.0,2982.0,632.0,96.0,221.0,0.339367,0.428571,0.0,3,0.135746606334842,0.0542986425339367,7.0,7.0,14.0,21.0,4.175
22000956,2021-04-30,KINGS at LAKERS,1556827.0,11338.0,3457.0,100.0,216.0,0.263889,0.360947,0.0,2,0.162037037037037,0.143518518518519,18.0,0.0,18.0,4.0,5.725
22000957,2021-05-01,PISTONS at HORNETS,285663.0,2857.0,473.0,95.0,201.0,0.402985,0.41573,0.0,0,0.0995024875621891,0.139303482587065,12.0,3.0,15.0,13.0,3.4000000000000000
22000958,2021-05-01,WARRIORS at ROCKETS,798214.0,7987.0,815.0,106.0,200.0,0.405,0.508671,1.0,1,0.155,,7.0,4.0,11.0,26.0,7.550000000000000
22000963,2021-05-01,PACERS at THUNDER,119852.0,852.0,313.0,110.0,247.0,0.352227,0.358586,1.0,1,0.11336032388664,0.137651821862348,18.0,1.0,19.0,57.0,3.45
22000960,2021-05-01,HEAT at CAVALIERS,180595.0,1428.0,275.0,92.0,231.0,0.493506,0.47205,1.0,0,0.108225108225108,0.0649350649350649,7.0,8.0,15.0,17.0,4.725
22000959,2021-05-01,BULLS at HAWKS,137772.0,799.0,107.0,96.0,205.0,0.292683,0.377358,0.0,0,0.151219512195122,,10.0,1.0,11.0,11.0,5.05
22000961,2021-05-01,GRIZZLIES at MAGIC,161117.0,1035.0,183.0,100.0,223.0,0.282511,0.298343,1.0,0,0.170403587443946,,4.0,2.0,6.0,1.0,3.375
22000962,2021-05-01,PELICANS at TIMBERWOLVES,280389.0,2014.0,345.0,109.13,276.0,0.315217,0.424242,1.0,1,0.206521739130435,0.130434782608696,10.0,0.0,10.0,4.0,3.275
22000964,2021-05-01,WIZARDS at MAVERICKS,472930.0,3766.0,818.0,99.5,249.0,0.277108,0.320225,0.0,2,0.152610441767068,,11.0,2.0,13.0,1.0,4.625
22000965,2021-05-01,RAPTORS at JAZZ,360785.0,2108.0,252.0,97.5,208.0,0.418269,0.430233,0.0,1,0.100961538461538,0.0817307692307692,7.0,0.0,7.0,4.0,4.125
22000966,2021-05-01,NUGGETS at CLIPPERS,639777.0,4103.0,1072.0,88.5,214.0,0.364486,0.404908,1.0,3,0.177570093457944,0.0654205607476635,6.0,1.0,7.0,6.0,4.800000000000000
22000967,2021-05-02,NETS at BUCKS,1137016.0,10093.0,2168.0,103.5,231.0,0.415584,0.407216,0.0,3,0.0909090909090909,0.103896103896104,11.0,4.0,15.0,3.0,4.85
22000968,2021-05-02,TRAIL BLAZERS at CELTICS,324280.0,2543.0,408.0,102.5,248.0,0.471774,0.442529,1.0,3,0.141129032258065,0.129032258064516,3.0,5.0,8.0,10.0,4.575
22000971,2021-05-02,KNICKS at ROCKETS,251456.0,1693.0,396.0,99.5,219.0,0.356164,0.424242,0.0,1,0.159817351598174,0.0821917808219178,11.0,2.0,13.0,25.0,6.6
22000969,2021-05-02,HEAT at HORNETS,574317.0,4345.0,575.0,97.0,232.0,0.323276,0.420118,0.0,0,0.15948275862069,0.133620689655172,16.0,3.0,19.0,10.0,4.225
22000972,2021-05-02,SUNS at THUNDER,176742.0,1115.0,244.0,100.0,243.0,0.308642,0.346591,0.0,2,0.156378600823045,0.0576131687242798,6.0,2.0,8.0,3.0,4.05
22000970,2021-05-02,KINGS at MAVERICKS,225786.0,1073.0,318.0,96.0,210.0,0.242857,0.388889,0.0,1,0.166666666666667,0.0904761904761905,7.0,0.0,7.0,12.0,4.725
22000973,2021-05-02,76ERS at SPURS,321091.0,1910.0,549.0,93.74,224.0,0.308036,0.321053,0.0,2,0.138392857142857,,12.0,0.0,12.0,2.0,4.300000000000000
22000974,2021-05-02,RAPTORS at LAKERS,1059610.0,8515.0,2949.0,102.5,235.0,0.331915,0.374302,0.0,2,0.182978723404255,,12.0,5.0,17.0,7.0,5.75
22000975,2021-05-03,MAGIC at PISTONS,137400.0,606.0,122.0,99.5,231.0,0.272727,0.320442,0.0,0,0.138528138528139,0.116883116883117,13.0,0.0,13.0,7.0,3.5
22000976,2021-05-03,PACERS at WIZARDS,332927.0,2464.0,736.0,119.5,295.0,0.233898,0.233333,0.0,2,0.135593220338983,0.115254237288136,18.0,5.0,23.0,13.0,3.825
22000977,2021-05-03,WARRIORS at PELICANS,1044892.0,9900.0,1269.0,106.0,231.0,0.285714,0.38764,0.0,2,0.16017316017316,0.16017316017316,11.0,4.0,15.0,15.0,6.35
22000978,2021-05-03,TRAIL BLAZERS at HAWKS,214637.0,1413.0,325.0,99.0,237.0,0.468354,0.458101,0.0,1,0.109704641350211,0.0928270042194093,9.0,3.0,12.0,9.0,3.9750000000000000
22000979,2021-05-03,76ERS at BULLS,191222.0,1020.0,214.0,95.5,200.0,0.33,0.382716,1.0,2,0.13,0.08,13.0,0.0,13.0,12.0,5.35
22000980,2021-05-03,KNICKS at GRIZZLIES,319430.0,2400.0,605.0,96.5,222.0,0.405405,0.388571,1.0,1,0.153153153153153,0.112612612612613,5.0,2.0,7.0,14.0,5.35
22000981,2021-05-03,SPURS at JAZZ,399996.0,1882.0,268.0,96.5,209.0,0.229665,0.303371,0.0,1,0.100478468899522,0.0861244019138756,7.0,1.0,8.0,11.0,3.725
22000982,2021-05-03,NUGGETS at LAKERS,1682552.0,14374.0,2166.0,95.0,182.0,0.313187,0.348387,0.0,2,0.148351648351648,0.0989010989010989,7.0,3.0,10.0,4.0,5.6
22000983,2021-05-04,SUNS at CAVALIERS,233283.0,1836.0,473.0,94.64,252.0,0.297619,0.307692,1.0,2,0.138888888888889,0.130952380952381,10.0,2.0,12.0,16.0,4.475
22000984,2021-05-04,HORNETS at PISTONS,333468.0,2224.0,311.0,93.0,201.0,0.253731,0.353933,1.0,0,0.149253731343284,0.134328358208955,6.0,0.0,6.0,3.0,3.4000000000000000
22000985,2021-05-04,NETS at BUCKS,1072631.0,7872.0,1389.0,103.0,242.0,0.421488,0.43956,1.0,3,0.15702479338843,0.0826446280991736,3.0,6.0,9.0,6.0,4.85
22000988,2021-05-04,KINGS at THUNDER,130754.0,585.0,64.0,100.5,202.0,0.341584,0.409326,0.0,0,0.153465346534653,,11.0,1.0,12.0,4.0,3.975
22000986,2021-05-04,MAVERICKS at HEAT,427295.0,2539.0,387.0,96.0,240.0,0.5,0.520468,0.0,1,0.125,0.104166666666667,4.0,5.0,9.0,14.0,5.05
22000987,2021-05-04,WARRIORS at PELICANS,775487.0,6089.0,1047.0,105.0,211.0,0.454976,0.436842,0.0,2,0.109004739336493,0.0995260663507109,4.0,0.0,4.0,5.0,6.35
22000989,2021-05-04,RAPTORS at CLIPPERS,325328.0,2260.0,497.0,95.5,205.0,0.395122,0.425926,1.0,2,0.0975609756097561,0.146341463414634,13.0,2.0,15.0,5.0,4.95
22000990,2021-05-05,CELTICS at MAGIC,174558.0,1369.0,200.0,103.5,228.0,0.355263,0.38674,1.0,1,0.144736842105263,0.179824561403509,10.0,4.0,14.0,36.0,4.525
22000992,2021-05-05,SUNS at HAWKS,232786.0,1752.0,416.0,94.5,238.0,0.315126,0.355828,1.0,2,0.172268907563025,0.0756302521008403,12.0,0.0,12.0,32.0,4.450000000000000
22000994,2021-05-05,76ERS at ROCKETS,151111.0,980.0,293.0,101.5,250.0,0.384,0.427807,0.0,2,0.136,,10.0,1.0,11.0,20.0,5.300000000000000
22000993,2021-05-05,KINGS at PACERS FULL GAME HIGHLIGHTS,121213.0,603.0,105.0,101.5,197.0,0.258883,0.320225,0.0,1,0.111675126903553,0.197969543147208,16.0,8.0,24.0,11.0,4.45
22000183,2021-05-05,GRIZZLIES at TIMBERWOLVES,224714.0,1430.0,317.0,104.0,274.0,0.361314,0.356021,1.0,0,0.142335766423358,0.105839416058394,,,,4.0,3.225
22000235,2021-05-05,WIZARDS at BUCKS,457785.0,3069.0,448.0,107.5,269.0,0.289963,0.318919,0.0,2,0.197026022304833,0.0520446096654275,9.0,0.0,9.0,1.0,4.175
22000996,2021-05-05,SPURS at JAZZ,400138.0,2514.0,516.0,99.5,220.0,0.340909,0.355556,0.0,1,0.104545454545455,0.140909090909091,11.0,0.0,11.0,32.0,3.725
22000995,2021-05-05,KNICKS at NUGGETS,436695.0,2564.0,527.0,103.5,210.0,0.357143,0.404372,0.0,2,0.214285714285714,0.0952380952380952,11.0,5.0,16.0,16.0,5.85
22000434,2021-05-06,BULLS at HORNETS,267264.0,1867.0,260.0,99.5,219.0,0.465753,0.39779,1.0,1,0.0776255707762557,0.146118721461187,11.0,4.0,15.0,21.0,4.575
22000998,2021-05-06,NETS at MAVERICKS,825295.0,6349.0,1457.0,104.0,222.0,0.378378,0.38587,0.0,3,0.144144144144144,0.103603603603604,5.0,1.0,6.0,4.0,5.3
22000999,2021-05-06,GRIZZLIES at PISTONS,126041.0,655.0,183.0,95.5,208.0,0.302885,0.377907,1.0,0,0.110576923076923,0.115384615384615,9.0,0.0,9.0,14.0,3.325
22001000,2021-05-06,HAWKS at PACERS,157361.0,811.0,162.0,102.5,259.0,0.266409,0.314917,0.0,1,0.123552123552124,0.127413127413127,13.0,4.0,17.0,7.0,3.8500000000000000
22000997,2021-05-06,WIZARDS at RAPTORS,347535.0,2463.0,641.0,100.08,260.0,0.311538,0.341709,0.0,1,0.219230769230769,0.0884615384615385,5.0,5.0,10.0,2.0,4.375
22001001,2021-05-06,THUNDER at WARRIORS,757001.0,6691.0,773.0,100.0,215.0,0.390698,0.494253,0.0,1,0.144186046511628,0.102325581395349,8.0,11.0,19.0,21.0,6.45
22001002,2021-05-06,LAKERS at CLIPPERS,958866.0,6221.0,1782.0,98.0,212.0,0.325472,0.408537,0.0,3,0.193396226415094,0.127358490566038,10.0,5.0,15.0,24.0,6.2
22001003,2021-05-07,PELICANS at 76ERS,271471.0,2114.0,509.0,102.0,216.0,0.333333,0.38172,0.0,2,0.157407407407407,,9.0,3.0,12.0,2.0,4.1
22000160,2021-05-07,CELTICS at BULLS,206059.0,1735.0,564.0,98.5,220.0,0.395455,0.427027,0.0,2,0.159090909090909,0.05,5.0,0.0,5.0,,5.65
22001006,2021-05-07,ROCKETS at BUCKS,166009.0,1026.0,261.0,110.5,274.0,0.481752,0.518325,0.0,1,0.116788321167883,0.0839416058394161,10.0,8.0,18.0,8.0,4.9
22001004,2021-05-07,MAGIC at HORNETS,245164.0,1910.0,307.0,102.0,234.0,0.230769,0.336898,0.0,0,0.196581196581197,0.106837606837607,13.0,1.0,14.0,10.0,3.45
22001005,2021-05-07,TIMBERWOLVES at HEAT,264018.0,1918.0,303.0,102.0,233.0,0.296137,0.401163,1.0,0,0.171673819742489,0.137339055793991,12.0,3.0,15.0,9.0,4.175
22001007,2021-05-07,CAVALIERS at MAVERICKS,209994.0,1159.0,180.0,94.0,200.0,0.24,0.36747,0.0,1,0.19,0.08,3.0,1.0,4.0,20.0,4.675
22001008,2021-05-07,NUGGETS at JAZZ,423282.0,3195.0,755.0,97.5,247.0,0.461538,0.488372,0.0,2,0.149797570850202,0.0850202429149798,7.0,0.0,7.0,7.0,3.975
22001011,2021-05-07,SPURS at KINGS,175604.0,844.0,110.0,101.5,217.0,0.235023,0.312139,1.0,0,0.119815668202765,0.0875576036866359,8.0,0.0,8.0,9.0,4.075
22001009,2021-05-07,KNICKS at SUNS,364294.0,2045.0,622.0,101.5,233.0,0.373391,0.414773,0.0,3,0.180257510729614,0.0858369098712446,8.0,6.0,14.0,23.0,6.05
22001010,2021-05-07,LAKERS at TRAIL BLAZERS,1127185.0,7613.0,2447.0,99.0,207.0,0.333333,0.378531,0.0,2,0.173913043478261,0.1256038647343,,,,5.0,5.325
22001013,2021-05-08,PISTONS at 76ERS,222442.0,1455.0,214.0,99.5,222.0,0.27027,0.380952,1.0,1,0.171171171171171,,11.0,5.0,16.0,14.0,4.175000000000000
22001012,2021-05-08,WIZARDS at PACERS,363773.0,3196.0,740.0,110.49,265.0,0.181132,0.285047,0.0,2,0.192452830188679,,9.0,5.0,14.0,1.0,3.825
22001014,2021-05-08,GRIZZLIES at RAPTORS,237397.0,891.0,142.0,99.0,208.0,0.346154,0.418994,0.0,0,0.173076923076923,,8.0,0.0,8.0,10.0,3.85
22001017,2021-05-08,THUNDER at WARRIORS,751345.0,7500.0,1135.0,104.5,233.0,0.463519,0.52,0.0,1,0.11587982832618,0.206008583690987,7.0,15.0,22.0,39.0,6.45
22001016,2021-05-08,ROCKETS at JAZZ,301592.0,1514.0,211.0,104.0,240.0,0.4125,0.486339,1.0,1,0.129166666666667,0.158333333333333,13.0,4.0,17.0,8.0,4.725
22001018,2021-05-08,SPURS at TRAIL BLAZERS,368920.0,1598.0,309.0,100.5,226.0,0.265487,0.336842,0.0,1,0.185840707964602,0.084070796460177,2.0,1.0,3.0,22.0,3.675
22001015,2021-05-08,NETS at  NUGGETS,1023653.0,7534.0,1382.0,99.0,244.0,0.368852,0.455696,1.0,3,0.19672131147541,0.0737704918032787,11.0,2.0,13.0,6.0,4.9
22000145,2021-05-09,HEAT at CELTICS,517328.0,3713.0,654.0,100.5,254.0,0.354331,0.442424,0.0,1,0.15748031496063,0.133858267716535,7.0,2.0,9.0,6.0,5.3
22001019,2021-05-09,KNICKS at CLIPPERS,717277.0,6157.0,1194.0,96.5,206.0,0.364078,0.380682,0.0,3,0.111650485436893,0.150485436893204,8.0,1.0,9.0,6.0,6.45
22001021,2021-05-09,MAVERICKS at CAVALIERS,185728.0,1211.0,237.0,97.5,221.0,0.352941,0.391061,0.0,1,0.131221719457014,0.117647058823529,10.0,4.0,14.0,27.0,4.675
22001022,2021-05-09,TIMBERWOLVES at MAGIC,160742.0,974.0,270.0,102.0,224.0,0.334821,0.430851,1.0,0,0.147321428571429,,7.0,0.0,7.0,32.0,3.4
22001020,2021-05-09,PELICANS at HORNETS,465466.0,3861.0,487.0,103.5,222.0,0.337838,0.387435,0.0,0,0.103603603603604,0.103603603603604,7.0,2.0,9.0,2.0,3.325
22001023,2021-05-09,BULLS at PISTONS,266189.0,1225.0,216.0,95.0,204.0,0.338235,0.361963,0.0,1,0.112745098039216,0.0784313725490196,14.0,1.0,15.0,12.0,4.625
22001024,2021-05-09,SUNS at LAKERS,1663866.0,15264.0,2225.0,97.5,233.0,0.309013,0.359477,0.0,3,0.227467811158798,0.0643776824034335,5.0,0.0,5.0,13.0,5.8
22001025,2021-05-09,THUNDER at KINGS,126114.0,569.0,134.0,101.0,224.0,0.361607,0.424419,1.0,0,0.174107142857143,0.0803571428571429,12.0,2.0,14.0,28.0,3.975
22001026,2021-05-10,WIZARDS at HAWKS,346626.0,2808.0,918.0,106.5,249.0,0.277108,0.285714,0.0,0,0.1285140562249,0.0843373493975904,7.0,0.0,7.0,1.0,4.275
22001027,2021-05-10,PACERS at CAVALIERS,130726.0,802.0,166.0,98.0,213.0,0.338028,0.364641,0.0,1,0.164319248826291,0.126760563380282,6.0,1.0,7.0,9.0,3.875
22001028,2021-05-10,PELICANS at GRIZZLIES,223667.0,1155.0,160.0,99.5,225.0,0.253333,0.281915,0.0,0,0.133333333333333,0.111111111111111,7.0,0.0,7.0,5.0,3.25
22001029,2021-05-10,BUCKS at SPURS,357863.0,2031.0,284.0,104.5,271.0,0.332103,0.37234,0.0,1,0.129151291512915,,9.0,0.0,9.0,21.0,3.9
22001030,2021-05-10,JAZZ at WARRIORS,1450188.0,14434.0,2171.0,100.5,235.0,0.344681,0.480447,0.0,2,0.187234042553191,,3.0,11.0,14.0,3.0,6.575
22001033,2021-05-11,TIMBERWOLVES at PISTONS,131795.0,795.0,165.0,108.0,219.0,0.328767,0.410405,0.0,0,0.159817351598174,,,,,19.0,3.35
22000448,2021-05-11,NUGGETS at HORNETS,284135.0,2383.0,413.0,103.0,229.0,0.31441,0.413793,0.0,1,0.170305676855895,0.161572052401747,12.0,2.0,14.0,5.0,3.7750000000000000
22001034,2021-05-11,CLIPPERS at RAPTORS,239042.0,1456.0,290.0,96.5,211.0,0.298578,0.420732,0.0,2,0.199052132701422,0.0947867298578199,13.0,3.0,16.0,19.0,4.95
22001032,2021-05-11,HEAT at CELTICS,307881.0,2443.0,586.0,100.5,250.0,0.408,0.39645,0.0,1,0.112,0.092,4.0,5.0,9.0,8.0,5.3
22001037,2021-05-11,MAVERICKS at GRIZZLIES,197764.0,1031.0,239.0,95.0,237.0,0.35443,0.40113,0.0,1,0.139240506329114,0.113924050632911,9.0,1.0,10.0,29.0,4.1
22001035,2021-05-11,76ERS at PACERS,221057.0,1112.0,215.0,93.5,197.0,0.335025,0.394118,0.0,2,0.126903553299492,0.137055837563452,,,,9.0,4.15
22001036,2021-05-11,NETS at BULLS,606429.0,4219.0,506.0,96.0,222.0,0.405405,0.416216,0.0,3,0.135135135135135,0.0675675675675676,,,,8.0,5.700000000000000
22001038,2021-05-11,MAGIC at BUCKS,176990.0,831.0,130.0,104.5,216.0,0.25,0.323077,0.0,1,0.157407407407407,0.0833333333333333,5.0,3.0,8.0,12.0,3.8250000000000000
22001040,2021-05-11,THUNDER at KINGS,235687.0,667.0,103.0,103.5,228.0,0.368421,0.364706,1.0,0,0.149122807017544,0.114035087719298,12.0,0.0,12.0,16.0,3.975
22001039,2021-05-11,SUNS at WARRIORS,1503471.0,15548.0,2625.0,93.0,238.0,0.340336,0.442529,0.0,3,0.147058823529412,0.121848739495798,11.0,11.0,22.0,6.0,7.0
22001041,2021-05-11,KNICKS at LAKERS,1651683.0,14649.0,2279.0,92.38,200.0,0.33,0.323864,1.0,2,0.18,,6.0,1.0,7.0,2.0,7.25
22001042,2021-05-12,WIZARDS at HAWKS,275967.0,2180.0,483.0,107.0,236.0,0.254237,0.331551,0.0,0,0.161016949152542,,10.0,0.0,10.0,4.0,4.275
22001044,2021-05-12,CELTICS at CAVALIERS,268178.0,1673.0,452.0,100.0,196.0,0.306122,0.359116,0.0,1,0.163265306122449,,4.0,9.0,13.0,8.0,4.925
22001043,2021-05-12,SPURS at NETS,808001.0,6362.0,880.0,99.5,244.0,0.245902,0.327778,0.0,1,0.172131147540984,,9.0,0.0,9.0,12.0,4.65
22000154,2021-05-12,PELICANS at MAVERICKS,348421.0,1800.0,219.0,102.0,232.0,0.284483,0.398907,0.0,1,0.189655172413793,0.0862068965517241,11.0,3.0,14.0,18.0,4.15
22001045,2021-05-12,TRAIL BLAZERS at JAZZ,628522.0,3596.0,564.0,90.5,203.0,0.369458,0.409091,0.0,2,0.137931034482759,0.0246305418719212,2.0,2.0,4.0,7.0,3.7
22001046,2021-05-12,ROCKETS at LAKERS,1397121.0,12088.0,1364.0,101.5,246.0,0.304878,0.352273,0.0,0,0.126016260162602,,14.0,3.0,17.0,2.0,6.35
22001047,2021-05-13,CLIPPERS at HORNETS,528219.0,3995.0,630.0,94.0,203.0,0.44335,0.490566,0.0,2,0.133004926108374,0.0886699507389163,7.0,4.0,11.0,23.0,4.375
22001048,2021-05-13,BUCKS at PACERS,179875.0,1289.0,223.0,108.5,275.0,0.349091,0.357843,0.0,2,0.127272727272727,0.174545454545455,13.0,9.0,22.0,9.0,3.75
22001049,2021-05-13,MAGIC at HAWKS,139235.0,812.0,145.0,97.0,209.0,0.358852,0.382979,0.0,0,0.143540669856459,0.0956937799043062,8.0,0.0,8.0,23.0,3.925
22000458,2021-05-13,SPURS at KNICKS,274765.0,2040.0,399.0,94.5,200.0,0.3,0.316384,0.0,1,0.17,0.02,5.0,0.0,5.0,4.0,5.6
22001050,2021-05-13,76ERS at HEAT,427095.0,3279.0,824.0,89.5,200.0,0.3,0.377358,1.0,2,0.13,0.105,4.0,1.0,5.0,12.0,5.0
22001051,2021-05-13,RAPTORS at BULLS,178607.0,1186.0,208.0,99.0,216.0,0.402778,0.416185,0.0,1,0.0787037037037037,,6.0,1.0,7.0,12.0,5.15
22001052,2021-05-13,NUGGETS at TIMBERWOLVES,205532.0,1148.0,263.0,98.5,217.0,0.387097,0.4375,1.0,1,0.133640552995392,0.0875576036866359,8.0,0.0,8.0,11.0,3.725
22000255,2021-05-13,KINGS at GRIZZLIES,212125.0,922.0,274.0,96.5,226.0,0.371681,0.397849,0.0,0,0.106194690265487,,11.0,1.0,12.0,6.0,3.825
22001053,2021-05-13,TRAIL BLAZERS at SUNS,677900.0,4601.0,1268.0,98.5,235.0,0.357447,0.384615,0.0,3,0.157446808510638,,3.0,8.0,11.0,1.0,4.125
22001062,2021-05-15,HEAT AT BUCKS,451522.0,2901.0,755.0,101.0,230.0,0.456522,0.461538,0.0,1,0.1,0.1,10.0,4.0,14.0,14.0,4.6
22001079,2021-05-16,PACERS at RAPTORS,185621.0,719.0,128.0,105.5,238.0,0.340336,0.390625,0.0,1,0.15546218487395,0.138655462184874,7.0,2.0,9.0,12.0,3.95
22001073,2021-05-16,CELTICS at KNICKS,338787.0,2126.0,762.0,93.0,188.0,0.382979,0.412121,1.0,1,0.138297872340426,0.175531914893617,8.0,4.0,12.0,4.0,6.5
22001080,2021-05-16,HORNETS at WIZARDS,423454.0,3112.0,609.0,103.0,225.0,0.32,0.410811,1.0,1,0.173333333333333,,8.0,2.0,10.0,5.0,3.8
22001078,2021-05-16,SUNS at SPURS,362661.0,1608.0,274.0,103.5,244.0,0.245902,0.292079,0.0,0,0.0737704918032787,,9.0,0.0,9.0,2.0,4.15
22001070,2021-05-16,GRIZZLIES at WARRIORS,1356713.0,13158.0,2041.0,99.5,214.0,0.294393,0.365714,1.0,1,0.144859813084112,0.168224299065421,12.0,10.0,22.0,12.0,6.300000000000000
22001067,2021-05-16,CAVALIERS at NETS,652847.0,4250.0,685.0,98.5,232.0,0.362069,0.410714,0.0,2,0.146551724137931,0.129310344827586,13.0,2.0,15.0,14.0,4.975
22001066,2021-05-16,ROCKETS at HAWKS,208397.0,725.0,153.0,102.5,219.0,0.342466,0.461538,0.0,0,0.155251141552511,0.105022831050228,15.0,0.0,15.0,29.0,5.0
22001075,2021-05-16,MAGIC at 76ERS,235422.0,917.0,174.0,104.0,245.0,0.355102,0.4,0.0,0,0.212244897959184,0.159183673469388,14.0,3.0,17.0,11.0,4.225
22001069,2021-05-16,HEAT at PISTONS,310556.0,1502.0,314.0,97.5,227.0,0.317181,0.405882,1.0,0,0.127753303964758,0.0616740088105727,,,,13.0,4.275
22001074,2021-05-16,CLIPPERS at THUNDER,317918.0,1248.0,434.0,99.5,229.0,0.235808,0.345,0.0,0,0.091703056768559,0.0611353711790393,14.0,1.0,15.0,5.0,4.45
22001077,2021-05-16,JAZZ at KINGS,476481.0,1804.0,199.0,101.5,220.0,0.368182,0.392045,0.0,2,0.122727272727273,0.163636363636364,17.0,1.0,18.0,,4.1
22001071,2021-05-16,MAVERICKS at TIMBERWOLVES,524865.0,1548.0,285.0,99.0,257.0,0.385214,0.430939,1.0,1,0.147859922178988,0.0856031128404669,9.0,2.0,11.0,15.0,4.125
22001072,2021-05-16,LAKERS at PELICANS,1929139.0,12499.0,1459.0,99.5,208.0,0.288462,0.344828,0.0,2,0.115384615384615,0.129807692307692,,,,12.0,5.15
22001068,2021-05-16,BUCKS at BULLS,425161.0,1158.0,198.0,104.0,230.0,0.33913,0.389831,0.0,0,0.165217391304348,0.091304347826087,8.0,4.0,12.0,6.0,4.950000000000000
22100001,2021-10-19,NETS at BUCKS,1680509.0,18561.0,2822.0,102.0,231.0,0.441558,0.407407,0.0,4,0.116883116883117,0.155844155844156,7.0,2.0,9.0,23.0,4.85
22100002,2021-10-19,WARRIORS at LAKERS,5094318.0,59310.0,9081.0,112.5,235.0,0.370213,0.430851,0.0,4,0.14468085106383,0.127659574468085,4.0,2.0,6.0,7.0,8.2
22100004,2021-10-20,BULLS at PISTONS,1066817.0,10617.0,1127.0,98.0,182.0,0.214286,0.289773,1.0,2,0.126373626373626,0.115384615384615,,,,6.0,4.625
22100003,2021-10-20,PACERS at HORNETS,882689.0,12591.0,1552.0,106.5,245.0,0.367347,0.395939,0.0,1,0.159183673469388,,9.0,5.0,14.0,1.0,3.375
22100006,2021-10-20,WIZARDS at RAPTORS,412418.0,3923.0,796.0,106.5,181.0,0.198895,0.342697,0.0,1,0.204419889502762,0.143646408839779,13.0,2.0,15.0,15.0,4.375
22100009,2021-10-20,76ERS at PELICANS,399988.0,3810.0,638.0,99.0,214.0,0.364486,0.308989,0.0,1,0.102803738317757,0.252336448598131,7.0,0.0,7.0,20.0,4.1
22100007,2021-10-20,CAVALIERS at GRIZZLIES,278184.0,3331.0,533.0,104.5,253.0,0.332016,0.367876,0.0,3,0.0988142292490119,0.177865612648221,16.0,1.0,17.0,11.0,3.775
22100008,2021-10-20,ROCKETS at TIMBERWOLVES,562325.0,5651.0,580.0,108.0,230.0,0.352174,0.405714,0.0,1,0.169565217391304,0.191304347826087,,,,18.0,4.475
22100005,2021-10-20,CELTICS at KNICKS,1034142.0,15764.0,2373.0,103.03,272.0,0.419118,0.459459,0.0,1,0.132352941176471,,15.0,1.0,16.0,4.0,6.5
22100010,2021-10-20,MAGIC at SPURS,148493.0,2155.0,381.0,95.5,220.0,0.3,0.320652,0.0,1,0.136363636363636,0.145454545454545,5.0,1.0,6.0,26.0,3.625
22100011,2021-10-20,THUNDER at JAZZ,353645.0,3151.0,283.0,95.5,193.0,0.326425,0.450549,0.0,2,0.124352331606218,0.0518134715025907,10.0,3.0,13.0,21.0,3.625
22100012,2021-10-20,NUGGETS at SUNS,824610.0,7532.0,976.0,101.0,208.0,0.447115,0.447059,1.0,3,0.0817307692307692,0.134615384615385,6.0,2.0,8.0,12.0,4.4
22100013,2021-10-20,KINGS at TRAIL BLAZERS,393427.0,4436.0,740.0,106.0,245.0,0.355102,0.410811,0.0,0,0.171428571428571,0.0897959183673469,9.0,3.0,12.0,3.0,4.05
22100014,2021-10-21,MAVERICKS at HAWKS,691969.0,6632.0,1070.0,104.0,200.0,0.42,0.417112,1.0,2,0.1,0.09,5.0,0.0,5.0,26.0,4.65
22100015,2021-10-21,BUCKS at HEAT,1396030.0,13972.0,2522.0,106.0,232.0,0.349138,0.427778,0.0,2,0.168103448275862,0.103448275862069,5.0,3.0,8.0,42.0,4.6
22100016,2021-10-21,CLIPPERS at WARRIORS,3107421.0,39653.0,3941.0,103.0,228.0,0.381579,0.396648,0.0,3,0.12719298245614,0.197368421052632,10.0,2.0,12.0,2.0,7.4
22100017,2021-10-22,HORNETS at CAVALIERS,366263.0,4263.0,548.0,106.0,235.0,0.280851,0.36,0.0,2,0.131914893617021,0.0936170212765957,17.0,2.0,19.0,11.0,3.8500000000000000
22100018,2021-10-22,KNICKS at MAGIC,292007.0,3337.0,625.0,97.5,217.0,0.56682,0.567251,1.0,0,0.101382488479263,0.170506912442396,8.0,1.0,9.0,25.0,5.525
22100019,2021-10-22,PACERS at WIZARDS,233585.0,3144.0,557.0,95.09,269.0,0.379182,0.376963,0.0,0,0.122676579925651,0.0297397769516729,10.0,10.0,20.0,1.0,3.825
22100020,2021-10-22,RAPTORS at CELTICS,335929.0,3917.0,956.0,101.0,198.0,0.318182,0.379121,0.0,2,0.146464646464646,0.156565656565657,12.0,4.0,16.0,32.0,5.0
22100021,2021-10-22,NETS at 76ERS,999036.0,9295.0,1343.0,97.0,223.0,0.349776,0.413408,1.0,3,0.130044843049327,0.139013452914798,6.0,0.0,6.0,5.0,5.25
22100023,2021-10-22,THUNDER at ROCKETS,215018.0,2325.0,350.0,104.0,215.0,0.432558,0.435484,0.0,0,0.0930232558139535,0.13953488372093,9.0,2.0,11.0,33.0,4.6
22100022,2021-10-22,PELICANS at BULLS,935246.0,11767.0,1812.0,103.0,240.0,0.3625,0.323864,0.0,2,0.1375,0.166666666666667,12.0,3.0,15.0,16.0,4.55
22100024,2021-10-22,SPURS at NUGGETS,175905.0,2090.0,485.0,102.5,198.0,0.227273,0.317647,0.0,2,0.0757575757575758,0.121212121212121,7.0,1.0,8.0,6.0,3.95
22100025,2021-10-22,SUNS at LAKERS,2190585.0,19074.0,5111.0,101.0,220.0,0.340909,0.383721,0.0,3,0.195454545454545,0.0454545454545455,12.0,3.0,15.0,10.0,5.8
22100026,2021-10-22,JAZZ at KINGS,378213.0,3565.0,393.0,103.0,211.0,0.341232,0.412698,0.0,2,0.165876777251185,0.151658767772512,,,,9.0,4.1
22100027,2021-10-23,HAWKS at CAVALIERS,344285.0,4349.0,583.0,97.0,196.0,0.260204,0.329787,0.0,2,0.147959183673469,0.0561224489795918,8.0,4.0,12.0,6.0,4.325000000000000
22100029,2021-10-23,MAVERICKS at RAPTORS,339122.0,3118.0,594.0,93.0,198.0,0.378788,0.448864,0.0,2,0.146464646464646,0.106060606060606,11.0,9.0,20.0,8.0,4.75
22100028,2021-10-23,HEAT at PACERS,344269.0,3045.0,401.0,96.91,193.0,0.295337,0.382979,1.0,0,0.145077720207254,0.145077720207254,4.0,3.0,7.0,11.0,4.25
22100030,2021-10-23,PISTONS at BULLS,898416.0,9892.0,1369.0,101.0,179.0,0.268156,0.313953,0.0,2,0.139664804469274,0.150837988826816,,,,15.0,4.625
22100031,2021-10-23,PELICANS at TIMBERWOLVES,176556.0,1886.0,468.0,105.5,185.0,0.340541,0.421622,0.0,1,0.12972972972973,0.151351351351351,,,,7.0,3.275
22100032,2021-10-23,BUCKS at SPURS,296027.0,3346.0,467.0,103.0,232.0,0.323276,0.406593,0.0,3,0.0991379310344828,0.0646551724137931,5.0,0.0,5.0,10.0,3.9
22100033,2021-10-23,SUNS at TRAIL BLAZERS,588549.0,5644.0,716.0,102.0,239.0,0.376569,0.42623,0.0,2,0.0878661087866109,0.112970711297071,6.0,6.0,12.0,29.0,4.125
22100034,2021-10-23,GRIZZLIES at CLIPPERS,704980.0,7371.0,837.0,98.5,234.0,0.358974,0.396825,0.0,1,0.153846153846154,0.111111111111111,11.0,4.0,15.0,6.0,4.300000000000000
22100035,2021-10-24,HORNETS at NETS,1664960.0,17194.0,2637.0,101.5,206.0,0.276699,0.359116,0.0,3,0.121359223300971,0.150485436893204,8.0,0.0,8.0,16.0,4.475
22100038,2021-10-24,76ERS at THUNDER,270158.0,2688.0,314.0,97.0,218.0,0.344037,0.418605,0.0,1,0.142201834862385,0.0275229357798165,9.0,2.0,11.0,12.0,4.2
22100037,2021-10-24,CELTICS at ROCKETS,687072.0,7395.0,708.0,100.0,204.0,0.426471,0.490683,0.0,1,0.17156862745098,0.122549019607843,,,,10.0,5.6
22100036,2021-10-24,MAGIC at KNICKS,214565.0,2409.0,472.0,103.0,214.0,0.350467,0.484043,1.0,0,0.200934579439252,0.0934579439252336,14.0,0.0,14.0,6.0,5.525
22100039,2021-10-24,WARRIORS at KINGS,1659572.0,19403.0,1325.0,100.5,226.0,0.371681,0.453552,0.0,3,0.123893805309735,0.146017699115044,6.0,1.0,7.0,12.0,6.925000000000000
22100040,2021-10-24,GRIZZLIES at LAKERS,2956868.0,32383.0,4524.0,101.5,239.0,0.364017,0.353261,0.0,2,0.125523012552301,0.108786610878661,,,,3.0,5.1
22100042,2021-10-25,BUCKS at PACERS,259941.0,3032.0,426.0,106.0,228.0,0.328947,0.388571,0.0,2,0.179824561403509,0.131578947368421,6.0,1.0,7.0,10.0,3.75
22100041,2021-10-25,CELTICS at HORNETS,1651889.0,21086.0,2049.0,103.25,269.0,0.423792,0.460784,0.0,2,0.144981412639405,,14.0,2.0,16.0,11.0,4.425
22100043,2021-10-25,PISTONS at HAWKS,192534.0,2084.0,301.0,103.5,226.0,0.278761,0.359116,0.0,1,0.146017699115044,0.079646017699115,8.0,2.0,10.0,18.0,3.875
22100044,2021-10-25,WIZARDS at NETS,1251140.0,11735.0,857.0,103.5,194.0,0.293814,0.391534,1.0,2,0.149484536082474,0.139175257731959,9.0,0.0,9.0,14.0,4.925
22100046,2021-10-25,BULLS at RAPTORS,1059881.0,10786.0,1304.0,98.0,219.0,0.328767,0.347561,0.0,3,0.168949771689498,0.141552511415525,7.0,5.0,12.0,3.0,5.15
22100045,2021-10-25,MAGIC at HEAT,406480.0,4221.0,450.0,98.0,197.0,0.274112,0.422619,0.0,0,0.157360406091371,0.157360406091371,13.0,1.0,14.0,17.0,4.325000000000000
22100047,2021-10-25,PELICANS at TIMBERWOLVES,171811.0,1904.0,439.0,101.5,205.0,0.365854,0.451977,0.0,1,0.195121951219512,0.0829268292682927,7.0,1.0,8.0,9.0,3.275
22100048,2021-10-25,CAVALIERS at NUGGETS,325566.0,3744.0,555.0,97.5,186.0,0.258065,0.375,0.0,3,0.129032258064516,0.139784946236559,14.0,0.0,14.0,12.0,4.275
22100049,2021-10-25,TRAIL BLAZERS at CLIPPERS,437200.0,4514.0,741.0,114.5,202.0,0.326733,0.449438,0.0,0,0.138613861386139,0.108910891089109,,,,30.0,4.525
22100050,2021-10-26,76ERS at KNICKS,599040.0,5874.0,853.0,93.5,211.0,0.398104,0.461538,0.0,1,0.137440758293839,0.0663507109004739,9.0,0.0,9.0,13.0,6.2
22100051,2021-10-26,WARRIORS at THUNDER,1575954.0,18700.0,1588.0,98.5,204.0,0.382353,0.43787,0.0,3,0.137254901960784,0.0392156862745098,,,,8.0,6.45
22100052,2021-10-26,ROCKETS at MAVERICKS,477554.0,4462.0,640.0,105.0,222.0,0.378378,0.458101,0.0,1,0.162162162162162,0.144144144144144,6.0,0.0,6.0,10.0,5.35
22100053,2021-10-26,LAKERS at SPURS,2396317.0,26406.0,3599.0,106.42,246.0,0.256098,0.309859,1.0,1,0.117886178861789,0.182926829268293,13.0,4.0,17.0,4.0,5.35
22100055,2021-10-27,HORNETS at MAGIC,481477.0,4565.0,598.0,102.0,231.0,0.376623,0.409357,1.0,1,0.12987012987013,0.051948051948052,8.0,0.0,8.0,9.0,3.45
22100057,2021-10-27,HEAT at NETS,1429440.0,13045.0,1887.0,102.5,199.0,0.331658,0.39779,1.0,2,0.175879396984925,0.175879396984925,,,,13.0,5.35
22100058,2021-10-27,PACERS at RAPTORS,193118.0,2244.0,610.0,97.0,218.0,0.330275,0.329609,0.0,1,0.119266055045872,0.0779816513761468,3.0,7.0,10.0,18.0,3.95
22100056,2021-10-27,WIZARDS at CELTICS,357984.0,3213.0,407.0,99.5,223.0,0.255605,0.319527,0.0,1,0.197309417040359,0.0762331838565022,6.0,3.0,9.0,9.0,4.875
22100059,2021-10-27,HAWKS at PELICANS,155735.0,1731.0,392.0,95.0,201.0,0.283582,0.349206,0.0,1,0.109452736318408,0.129353233830846,12.0,0.0,12.0,3.0,3.8
22100061,2021-10-27,LAKERS at THUNDER,1748239.0,16528.0,4792.0,104.5,238.0,0.327731,0.404494,0.0,0,0.142857142857143,0.046218487394958,,,,8.0,5.25
22100062,2021-10-27,KINGS at SUNS,413833.0,4970.0,640.0,101.0,217.0,0.290323,0.319149,0.0,2,0.129032258064516,0.142857142857143,12.0,1.0,13.0,3.0,4.525
22100063,2021-10-27,GRIZZLIES at TRAIL BLAZERS,431568.0,3969.0,337.0,99.5,212.0,0.45283,0.477778,0.0,1,0.150943396226415,0.0943396226415094,9.0,4.0,13.0,20.0,3.425
22100064,2021-10-27,CAVALIERS at CLIPPERS,512535.0,5224.0,697.0,96.0,171.0,0.210526,0.363095,0.0,2,0.181286549707602,,14.0,2.0,16.0,13.0,4.875
22100066,2021-10-28,HAWKS at WIZARDS,364994.0,3551.0,588.0,101.0,233.0,0.244635,0.294118,0.0,1,0.111587982832618,0.0343347639484979,12.0,4.0,16.0,11.0,4.275
22100065,2021-10-28,PISTONS at 76ERS,159223.0,1485.0,322.0,99.0,212.0,0.353774,0.407407,1.0,1,0.193396226415094,0.150943396226415,5.0,6.0,11.0,8.0,4.175000000000000
22100068,2021-10-28,JAZZ at ROCKETS,619423.0,6822.0,755.0,104.0,213.0,0.352113,0.5,0.0,2,0.206572769953052,0.140845070422535,13.0,1.0,14.0,31.0,4.725
22100067,2021-10-28,KNICKS at BULLS,1205980.0,11999.0,2163.0,94.0,207.0,0.318841,0.360947,0.0,2,0.169082125603865,0.101449275362319,9.0,0.0,9.0,1.0,6.65
22100069,2021-10-28,SPURS at MAVERICKS,214243.0,2284.0,369.0,96.0,203.0,0.44335,0.423729,1.0,2,0.0640394088669951,0.0443349753694581,4.0,2.0,6.0,5.0,4.35
22100070,2021-10-28,GRIZZLIES at WARRIORS,2052247.0,21275.0,2813.0,98.26,205.0,0.380488,0.470588,1.0,4,0.11219512195122,,10.0,6.0,16.0,3.0,6.300000000000000
22100071,2021-10-29,MAGIC at RAPTORS,233972.0,2716.0,671.0,93.5,219.0,0.342466,0.369942,0.0,1,0.118721461187215,0.0821917808219178,10.0,1.0,11.0,1.0,4.025
22100073,2021-10-29,HORNETS at HEAT,804849.0,7349.0,804.0,99.0,213.0,0.309859,0.39779,0.0,1,0.164319248826291,0.0845070422535211,10.0,2.0,12.0,15.0,4.225
22100072,2021-10-29,PACERS at NETS,679498.0,5951.0,630.0,101.5,203.0,0.206897,0.325444,0.0,2,0.231527093596059,,5.0,0.0,5.0,7.0,4.5
22100074,2021-10-29,KINGS at PELICANS,109549.0,1209.0,230.0,101.0,222.0,0.243243,0.342697,0.0,0,0.18018018018018,0.0945945945945946,9.0,4.0,13.0,4.0,3.875
22100076,2021-10-29,CLIPPERS at TRAIL BLAZERS,451873.0,4310.0,613.0,100.0,203.0,0.502463,0.448649,1.0,0,0.0935960591133005,0.123152709359606,2.0,4.0,6.0,19.0,4.525
22100075,2021-10-29,MAVERICKS at NUGGETS,280158.0,2557.0,655.0,100.0,181.0,0.314917,0.453416,0.0,2,0.165745856353591,0.12707182320442,,,,31.0,4.6
22100077,2021-10-29,CAVALIERS at LAKERS,2255273.0,24235.0,2595.0,93.5,214.0,0.336449,0.356725,0.0,3,0.11214953271028,0.116822429906542,14.0,1.0,15.0,12.0,5.675
22100078,2021-10-30,CELTICS at WIZARDS,473317.0,5076.0,890.0,99.72,227.0,0.15859,0.293839,0.0,1,0.224669603524229,,6.0,1.0,7.0,3.0,4.875
22100079,2021-10-30,MAGIC at PISTONS,105139.0,1364.0,378.0,99.0,213.0,0.422535,0.426136,1.0,0,0.164319248826291,0.0469483568075117,5.0,0.0,5.0,7.0,3.5
22100080,2021-10-30,KNICKS at PELICANS,240732.0,2786.0,516.0,99.0,240.0,0.375,0.381503,1.0,0,0.175,0.125,6.0,0.0,6.0,6.0,5.4
22100081,2021-10-30,RAPTORS at PACERS,180399.0,2043.0,550.0,99.0,191.0,0.376963,0.433526,0.0,1,0.0994764397905759,0.167539267015707,7.0,2.0,9.0,3.0,3.95
22100082,2021-10-30,HAWKS at 76ERS,304343.0,2799.0,599.0,99.5,216.0,0.277778,0.331492,0.0,2,0.148148148148148,0.222222222222222,11.0,3.0,14.0,28.0,4.6
22100084,2021-10-30,HEAT at GRIZZLIES,681749.0,6191.0,686.0,100.0,232.0,0.478448,0.494318,1.0,1,0.150862068965517,0.15948275862069,6.0,2.0,8.0,26.0,4.15
22100085,2021-10-30,SPURS at BUCKS,219950.0,2254.0,367.0,107.5,195.0,0.261538,0.380435,0.0,3,0.143589743589744,0.184615384615385,6.0,0.0,6.0,9.0,3.9
22100083,2021-10-30,JAZZ at BULLS,1309687.0,14459.0,1737.0,103.5,206.0,0.23301,0.322404,0.0,4,0.203883495145631,0.101941747572816,10.0,1.0,11.0,8.0,4.775
22100086,2021-10-30,THUNDER at WARRIORS,1441743.0,15915.0,1058.0,102.0,185.0,0.47027,0.531429,0.0,3,0.108108108108108,0.140540540540541,4.0,0.0,4.0,21.0,6.45
22100087,2021-10-30,NUGGETS at TIMBERWOLVES,168688.0,1851.0,481.0,96.5,184.0,0.358696,0.440678,0.0,2,0.108695652173913,0.157608695652174,11.0,0.0,11.0,2.0,3.725
22100088,2021-10-30,CAVALIERS at SUNS,238434.0,2365.0,249.0,102.5,193.0,0.310881,0.4,0.0,4,0.119170984455959,0.181347150259067,12.0,0.0,12.0,9.0,4.475
22100089,2021-10-31,KINGS at MAVERICKS,312636.0,2987.0,390.0,97.0,204.0,0.279412,0.392473,0.0,1,0.142156862745098,0.0686274509803922,9.0,1.0,10.0,6.0,4.725
22100090,2021-10-31,TRAIL BLAZERS at HORNETS,909491.0,9449.0,924.0,97.0,238.0,0.466387,0.516129,0.0,1,0.0966386554621849,0.0630252100840336,11.0,1.0,12.0,12.0,3.5
22100091,2021-10-31,JAZZ at BUCKS,554561.0,4351.0,655.0,92.0,202.0,0.356436,0.45614,1.0,3,0.148514851485149,0.153465346534653,6.0,6.0,12.0,12.0,3.925
22100092,2021-10-31,PISTONS at NETS,527631.0,4653.0,521.0,96.5,208.0,0.360577,0.384106,0.0,2,0.120192307692308,0.0769230769230769,5.0,0.0,5.0,26.0,4.525
22100093,2021-10-31,ROCKETS at LAKERS,2378372.0,24545.0,2468.0,102.5,180.0,0.25,0.343023,0.0,1,0.127777777777778,,14.0,0.0,14.0,10.0,6.35
22100096,2021-11-01,TRAIL BLAZERS at 76ERS,278977.0,2801.0,390.0,93.5,216.0,0.347222,0.419162,1.0,0,0.115740740740741,,6.0,3.0,9.0,10.0,4.275
22100095,2021-11-01,SPURS at PACERS,65442.0,795.0,99.0,99.5,249.0,0.385542,0.366667,0.0,1,0.0763052208835341,0.124497991967871,,,,13.0,3.55
22100094,2021-11-01,CAVALIERS at HORNETS,510442.0,5412.0,751.0,100.0,223.0,0.32287,0.350785,0.0,3,0.165919282511211,0.179372197309417,15.0,2.0,17.0,3.0,3.8500000000000000
22100099,2021-11-01,RAPTORS at KNICKS,395194.0,4006.0,917.0,97.5,217.0,0.414747,0.457143,0.0,1,0.142857142857143,0.110599078341014,9.0,1.0,10.0,9.0,6.0
22100098,2021-11-01,BULLS at CELTICS,1698386.0,20896.0,2962.0,101.5,242.0,0.347107,0.351648,0.0,3,0.132231404958678,0.115702479338843,7.0,1.0,8.0,14.0,5.65
22100097,2021-11-01,WIZARDS at HAWKS,265895.0,2343.0,206.0,95.5,229.0,0.340611,0.431953,0.0,1,0.196506550218341,0.074235807860262,10.0,2.0,12.0,7.0,4.275
22100100,2021-11-01,NUGGETS at GRIZZLIES,358495.0,3085.0,312.0,98.5,203.0,0.325123,0.389189,0.0,2,0.0738916256157636,0.118226600985222,4.0,0.0,4.0,9.0,3.7
22100101,2021-11-01,MAGIC at TIMBERWOLVES,104819.0,1308.0,212.0,99.5,212.0,0.438679,0.52514,1.0,1,0.165094339622642,0.0754716981132075,8.0,0.0,8.0,18.0,3.4
22100102,2021-11-01,THUNDER at CLIPPERS,344827.0,3794.0,496.0,99.5,193.0,0.404145,0.434066,0.0,0,0.139896373056995,0.150259067357513,1.0,0.0,1.0,5.0,4.45
22100103,2021-11-02,BUCKS at PISTONS,286553.0,3167.0,513.0,99.5,206.0,0.364078,0.474576,0.0,1,0.179611650485437,0.0631067961165049,8.0,4.0,12.0,28.0,3.775
22100104,2021-11-02,HEAT at MAVERICKS,950471.0,8956.0,1165.0,95.0,235.0,0.344681,0.401198,0.0,1,0.204255319148936,0.0936170212765957,5.0,2.0,7.0,15.0,5.05
22100105,2021-11-02,KINGS at JAZZ,294300.0,2619.0,207.0,104.5,232.0,0.336207,0.413613,0.0,2,0.155172413793103,0.107758620689655,3.0,6.0,9.0,6.0,4.1
22100106,2021-11-02,PELICANS at SUNS,312111.0,2556.0,258.0,100.5,212.0,0.311321,0.375723,1.0,2,0.150943396226415,0.141509433962264,11.0,0.0,11.0,12.0,3.9500000000000000
22100107,2021-11-02,ROCKETS at LAKERS,2331523.0,25109.0,3123.0,107.5,236.0,0.279661,0.36413,1.0,1,0.0847457627118644,0.13135593220339,23.0,3.0,26.0,2.0,6.35
22100108,2021-11-03,TRAIL BLAZERS at CAVALIERS,183184.0,2264.0,436.0,95.0,211.0,0.398104,0.408537,1.0,2,0.118483412322275,0.0947867298578199,7.0,5.0,12.0,3.0,4.0
22100110,2021-11-03,CELTICS at MAGIC,125325.0,1378.0,241.0,94.5,171.0,0.333333,0.490798,0.0,1,0.187134502923977,,4.0,1.0,5.0,13.0,4.525
22100109,2021-11-03,KNICKS at PACERS,120355.0,1197.0,233.0,96.5,209.0,0.301435,0.365169,0.0,0,0.15311004784689,0.15311004784689,8.0,2.0,10.0,13.0,5.45
22100111,2021-11-03,BULLS at 76ERS,849604.0,7748.0,998.0,97.0,201.0,0.268657,0.308176,0.0,3,0.154228855721393,0.194029850746269,,,,5.0,5.35
22100112,2021-11-03,RAPTORS at WIZARDS,210559.0,2349.0,659.0,96.5,209.0,0.258373,0.343373,1.0,1,0.196172248803828,0.0574162679425837,9.0,2.0,11.0,9.0,4.375
22100113,2021-11-03,HAWKS at NETS,1003484.0,8554.0,700.0,103.5,225.0,0.466667,0.456044,1.0,3,0.0977777777777778,0.2,6.0,3.0,9.0,9.0,4.950000000000000
22100115,2021-11-03,CLIPPERS at TIMBERWOLVES,271134.0,2545.0,266.0,100.5,241.0,0.435685,0.44186,0.0,1,0.107883817427386,0.107883817427386,11.0,1.0,12.0,11.0,4.325
22100114,2021-11-03,NUGGETS at GRIZZLIES,333767.0,2938.0,305.0,95.0,214.0,0.336449,0.354651,0.0,2,0.0934579439252336,0.168224299065421,,,,2.0,3.7
22100116,2021-11-03,MAVERICKS at SPURS,183724.0,1992.0,256.0,105.5,217.0,0.207373,0.303867,0.0,2,0.165898617511521,0.165898617511521,8.0,4.0,12.0,1.0,4.35
22100118,2021-11-03,PELICANS at KINGS,74959.0,972.0,143.0,96.0,211.0,0.312796,0.385542,0.0,0,0.146919431279621,0.146919431279621,8.0,1.0,9.0,13.0,3.875
22100117,2021-11-03,HORNETS at WARRIORS,2257342.0,24253.0,2086.0,105.0,206.0,0.407767,0.457627,0.0,4,0.12621359223301,0.16504854368932,8.0,8.0,16.0,22.0,6.375
22100119,2021-11-04,76ERS at PISTONS,168971.0,2028.0,342.0,92.0,207.0,0.333333,0.4,0.0,1,0.154589371980676,0.0966183574879227,9.0,5.0,14.0,11.0,4.175000000000000
22100120,2021-11-04,JAZZ at HAWKS,541402.0,4409.0,455.0,94.0,214.0,0.336449,0.423313,0.0,2,0.177570093457944,0.0654205607476635,12.0,0.0,12.0,18.0,4.025
22100121,2021-11-04,CELTICS at HEAT,687769.0,5590.0,658.0,90.5,173.0,0.433526,0.515723,0.0,1,0.173410404624277,0.0404624277456647,4.0,3.0,7.0,17.0,5.3
22100122,2021-11-04,ROCKETS at SUNS,369947.0,3311.0,328.0,105.0,234.0,0.320513,0.348066,0.0,2,0.192307692307692,0.14957264957265,11.0,5.0,16.0,12.0,5.15
22100123,2021-11-04,THUNDER at LAKERS,1532501.0,14476.0,4329.0,100.0,211.0,0.383886,0.40884,1.0,0,0.151658767772512,,4.0,1.0,5.0,3.0,5.25
22100125,2021-11-05,SPURS at MAGIC,72580.0,1130.0,138.0,100.5,191.0,0.282723,0.335196,0.0,1,0.120418848167539,0.141361256544503,10.0,3.0,13.0,13.0,3.625
22100126,2021-11-05,GRIZZLIES at WIZARDS,282540.0,2850.0,259.0,101.0,202.0,0.237624,0.311111,1.0,1,0.099009900990099,0.0940594059405941,12.0,4.0,16.0,28.0,3.725
22100124,2021-11-05,NETS at PISTONS,631548.0,5572.0,710.0,99.0,186.0,0.354839,0.365269,1.0,2,0.139784946236559,0.102150537634409,4.0,0.0,4.0,6.0,4.525
22100127,2021-11-05,CAVALIERS at RAPTORS,208252.0,2621.0,960.0,90.5,203.0,0.325123,0.313187,0.0,3,0.103448275862069,,11.0,0.0,11.0,1.0,4.425
22100128,2021-11-05,KNICKS at BUCKS,656524.0,6165.0,1004.0,100.0,211.0,0.369668,0.466292,0.0,1,0.175355450236967,0.109004739336493,6.0,1.0,7.0,15.0,5.8
22100129,2021-11-05,CLIPPERS at TIMBERWOLVES,220293.0,2198.0,298.0,103.5,188.0,0.367021,0.451977,0.0,1,0.164893617021277,0.0957446808510638,4.0,0.0,4.0,20.0,4.325
22100131,2021-11-05,PACERS at TRAIL BLAZERS,120293.0,1358.0,228.0,96.0,216.0,0.430556,0.476471,0.0,0,0.087962962962963,0.138888888888889,7.0,5.0,12.0,4.0,3.525
22100132,2021-11-05,HORNETS at KINGS,298191.0,2806.0,443.0,103.5,250.0,0.396,0.441341,0.0,1,0.14,0.12,12.0,1.0,13.0,30.0,3.9000000000000000
22100130,2021-11-05,PELICANS at WARRIORS,1519543.0,17700.0,2102.0,98.5,211.0,0.440758,0.52514,1.0,3,0.113744075829384,0.170616113744076,7.0,9.0,16.0,41.0,6.35
22100133,2021-11-06,ROCKETS at NUGGETS,329041.0,3059.0,365.0,97.5,189.0,0.269841,0.414634,0.0,1,0.158730158730159,,12.0,1.0,13.0,1.0,4.95
22100134,2021-11-06,JAZZ at HEAT,697670.0,7194.0,827.0,91.5,233.0,0.334764,0.409938,1.0,2,0.11587982832618,0.0987124463519313,8.0,2.0,10.0,3.0,4.425
22100135,2021-11-06,76ERS at BULLS,616930.0,6137.0,907.0,96.0,219.0,0.273973,0.317919,0.0,3,0.178082191780822,0.0821917808219178,9.0,1.0,10.0,9.0,5.35
22100136,2021-11-06,CELTICS at MAVERICKS,662514.0,8094.0,866.0,93.0,211.0,0.312796,0.426829,0.0,2,0.109004739336493,,10.0,0.0,10.0,3.0,5.25
22100137,2021-11-06,HAWKS at SUNS,385198.0,3887.0,455.0,105.5,238.0,0.340336,0.410811,0.0,3,0.15546218487395,0.0672268907563025,10.0,7.0,17.0,4.0,4.450000000000000
22100138,2021-11-06,LAKERS at TRAIL BLAZERS,1607074.0,12648.0,3418.0,107.0,195.0,0.369231,0.47027,0.0,0,0.18974358974359,0.158974358974359,8.0,5.0,13.0,15.0,5.325
22100139,2021-11-07,NETS at RAPTORS,709465.0,6600.0,721.0,94.0,219.0,0.328767,0.407186,0.0,3,0.141552511415525,0.118721461187215,8.0,0.0,8.0,13.0,5.05
22100140,2021-11-07,CAVALIERS at KNICKS,309677.0,3409.0,819.0,99.0,235.0,0.357447,0.377143,0.0,2,0.131914893617021,0.0893617021276596,18.0,0.0,18.0,17.0,5.925
22100141,2021-11-07,JAZZ at MAGIC,208287.0,2145.0,277.0,97.0,207.0,0.289855,0.420455,0.0,2,0.159420289855072,0.1256038647343,12.0,2.0,14.0,7.0,3.65
22100142,2021-11-07,BUCKS at WIZARDS,418897.0,3941.0,591.0,99.0,195.0,0.323077,0.36,1.0,1,0.0923076923076923,0.0769230769230769,10.0,1.0,11.0,7.0,4.175
22100143,2021-11-07,PACERS at KINGS,88101.0,950.0,121.0,96.0,185.0,0.259459,0.353293,1.0,0,0.178378378378378,0.0972972972972973,,,,3.0,3.925
22100144,2021-11-07,SPURS at THUNDER,97218.0,1176.0,189.0,101.0,193.0,0.279793,0.371134,1.0,1,0.119170984455959,0.0621761658031088,13.0,4.0,17.0,5.0,3.6
22100145,2021-11-07,ROCKETS at WARRIORS,1611026.0,19076.0,1749.0,102.5,227.0,0.330396,0.481707,0.0,3,0.185022026431718,0.220264317180617,17.0,1.0,18.0,13.0,7.550000000000000
22100146,2021-11-07,HORNETS at CLIPPERS,681634.0,6395.0,455.0,104.5,226.0,0.371681,0.433155,0.0,1,0.150442477876106,0.13716814159292,,,,14.0,4.375
22100147,2021-11-08,KNICKS at 76ERS,337086.0,3544.0,598.0,94.5,199.0,0.39196,0.43956,0.0,0,0.115577889447236,0.14070351758794,7.0,2.0,9.0,7.0,6.2
22100148,2021-11-08,NETS at BULLS,1452380.0,16077.0,1807.0,100.5,213.0,0.28169,0.347826,0.0,4,0.154929577464789,0.0516431924882629,4.0,0.0,4.0,23.0,5.700000000000000
22100150,2021-11-08,PELICANS at MAVERICKS,143095.0,1567.0,181.0,93.5,200.0,0.345,0.401163,1.0,1,0.085,,,,,16.0,4.15
22100149,2021-11-08,TIMBERWOLVES at GRIZZLIES,329093.0,3545.0,341.0,94.64,243.0,0.345679,0.386243,0.0,2,0.168724279835391,,9.0,2.0,11.0,7.0,3.225
22100151,2021-11-08,HEAT at NUGGETS,544362.0,4697.0,1001.0,93.5,209.0,0.358852,0.455621,0.0,1,0.181818181818182,0.148325358851675,8.0,0.0,8.0,17.0,4.65
22100153,2021-11-08,SUNS at KINGS,172444.0,1672.0,197.0,105.0,213.0,0.309859,0.308571,1.0,2,0.136150234741784,0.131455399061033,9.0,0.0,9.0,5.0,4.525
22100152,2021-11-08,HAWKS at WARRIORS,2166177.0,26981.0,2602.0,103.0,240.0,0.4375,0.5,0.0,4,0.170833333333333,0.0958333333333333,,,,14.0,6.85
22100154,2021-11-08,HORNETS at LAKERS,2435437.0,25405.0,3480.0,102.34,249.0,0.325301,0.389474,1.0,1,0.192771084337349,0.180722891566265,13.0,1.0,14.0,3.0,5.175
22100155,2021-11-09,BUCKS at 76ERS,508163.0,4760.0,611.0,99.0,227.0,0.38326,0.414141,0.0,1,0.114537444933921,0.180616740088106,4.0,3.0,7.0,9.0,4.5
22100157,2021-11-09,TRAIL BLAZERS at CLIPPERS,640988.0,5598.0,438.0,96.5,226.0,0.39823,0.380682,0.0,0,0.0973451327433628,0.084070796460177,6.0,4.0,10.0,8.0,4.525
22100159,2021-11-10,NETS at MAGIC,451350.0,4553.0,442.0,105.0,213.0,0.28169,0.382514,0.0,2,0.145539906103286,0.107981220657277,9.0,0.0,9.0,33.0,4.575000000000000
22100158,2021-11-10,WIZARDS at CAVALIERS,238056.0,2692.0,428.0,93.0,191.0,0.298429,0.36875,1.0,2,0.167539267015707,,10.0,2.0,12.0,3.0,4.3
22100160,2021-11-10,RAPTORS at CELTICS,169441.0,1973.0,285.0,98.5,192.0,0.25,0.315789,1.0,2,0.135416666666667,0.145833333333333,12.0,0.0,12.0,16.0,5.0
22100161,2021-11-10,BUCKS at KNICKS,321076.0,3108.0,417.0,95.0,212.0,0.59434,0.50289,0.0,1,0.0849056603773585,0.141509433962264,6.0,1.0,7.0,12.0,5.8
22100162,2021-11-10,PISTONS at ROCKETS,259281.0,3010.0,529.0,99.5,216.0,0.388889,0.458101,0.0,0,0.157407407407407,,11.0,4.0,15.0,8.0,4.575
22100163,2021-11-10,MAVERICKS at BULLS,1245405.0,13961.0,1848.0,98.0,224.0,0.361607,0.372093,0.0,3,0.138392857142857,0.125,8.0,3.0,11.0,10.0,5.4
22100164,2021-11-10,HORNETS at GRIZZLIES,546895.0,5036.0,347.0,107.0,226.0,0.318584,0.375635,0.0,2,0.132743362831858,,9.0,1.0,10.0,10.0,3.2750000000000000
22100165,2021-11-10,THUNDER at PELICANS,52826.0,808.0,127.0,99.5,208.0,0.274038,0.375,0.0,0,0.225961538461538,0.0240384615384615,9.0,0.0,9.0,8.0,3.4
22100166,2021-11-10,KINGS at SPURS,69406.0,1013.0,161.0,103.0,253.0,0.332016,0.371585,1.0,1,0.130434782608696,0.0711462450592885,4.0,1.0,5.0,19.0,4.075
22100168,2021-11-10,TRAIL BLAZERS at SUNS,278222.0,2631.0,294.0,98.5,228.0,0.236842,0.313514,0.0,2,0.105263157894737,0.0570175438596491,6.0,1.0,7.0,10.0,4.125
22100167,2021-11-10,PACERS at NUGGETS,85617.0,1117.0,157.0,91.0,199.0,0.346734,0.363095,0.0,0,0.120603015075377,0.0954773869346734,8.0,2.0,10.0,3.0,3.8
22100169,2021-11-10,TIMBERWOLVES at WARRIORS,1636260.0,20693.0,2055.0,100.5,233.0,0.360515,0.466667,0.0,4,0.201716738197425,0.163090128755365,13.0,7.0,20.0,13.0,6.325
22100170,2021-11-10,HEAT at LAKERS,2678524.0,27145.0,2879.0,101.43,237.0,0.35443,0.398936,1.0,0,0.156118143459916,0.0928270042194093,9.0,2.0,11.0,3.0,6.05
22100171,2021-11-11,RAPTORS at 76ERS,361161.0,3822.0,638.0,97.0,224.0,0.334821,0.36413,0.0,1,0.15625,,10.0,1.0,11.0,6.0,4.7
22100172,2021-11-11,PACERS at JAZZ,290376.0,2408.0,292.0,99.0,211.0,0.28436,0.351955,0.0,2,0.127962085308057,0.033175355450237,,,,11.0,3.575
22100173,2021-11-11,HEAT at CLIPPERS,856560.0,7782.0,1039.0,98.5,221.0,0.271493,0.414894,0.0,0,0.131221719457014,0.0995475113122172,6.0,3.0,9.0,3.0,5.25
22100174,2021-11-12,KNICKS at HORNETS,542024.0,6101.0,689.0,100.5,200.0,0.345,0.387978,1.0,1,0.135,0.15,10.0,0.0,10.0,8.0,5.425
22100176,2021-11-12,PISTONS at CAVALIERS,99099.0,1268.0,245.0,97.0,176.0,0.392045,0.440994,0.0,2,0.0965909090909091,0.0909090909090909,10.0,2.0,12.0,20.0,3.9
22100175,2021-11-12,BUCKS at CELTICS,250562.0,2545.0,457.0,92.83,235.0,0.357447,0.453608,0.0,1,0.106382978723404,0.0340425531914894,6.0,7.0,13.0,9.0,4.8
22100178,2021-11-12,SUNS at GRIZZLIES,265145.0,2344.0,196.0,104.5,213.0,0.352113,0.364583,0.0,3,0.103286384976526,,7.0,1.0,8.0,25.0,3.9
22100180,2021-11-12,KINGS at THUNDER,75540.0,1201.0,253.0,99.0,208.0,0.346154,0.365979,0.0,0,0.115384615384615,0.0192307692307692,7.0,4.0,11.0,2.0,3.975
22100177,2021-11-12,TRAIL BLAZERS at ROCKETS,176455.0,1735.0,168.0,99.5,196.0,0.27551,0.395349,0.0,0,0.214285714285714,0.0663265306122449,10.0,2.0,12.0,12.0,4.675
22100179,2021-11-12,NETS at PELICANS,549698.0,4813.0,549.0,97.5,232.0,0.400862,0.388235,0.0,2,0.142241379310345,,7.0,4.0,11.0,8.0,4.450000000000000
22100181,2021-11-12,MAVERICKS at SPURS,145473.0,1747.0,186.0,100.0,232.0,0.400862,0.407609,0.0,2,0.116379310344828,0.0775862068965517,10.0,9.0,19.0,14.0,4.35
22100182,2021-11-12,HAWKS at NUGGETS,134868.0,1697.0,234.0,94.0,201.0,0.223881,0.344262,0.0,2,0.149253731343284,0.174129353233831,14.0,2.0,16.0,9.0,4.25
22100183,2021-11-12,BULLS at WARRIORS,2570958.0,30381.0,3555.0,100.5,212.0,0.325472,0.426901,0.0,5,0.14622641509434,,11.0,5.0,16.0,26.0,7.6
22100184,2021-11-12,TIMBERWOLVES at LAKERS,1119189.0,9756.0,2891.0,96.5,190.0,0.331579,0.443182,0.0,1,0.131578947368421,0.0842105263157895,8.0,2.0,10.0,24.0,5.125
22100185,2021-11-13,HEAT at JAZZ,781176.0,6962.0,488.0,97.5,216.0,0.416667,0.505882,1.0,2,0.148148148148148,0.125,8.0,2.0,10.0,6.0,4.425
22100187,2021-11-13,WIZARDS at MAGIC,155470.0,1903.0,274.0,96.0,196.0,0.382653,0.426136,0.0,0,0.127551020408163,0.0714285714285714,7.0,4.0,11.0,12.0,3.9
22100188,2021-11-13,GRIZZLIES at PELICANS,174682.0,1655.0,153.0,91.5,213.0,0.309859,0.317365,1.0,1,0.183098591549296,0.0375586854460094,,,,11.0,3.25
22100186,2021-11-13,76ERS at PACERS,103813.0,1156.0,167.0,95.0,231.0,0.337662,0.298246,0.0,0,0.151515151515152,0.142857142857143,5.0,2.0,7.0,5.0,4.15
22100189,2021-11-13,PISTONS at RAPTORS,139015.0,1636.0,452.0,96.5,248.0,0.33871,0.415663,0.0,0,0.185483870967742,0.133064516129032,6.0,1.0,7.0,6.0,3.975
22100190,2021-11-13,CELTICS at CAVALIERS,391636.0,4447.0,883.0,95.0,180.0,0.266667,0.383648,1.0,3,0.2,0.0888888888888889,,,,2.0,4.925
22100191,2021-11-13,TIMBERWOLVES at CLIPPERS,374770.0,3505.0,533.0,104.5,231.0,0.350649,0.378109,0.0,1,0.0779220779220779,0.216450216450216,7.0,4.0,11.0,27.0,4.325
22100192,2021-11-14,SPURS at LAKERS,1790653.0,19690.0,1750.0,97.5,220.0,0.422727,0.387283,1.0,1,0.104545454545455,0.159090909090909,9.0,3.0,12.0,8.0,5.35
22100193,2021-11-14,BUCKS at HAWKS,435888.0,4170.0,536.0,97.0,220.0,0.395455,0.41989,0.0,2,0.0954545454545455,0.0590909090909091,10.0,4.0,14.0,20.0,4.200000000000000
22100196,2021-11-14,NETS at THUNDER,497985.0,5177.0,588.0,99.0,216.0,0.444444,0.511628,0.0,2,0.138888888888889,0.0972222222222222,6.0,4.0,10.0,24.0,4.55
22100194,2021-11-14,WARRIORS at HORNETS,2203258.0,24433.0,2771.0,100.0,208.0,0.331731,0.421348,0.0,4,0.120192307692308,0.120192307692308,9.0,3.0,12.0,4.0,6.375
22100195,2021-11-14,SUNS at ROCKETS,189936.0,2071.0,270.0,102.5,204.0,0.308824,0.395604,0.0,2,0.142156862745098,0.102941176470588,11.0,1.0,12.0,26.0,5.15
22100197,2021-11-14,TRAIL BLAZERS at NUGGETS,176463.0,1790.0,263.0,91.5,219.0,0.438356,0.464706,0.0,1,0.105022831050228,0.0821917808219178,4.0,2.0,6.0,29.0,3.925
22100198,2021-11-14,BULLS at CLIPPERS,958808.0,10542.0,1064.0,100.0,190.0,0.347368,0.377246,0.0,2,0.178947368421053,0.126315789473684,5.0,1.0,6.0,10.0,5.6
22100200,2021-11-15,KINGS at PISTONS,66982.0,1030.0,183.0,102.5,236.0,0.368644,0.412371,0.0,0,0.105932203389831,0.110169491525424,14.0,4.0,18.0,22.0,3.95
22100199,2021-11-15,CELTICS at CAVALIERS,293045.0,2919.0,374.0,96.5,190.0,0.410526,0.428571,1.0,2,0.147368421052632,0.0526315789473684,7.0,3.0,10.0,6.0,4.925
22100201,2021-11-15,PELICANS at WIZARDS,156891.0,1903.0,308.0,93.5,205.0,0.307317,0.310127,1.0,0,0.224390243902439,0.0731707317073171,4.0,4.0,8.0,5.0,3.775
22100203,2021-11-15,PACERS at KNICKS,221467.0,2450.0,305.0,90.0,176.0,0.323864,0.412791,0.0,0,0.107954545454545,0.0568181818181818,5.0,2.0,7.0,8.0,5.45
22100202,2021-11-15,MAGIC at HAWKS,98405.0,1130.0,164.0,101.5,240.0,0.375,0.405556,0.0,1,0.125,0.0541666666666667,7.0,1.0,8.0,18.0,3.925
22100207,2021-11-15,HEAT at THUNDER,300548.0,2729.0,274.0,98.5,193.0,0.512953,0.490909,0.0,0,0.0932642487046632,0.119170984455959,6.0,1.0,7.0,13.0,4.3
22100205,2021-11-15,ROCKETS at GRIZZLIES,341911.0,2921.0,375.0,106.0,238.0,0.340336,0.413613,0.0,1,0.147058823529412,0.184873949579832,,,,34.0,4.45
22100204,2021-11-15,NUGGETS at MAVERICKS,414636.0,3628.0,556.0,93.5,212.0,0.325472,0.390805,0.0,2,0.089622641509434,0.19811320754717,8.0,2.0,10.0,10.0,4.6
22100206,2021-11-15,SUNS at TIMBERWOLVES,229742.0,2289.0,316.0,103.0,195.0,0.307692,0.441176,0.0,3,0.251282051282051,0.0769230769230769,7.0,1.0,8.0,3.0,3.925
22100208,2021-11-15,RAPTORS at TRAIL BLAZERS,193073.0,1930.0,260.0,93.5,231.0,0.402597,0.403509,1.0,1,0.112554112554113,0.142857142857143,9.0,2.0,11.0,5.0,4.075
22100209,2021-11-15,BULLS at LAKERS,2177529.0,21839.0,4039.0,105.0,224.0,0.28125,0.392857,0.0,2,0.147321428571429,0.142857142857143,8.0,2.0,10.0,18.0,6.4
22100210,2021-11-16,WARRIORS at NETS,4286631.0,46238.0,5341.0,104.5,216.0,0.319444,0.45509,0.0,5,0.199074074074074,0.162037037037037,7.0,7.0,14.0,18.0,7.5
22100211,2021-11-16,76ERS at JAZZ,390532.0,3056.0,248.0,99.5,205.0,0.321951,0.374302,0.0,2,0.121951219512195,0.126829268292683,12.0,1.0,13.0,35.0,4.325
22100212,2021-11-16,SPURS at CLIPPERS,287389.0,2777.0,297.0,107.5,198.0,0.257576,0.333333,0.0,1,0.126262626262626,0.166666666666667,9.0,1.0,10.0,14.0,4.550000000000000
22100213,2021-11-17,WIZARDS at HORNETS,499376.0,4713.0,438.0,93.0,184.0,0.293478,0.397849,0.0,1,0.0869565217391304,0.152173913043478,13.0,1.0,14.0,10.0,3.8
22100214,2021-11-17,PACERS at PISTONS,84396.0,1258.0,220.0,97.0,186.0,0.274194,0.408805,0.0,0,0.188172043010753,,3.0,2.0,5.0,8.0,3.425
22100215,2021-11-17,CELTICS at HAWKS,231120.0,2243.0,203.0,95.0,209.0,0.344498,0.472727,0.0,2,0.138755980861244,0.100478468899522,7.0,1.0,8.0,11.0,4.9
22100216,2021-11-17,CAVALIERS at NETS,408931.0,3476.0,432.0,100.0,208.0,0.331731,0.44186,0.0,3,0.1875,0.134615384615385,8.0,3.0,11.0,10.0,4.975
22100218,2021-11-17,MAGIC at KNICKS,115888.0,1255.0,356.0,99.0,202.0,0.40099,0.472826,1.0,0,0.113861386138614,0.103960396039604,13.0,1.0,14.0,6.0,5.525
22100219,2021-11-17,LAKERS at BUCKS,1761044.0,13928.0,2932.0,103.5,211.0,0.341232,0.437158,0.0,2,0.127962085308057,0.146919431279621,6.0,9.0,15.0,7.0,5.55
22100217,2021-11-17,PELICANS at HEAT,229019.0,2522.0,205.0,95.0,211.0,0.35545,0.462963,0.0,0,0.170616113744076,0.0710900473933649,5.0,2.0,7.0,15.0,4.200000000000000
22100221,2021-11-17,ROCKETS at THUNDER,112111.0,1332.0,282.0,101.5,190.0,0.347368,0.445055,0.0,0,0.115789473684211,0.0894736842105263,4.0,1.0,5.0,12.0,4.6
22100220,2021-11-17,KINGS at TIMBERWOLVES,90449.0,1121.0,190.0,95.5,204.0,0.294118,0.422857,1.0,1,0.166666666666667,,16.0,1.0,17.0,10.0,3.85
22100222,2021-11-17,MAVERICKS at SUNS,480723.0,4065.0,554.0,95.5,203.0,0.428571,0.38587,0.0,2,0.0788177339901478,0.0295566502463054,5.0,2.0,7.0,7.0,4.8
22100223,2021-11-17,BULLS at TRAIL BLAZERS,849252.0,9127.0,931.0,97.5,219.0,0.328767,0.359281,0.0,2,0.19634703196347,,3.0,5.0,8.0,5.0,4.725
22100225,2021-11-18,WIZARDS at HEAT,575858.0,5127.0,345.0,93.5,209.0,0.358852,0.389937,0.0,0,0.124401913875598,0.133971291866029,,,,15.0,4.675
22100224,2021-11-18,WARRIORS at CAVALIERS,2046171.0,25995.0,3263.0,90.5,193.0,0.419689,0.503067,1.0,4,0.0829015544041451,0.0984455958549223,1.0,10.0,11.0,15.0,6.875
22100226,2021-11-18,CLIPPERS at GRIZZLIES,362955.0,2834.0,232.0,96.5,228.0,0.355263,0.349462,1.0,1,0.0570175438596491,0.149122807017544,5.0,2.0,7.0,12.0,4.300000000000000
22100227,2021-11-18,SPURS at TIMBERWOLVES,86492.0,982.0,98.0,94.5,205.0,0.395122,0.476471,0.0,2,0.126829268292683,,8.0,1.0,9.0,25.0,3.475
22100229,2021-11-18,RAPTORS at JAZZ,213977.0,1842.0,325.0,98.0,222.0,0.391892,0.482759,0.0,3,0.121621621621622,0.117117117117117,8.0,1.0,9.0,16.0,4.125
22100228,2021-11-18,76ERS at NUGGETS,258132.0,2299.0,400.0,93.0,192.0,0.359375,0.373563,1.0,1,0.0989583333333333,0.0989583333333333,8.0,1.0,9.0,14.0,4.550000000000000
22100231,2021-11-19,WARRIORS at PISTONS,1419855.0,16291.0,1399.0,92.5,207.0,0.376812,0.45,0.0,1,0.198067632850242,,3.0,4.0,7.0,3.0,6.425000000000000
22100230,2021-11-19,PACERS at HORNETS,336045.0,3244.0,299.0,105.5,239.0,0.288703,0.39645,0.0,1,0.192468619246862,0.138075313807531,7.0,2.0,9.0,3.0,3.375
22100233,2021-11-19,MAGIC at NETS,377701.0,3663.0,522.0,97.5,228.0,0.315789,0.394444,0.0,1,0.184210526315789,0.0921052631578947,8.0,3.0,11.0,2.0,4.575000000000000
22100232,2021-11-19,LAKERS at CELTICS,1838601.0,15367.0,3617.0,99.5,238.0,0.289916,0.348837,0.0,2,0.205882352941176,0.0966386554621849,,,,22.0,6.25
22100235,2021-11-19,CLIPPERS at PELICANS,109422.0,1086.0,151.0,93.5,175.0,0.377143,0.378531,1.0,0,0.0514285714285714,0.148571428571429,5.0,1.0,6.0,13.0,4.35
22100236,2021-11-19,BULLS at NUGGETS,668913.0,7439.0,988.0,97.5,222.0,0.297297,0.388571,0.0,2,0.18018018018018,0.0945945945945946,11.0,3.0,14.0,6.0,5.0
22100238,2021-11-19,RAPTORS at KINGS,138130.0,1482.0,266.0,95.0,197.0,0.319797,0.404762,0.0,1,0.182741116751269,,10.0,1.0,11.0,19.0,4.475
22100237,2021-11-19,MAVERICKS at SUNS,258578.0,2528.0,465.0,100.5,216.0,0.361111,0.394286,0.0,2,0.12962962962963,,11.0,9.0,20.0,8.0,4.8
22100239,2021-11-20,ROCKETS at KNICKS,316426.0,3169.0,521.0,101.0,205.0,0.409756,0.493827,0.0,0,0.170731707317073,0.0926829268292683,,,,7.0,6.6
22100240,2021-11-20,PELICANS at PACERS,41004.0,542.0,38.0,103.0,205.0,0.292683,0.312849,1.0,0,0.151219512195122,0.151219512195122,8.0,2.0,10.0,17.0,3.3500000000000000
22100241,2021-11-20,HEAT at WIZARDS,552117.0,5412.0,600.0,92.0,203.0,0.26601,0.367742,0.0,0,0.182266009852217,0.0591133004926108,4.0,2.0,6.0,3.0,4.675
22100243,2021-11-20,THUNDER at CELTICS,162619.0,2096.0,277.0,94.5,216.0,0.486111,0.440217,0.0,1,0.0972222222222222,0.037037037037037,1.0,9.0,10.0,6.0,4.5
22100242,2021-11-20,HORNETS at HAWKS,578071.0,4771.0,380.0,98.0,220.0,0.3,0.402174,0.0,2,0.118181818181818,0.0909090909090909,13.0,2.0,15.0,10.0,3.825
22100245,2021-11-20,GRIZZLIES at TIMBERWOLVES,207622.0,2203.0,321.0,97.5,233.0,0.373391,0.41954,0.0,2,0.206008583690987,0.141630901287554,12.0,1.0,13.0,43.0,3.225
22100244,2021-11-20,MAGIC at BUCKS,149132.0,1715.0,250.0,104.0,225.0,0.506667,0.505556,0.0,2,0.155555555555556,0.0977777777777778,6.0,7.0,13.0,9.0,3.8250000000000000
22100246,2021-11-20,76ERS at TRAIL BLAZERS,240387.0,2268.0,262.0,96.0,229.0,0.327511,0.385093,0.0,0,0.183406113537118,0.0786026200873363,9.0,4.0,13.0,7.0,4.275
22100247,2021-11-20,JAZZ at KINGS,220183.0,1929.0,153.0,97.0,228.0,0.355263,0.384615,1.0,2,0.118421052631579,0.153508771929825,10.0,0.0,10.0,18.0,4.1
22100248,2021-11-21,MAVERICKS at CLIPPERS,386723.0,3461.0,265.0,91.0,188.0,0.287234,0.373418,0.0,0,0.159574468085106,,11.0,1.0,12.0,6.0,5.2
22100249,2021-11-21,LAKERS at PISTONS,2152445.0,23022.0,3100.0,103.5,237.0,0.303797,0.375661,1.0,1,0.156118143459916,0.143459915611814,,,,5.0,5.225
22100251,2021-11-21,NUGGETS at SUNS,261825.0,2346.0,445.0,98.5,223.0,0.295964,0.418079,0.0,2,0.192825112107623,0.121076233183857,6.0,0.0,6.0,29.0,4.4
22100250,2021-11-21,KNICKS at BULLS,1008756.0,9478.0,769.0,94.0,212.0,0.254717,0.325581,0.0,2,0.235849056603774,,6.0,0.0,6.0,6.0,6.65
22100252,2021-11-21,RAPTORS at WARRIORS,1719384.0,18626.0,2077.0,96.0,223.0,0.497758,0.460674,0.0,4,0.134529147982063,0.121076233183857,6.0,4.0,10.0,15.0,6.95
22100253,2021-11-22,NETS at CAVALIERS,687517.0,5882.0,504.0,103.0,229.0,0.327511,0.420213,0.0,4,0.183406113537118,0.14410480349345,8.0,4.0,12.0,5.0,4.975
22100254,2021-11-22,HORNETS at WIZARDS,461595.0,4602.0,448.0,103.0,212.0,0.339623,0.367568,0.0,1,0.169811320754717,0.080188679245283,13.0,3.0,16.0,6.0,3.8
22100255,2021-11-22,THUNDER at HAWKS,99504.0,1360.0,131.0,94.0,214.0,0.336449,0.391304,0.0,1,0.130841121495327,0.0607476635514019,10.0,1.0,11.0,12.0,3.9
22100256,2021-11-22,ROCKETS at CELTICS,215948.0,2090.0,238.0,104.5,198.0,0.348485,0.44,0.0,1,0.176767676767677,0.106060606060606,6.0,2.0,8.0,18.0,5.6
22100257,2021-11-22,PACERS at BULLS,314371.0,2633.0,462.0,94.5,186.0,0.306452,0.337143,0.0,2,0.134408602150538,0.139784946236559,5.0,0.0,5.0,32.0,4.6
22100258,2021-11-22,MAGIC at BUCKS,111867.0,1278.0,228.0,99.0,215.0,0.404651,0.459893,1.0,2,0.13953488372093,0.102325581395349,7.0,7.0,14.0,31.0,3.8250000000000000
22100259,2021-11-22,TIMBERWOLVES at PELICANS,65170.0,837.0,109.0,99.5,206.0,0.23301,0.404255,1.0,1,0.174757281553398,0.116504854368932,,,,14.0,3.275
22100260,2021-11-22,SUNS at SPURS,172618.0,1830.0,365.0,100.5,226.0,0.225664,0.259669,0.0,3,0.0929203539823009,0.119469026548673,7.0,1.0,8.0,4.0,4.15
22100261,2021-11-22,GRIZZLIES at JAZZ,487447.0,4559.0,412.0,100.5,237.0,0.379747,0.428571,1.0,3,0.172995780590717,,9.0,4.0,13.0,1.0,3.475
22100262,2021-11-22,76ERS at KINGS,145210.0,1496.0,240.0,93.0,196.0,0.244898,0.381818,0.0,0,0.214285714285714,0.11734693877551,12.0,0.0,12.0,8.0,4.675000000000000
22100263,2021-11-23,HEAT at PISTONS,382957.0,3654.0,367.0,94.0,192.0,0.296875,0.41875,0.0,0,0.171875,0.09375,6.0,5.0,11.0,8.0,4.275
22100264,2021-11-23,LAKERS at KNICKS,1483519.0,12312.0,2688.0,100.5,206.0,0.378641,0.404624,0.0,0,0.184466019417476,0.0825242718446602,12.0,2.0,14.0,6.0,7.25
22100265,2021-11-23,NUGGETS at TRAIL BLAZERS,199783.0,1772.0,221.0,93.5,219.0,0.410959,0.433735,0.0,0,0.105022831050228,0.136986301369863,8.0,5.0,13.0,19.0,3.925
22100266,2021-11-23,MAVERICKS at CLIPPERS,593175.0,5669.0,667.0,91.02,216.0,0.305556,0.408046,1.0,1,0.212962962962963,0.0787037037037037,7.0,2.0,9.0,8.0,5.2
22100269,2021-11-24,HORNETS at MAGIC,201610.0,2265.0,247.0,98.5,205.0,0.395122,0.44086,1.0,1,0.117073170731707,0.136585365853659,15.0,4.0,19.0,7.0,3.45
22100267,2021-11-24,SUNS at CAVALIERS,208644.0,2303.0,397.0,102.5,235.0,0.255319,0.333333,1.0,4,0.165957446808511,0.0978723404255319,8.0,2.0,10.0,5.0,4.475
22100268,2021-11-24,LAKERS at PACERS,2211019.0,23719.0,3200.0,99.62,240.0,0.35,0.417085,0.0,1,0.183333333333333,,4.0,3.0,7.0,8.0,5.2
22100270,2021-11-24,NETS at CELTICS,838206.0,6674.0,613.0,98.0,227.0,0.330396,0.471591,1.0,3,0.211453744493392,0.140969162995595,5.0,1.0,6.0,19.0,5.55
22100273,2021-11-24,PISTONS at BUCKS,133275.0,1516.0,147.0,101.5,207.0,0.376812,0.445055,0.0,2,0.140096618357488,0.0772946859903382,4.0,3.0,7.0,21.0,3.775
22100276,2021-11-24,JAZZ at THUNDER,201642.0,1786.0,129.0,99.5,214.0,0.420561,0.494048,1.0,2,0.149532710280374,0.0654205607476635,8.0,1.0,9.0,6.0,3.625
22100272,2021-11-24,RAPTORS at GRIZZLIES,221784.0,2307.0,300.0,94.5,239.0,0.288703,0.345029,0.0,2,0.158995815899582,0.0878661087866109,10.0,1.0,11.0,13.0,3.85
22100271,2021-11-24,BULLS at ROCKETS,556353.0,5227.0,713.0,107.5,231.0,0.415584,0.394444,1.0,2,0.116883116883117,0.112554112554113,8.0,0.0,8.0,5.0,5.75
22100275,2021-11-24,WIZARDS at PELICANS,89889.0,974.0,90.0,107.5,229.0,0.248908,0.333333,0.0,0,0.218340611353712,0.091703056768559,9.0,2.0,11.0,25.0,3.775
22100277,2021-11-24,HAWKS at SPURS,96411.0,1212.0,206.0,99.5,230.0,0.313043,0.31383,0.0,2,0.130434782608696,0.0695652173913044,11.0,2.0,13.0,18.0,4.0
22100274,2021-11-24,HEAT at TIMBERWOLVES,415199.0,4264.0,453.0,103.0,214.0,0.462617,0.580838,0.0,1,0.182242990654206,0.186915887850467,4.0,0.0,4.0,12.0,4.175
22100279,2021-11-24,TRAIL BLAZERS at KINGS,166788.0,1685.0,203.0,101.5,246.0,0.292683,0.394444,1.0,0,0.178861788617886,0.040650406504065,7.0,2.0,9.0,4.0,4.05
22100278,2021-11-24,76ERS at WARRIORS,2180523.0,24982.0,2712.0,101.5,212.0,0.325472,0.4125,0.0,3,0.174528301886792,0.141509433962264,9.0,8.0,17.0,20.0,7.15
22100280,2021-11-26,PISTONS at CLIPPERS,285387.0,2915.0,263.0,103.5,203.0,0.280788,0.392265,0.0,0,0.197044334975369,0.103448275862069,11.0,2.0,13.0,11.0,4.425000000000000
22100281,2021-11-26,TIMBERWOLVES at HORNETS,295923.0,2946.0,399.0,103.5,248.0,0.41129,0.398936,0.0,2,0.104838709677419,0.161290322580645,10.0,0.0,10.0,18.0,3.3
22100282,2021-11-26,SUNS at KNICKS,373671.0,3402.0,537.0,97.0,215.0,0.348837,0.391813,0.0,2,0.158139534883721,0.125581395348837,10.0,1.0,11.0,21.0,6.05
22100283,2021-11-26,BULLS at MAGIC,368496.0,3577.0,294.0,99.0,211.0,0.341232,0.39759,0.0,2,0.146919431279621,0.104265402843602,,,,35.0,4.675
22100285,2021-11-26,HAWKS at GRIZZLIES,112010.0,1235.0,179.0,100.5,232.0,0.323276,0.361111,1.0,2,0.125,,9.0,3.0,12.0,32.0,3.75
22100284,2021-11-26,RAPTORS at PACERS,74594.0,717.0,194.0,94.5,211.0,0.255924,0.370968,1.0,1,0.118483412322275,,8.0,3.0,11.0,17.0,3.95
22100286,2021-11-26,WIZARDS at THUNDER,94287.0,1080.0,111.0,95.5,200.0,0.315,0.358382,0.0,0,0.135,0.03,7.0,4.0,11.0,2.0,3.875
22100287,2021-11-26,CELTICS at SPURS,155748.0,1996.0,269.0,96.0,184.0,0.26087,0.324022,1.0,2,0.130434782608696,,5.0,3.0,8.0,8.0,4.6
22100288,2021-11-26,BUCKS at NUGGETS,196817.0,1807.0,233.0,96.0,229.0,0.432314,0.484848,1.0,2,0.104803493449782,0.0262008733624454,4.0,2.0,6.0,11.0,4.15
22100289,2021-11-26,PELICANS at JAZZ,162363.0,1661.0,206.0,96.5,195.0,0.369231,0.35503,0.0,2,0.117948717948718,,2.0,2.0,4.0,1.0,3.525
22100290,2021-11-26,TRAIL BLAZERS at WARRIORS,1959575.0,21847.0,2000.0,98.5,221.0,0.339367,0.433526,0.0,3,0.135746606334842,0.0633484162895928,12.0,8.0,20.0,15.0,6.525
22100291,2021-11-26,KINGS at LAKERS,1711384.0,15842.0,5162.0,95.24,278.0,0.31295,0.400901,0.0,1,0.140287769784173,0.122302158273381,13.0,0.0,13.0,4.0,5.725
22100292,2021-11-27,TIMBERWOLVES at 76ERS,352118.0,4206.0,788.0,93.1,241.0,0.323651,0.37037,0.0,2,0.170124481327801,,4.0,3.0,7.0,1.0,4.075
22100293,2021-11-27,KNICKS at HAWKS,248155.0,2723.0,521.0,93.0,189.0,0.31746,0.377143,1.0,1,0.164021164021164,0.0899470899470899,12.0,5.0,17.0,9.0,5.9
22100294,2021-11-27,SUNS at NETS,1329107.0,10998.0,1651.0,102.0,220.0,0.272727,0.346591,1.0,4,0.154545454545455,0.163636363636364,8.0,0.0,8.0,6.0,5.1
22100295,2021-11-27,MAGIC at CAVALIERS,84159.0,1018.0,144.0,97.0,197.0,0.335025,0.398876,1.0,2,0.116751269035533,0.121827411167513,9.0,3.0,12.0,13.0,3.9500000000000000
22100296,2021-11-27,HEAT at BULLS,952472.0,8689.0,801.0,97.5,211.0,0.35545,0.473054,0.0,2,0.170616113744076,0.0947867298578199,8.0,3.0,11.0,3.0,5.450000000000000
22100298,2021-11-27,WIZARDS at MAVERICKS,359095.0,3262.0,389.0,96.0,234.0,0.294872,0.371257,1.0,1,0.158119658119658,0.132478632478632,12.0,2.0,14.0,6.0,4.625
22100297,2021-11-27,HORNETS at ROCKETS,269652.0,3246.0,428.0,99.17,289.0,0.446367,0.5,1.0,1,0.166089965397924,0.103806228373702,18.0,7.0,25.0,3.0,4.525
22100299,2021-11-27,PELICANS at JAZZ,161352.0,1580.0,94.0,100.5,232.0,0.362069,0.404624,0.0,2,0.146551724137931,0.103448275862069,,,,,3.525
22100300,2021-11-28,WARRIORS at CLIPPERS,2408633.0,27865.0,2728.0,100.0,195.0,0.4,0.409639,0.0,3,0.148717948717949,0.128205128205128,4.0,3.0,7.0,15.0,7.4
22100301,2021-11-28,BUCKS at PACERS,248794.0,2398.0,205.0,100.0,218.0,0.275229,0.43956,0.0,2,0.137614678899083,0.128440366972477,6.0,0.0,6.0,18.0,3.75
22100302,2021-11-28,CELTICS at RAPTORS,262626.0,2277.0,369.0,97.5,206.0,0.364078,0.434286,0.0,2,0.20873786407767,,3.0,1.0,4.0,12.0,5.0
22100303,2021-11-28,KINGS at GRIZZLIES,105723.0,1038.0,96.0,106.5,229.0,0.28821,0.402985,0.0,0,0.179039301310044,0.131004366812227,11.0,0.0,11.0,27.0,3.825
22100304,2021-11-28,PISTONS at LAKERS,2063384.0,20653.0,2446.0,103.5,216.0,0.305556,0.371429,0.0,1,0.148148148148148,0.185185185185185,11.0,4.0,15.0,4.0,5.225
22100305,2021-11-29,MAGIC at 76ERS,110701.0,1145.0,148.0,102.5,197.0,0.274112,0.352941,1.0,1,0.137055837563452,0.16243654822335,12.0,1.0,13.0,5.0,4.225
22100306,2021-11-29,NUGGETS at HEAT,526377.0,3698.0,493.0,92.5,231.0,0.428571,0.478788,0.0,1,0.112554112554113,0.0865800865800866,8.0,5.0,13.0,9.0,4.65
22100308,2021-11-29,THUNDER at ROCKETS,108681.0,1393.0,232.0,102.5,191.0,0.34555,0.486339,0.0,0,0.141361256544503,0.120418848167539,12.0,1.0,13.0,13.0,4.6
22100307,2021-11-29,HORNETS at BULLS,1105723.0,12163.0,974.0,99.5,252.0,0.380952,0.389831,1.0,3,0.119047619047619,0.115079365079365,7.0,1.0,8.0,14.0,4.575
22100311,2021-11-29,WIZARDS at SPURS,119435.0,1413.0,177.0,90.5,215.0,0.237209,0.266304,0.0,1,0.0837209302325581,0.0790697674418605,8.0,1.0,9.0,17.0,3.975
22100310,2021-11-29,CAVALIERS at MAVERICKS,266121.0,2346.0,490.0,99.5,210.0,0.314286,0.343195,0.0,3,0.0952380952380952,0.133333333333333,20.0,1.0,21.0,18.0,4.675
22100312,2021-11-29,TRAIL BLAZERS at JAZZ,298558.0,2532.0,204.0,95.0,236.0,0.381356,0.427778,0.0,2,0.11864406779661,0.0508474576271187,12.0,0.0,12.0,,3.7
22100313,2021-11-29,PELICANS at CLIPPERS,238988.0,2260.0,320.0,92.5,227.0,0.370044,0.427711,0.0,0,0.127753303964758,0.123348017621145,10.0,5.0,15.0,19.0,4.35
22100315,2021-11-30,GRIZZLIES at RAPTORS,122642.0,1144.0,251.0,99.0,189.0,0.31746,0.396739,0.0,1,0.132275132275132,0.132275132275132,6.0,2.0,8.0,7.0,3.85
22100314,2021-11-30,KNICKS at NETS,1006436.0,9527.0,1239.0,93.0,222.0,0.256757,0.340909,1.0,2,0.148648648648649,0.144144144144144,11.0,2.0,13.0,2.0,6.55
22100316,2021-11-30,WARRIORS at SUNS,2277869.0,24025.0,4050.0,96.0,200.0,0.39,0.404624,0.0,5,0.08,0.08,6.0,2.0,8.0,8.0,7.0
22100318,2021-11-30,LAKERS at KINGS,1766523.0,17281.0,1435.0,97.5,209.0,0.244019,0.333333,0.0,0,0.143540669856459,0.181818181818182,16.0,1.0,17.0,25.0,5.725
22100317,2021-11-30,PISTONS at TRAIL BLAZERS,119629.0,1172.0,174.0,99.0,202.0,0.341584,0.447674,1.0,0,0.193069306930693,0.099009900990099,6.0,1.0,7.0,18.0,3.55
22100320,2021-12-01,NUGGETS at MAGIC,88108.0,1090.0,178.0,99.0,211.0,0.227488,0.378882,0.0,1,0.137440758293839,,8.0,1.0,9.0,5.0,3.875
22100319,2021-12-01,HAWKS at PACERS,123570.0,1387.0,264.0,98.0,225.0,0.346667,0.375,1.0,1,0.102222222222222,0.0888888888888889,8.0,2.0,10.0,3.0,3.8500000000000000
22100321,2021-12-01,TIMBERWOLVES at WIZARDS,210159.0,1946.0,226.0,99.5,222.0,0.283784,0.385475,1.0,1,0.166666666666667,,21.0,4.0,25.0,8.0,3.75
22100323,2021-12-01,CAVALIERS at HEAT,340387.0,2788.0,494.0,92.5,196.0,0.428571,0.444444,0.0,2,0.153061224489796,,6.0,4.0,10.0,26.0,4.725
22100322,2021-12-01,76ERS at CELTICS,487766.0,3983.0,354.0,92.5,175.0,0.325714,0.35119,0.0,2,0.137142857142857,0.0628571428571429,6.0,1.0,7.0,1.0,5.2
22100325,2021-12-01,MAVERICKS at PELICANS,159164.0,1528.0,150.0,94.5,246.0,0.378049,0.412791,1.0,1,0.0853658536585366,0.0894308943089431,,,,32.0,4.15
22100326,2021-12-01,ROCKETS at THUNDER,110715.0,1421.0,223.0,97.5,224.0,0.308036,0.420732,1.0,0,0.183035714285714,0.0491071428571429,5.0,2.0,7.0,4.0,4.6
22100324,2021-12-01,HORNETS at BUCKS,1053566.0,12961.0,1368.0,106.5,252.0,0.416667,0.480663,0.0,3,0.154761904761905,0.107142857142857,8.0,13.0,21.0,2.0,3.7250000000000000
22100327,2021-12-01,KINGS at CLIPPERS,190667.0,1890.0,167.0,100.5,239.0,0.301255,0.367021,0.0,0,0.121338912133891,0.129707112970711,16.0,4.0,20.0,9.0,4.925000000000000
22100328,2021-12-02,BULLS at KNICKS,953102.0,9831.0,1252.0,100.5,234.0,0.25641,0.321637,0.0,2,0.17948717948718,0.128205128205128,12.0,1.0,13.0,4.0,6.65
22100329,2021-12-02,BUCKS at RAPTORS,348437.0,2947.0,578.0,89.5,190.0,0.394737,0.410405,1.0,2,0.142105263157895,0.126315789473684,4.0,0.0,4.0,4.0,4.3
22100330,2021-12-02,THUNDER at GRIZZLIES,518695.0,8265.0,2426.0,98.0,231.0,0.38961,0.430233,1.0,0,0.134199134199134,0.164502164502165,10.0,2.0,12.0,73.0,3.35
22100331,2021-12-02,PISTONS at SUNS,359144.0,3106.0,332.0,97.5,217.0,0.317972,0.301887,1.0,1,0.165898617511521,0.0829493087557604,5.0,1.0,6.0,11.0,4.025
22100332,2021-12-02,SPURS at TRAIL BLAZERS,144876.0,1624.0,218.0,100.5,197.0,0.395939,0.404624,1.0,1,0.126903553299492,0.192893401015228,3.0,2.0,5.0,31.0,3.675
22100334,2021-12-03,CAVALIERS at WIZARDS,162238.0,1802.0,333.0,95.5,217.0,0.317972,0.356725,1.0,2,0.15668202764977,,14.0,5.0,19.0,15.0,4.3
22100333,2021-12-03,HEAT at PACERS,202157.0,2177.0,236.0,90.0,217.0,0.345622,0.434783,1.0,0,0.165898617511521,0.0829493087557604,4.0,3.0,7.0,9.0,4.25
22100335,2021-12-03,76ERS at HAWKS,210435.0,2142.0,359.0,92.5,194.0,0.293814,0.318471,0.0,2,0.190721649484536,,5.0,1.0,6.0,2.0,4.6
22100336,2021-12-03,TIMBERWOLVES at NETS,451256.0,4044.0,439.0,103.5,215.0,0.265116,0.384615,0.0,2,0.241860465116279,0.106976744186047,10.0,0.0,10.0,5.0,4.425
22100337,2021-12-03,MAGIC at ROCKETS,100109.0,1315.0,299.0,99.5,234.0,0.384615,0.47191,0.0,0,0.136752136752137,0.0769230769230769,9.0,2.0,11.0,2.0,4.625
22100338,2021-12-03,PELICANS at MAVERICKS,109648.0,1098.0,193.0,98.0,198.0,0.333333,0.378698,0.0,1,0.191919191919192,,4.0,0.0,4.0,16.0,4.15
22100339,2021-12-03,CELTICS at JAZZ,374788.0,3384.0,346.0,100.0,267.0,0.460674,0.523256,0.0,3,0.157303370786517,0.052434456928839,10.0,7.0,17.0,7.0,4.625
22100341,2021-12-03,CLIPPERS at LAKERS,1698347.0,13443.0,2847.0,93.5,234.0,0.358974,0.397661,1.0,1,0.145299145299145,0.0641025641025641,10.0,4.0,14.0,4.0,6.2
22100342,2021-12-04,NUGGETS at KNICKS,238774.0,2106.0,379.0,89.5,212.0,0.45283,0.482558,1.0,1,0.10377358490566,0.0943396226415094,3.0,0.0,3.0,14.0,5.85
22100343,2021-12-04,BULLS at NETS,1519419.0,15875.0,2584.0,99.0,218.0,0.247706,0.284264,1.0,4,0.119266055045872,0.114678899082569,4.0,0.0,4.0,4.0,5.700000000000000
22100344,2021-12-04,HEAT at BUCKS,327925.0,2773.0,397.0,98.0,226.0,0.464602,0.510989,1.0,1,0.154867256637168,0.106194690265487,7.0,11.0,18.0,,4.6
22100346,2021-12-04,SPURS at WARRIORS,1203052.0,11593.0,2136.0,100.0,219.0,0.342466,0.41573,1.0,4,0.136986301369863,0.136986301369863,5.0,1.0,6.0,5.0,6.550000000000000
22100345,2021-12-04,GRIZZLIES at MAVERICKS,135996.0,1348.0,139.0,95.5,187.0,0.385027,0.410714,0.0,0,0.144385026737968,0.0962566844919786,2.0,1.0,3.0,7.0,4.1
22100347,2021-12-04,CELTICS at TRAIL BLAZERS,258196.0,2438.0,329.0,97.5,262.0,0.332061,0.375,0.0,1,0.194656488549618,0.110687022900763,9.0,3.0,12.0,28.0,4.575
22100348,2021-12-04,CLIPPERS at KINGS,169095.0,1582.0,210.0,102.5,203.0,0.369458,0.388571,1.0,0,0.187192118226601,0.103448275862069,6.0,3.0,9.0,5.0,4.925000000000000
22100349,2021-12-05,JAZZ at CAVALIERS,345919.0,3002.0,415.0,93.5,217.0,0.470046,0.475138,0.0,4,0.0875576036866359,0.110599078341014,6.0,11.0,17.0,1.0,4.05
22100350,2021-12-05,HORNETS at HAWKS,506447.0,4306.0,346.0,100.0,257.0,0.396887,0.413408,0.0,1,0.136186770428016,0.0778210116731518,12.0,3.0,15.0,3.0,3.825
22100351,2021-12-05,WIZARDS at RAPTORS,227930.0,2150.0,200.0,92.5,192.0,0.25,0.303797,0.0,1,0.208333333333333,0.0572916666666667,7.0,0.0,7.0,12.0,4.375
22100352,2021-12-05,PELICANS at ROCKETS,175477.0,1825.0,386.0,91.5,226.0,0.358407,0.450867,0.0,0,0.18141592920354,0.0575221238938053,7.0,1.0,8.0,10.0,4.5
22100355,2021-12-06,WIZARDS at PACERS,95723.0,948.0,113.0,91.0,226.0,0.212389,0.233129,0.0,0,0.168141592920354,,11.0,0.0,11.0,6.0,3.825
22100354,2021-12-06,THUNDER at PISTONS,73755.0,1125.0,187.0,100.5,217.0,0.345622,0.364641,1.0,0,0.129032258064516,0.0967741935483871,10.0,4.0,14.0,11.0,3.475
22100353,2021-12-06,76ERS at HORNETS,384698.0,3507.0,396.0,92.38,251.0,0.370518,0.42268,0.0,1,0.127490039840637,0.151394422310757,13.0,1.0,14.0,3.0,4.125
22100356,2021-12-06,GRIZZLIES at HEAT,172644.0,1484.0,179.0,98.0,195.0,0.292308,0.333333,1.0,0,0.153846153846154,0.17948717948718,8.0,0.0,8.0,15.0,4.15
22100359,2021-12-06,HAWKS at TIMBERWOLVES,128881.0,1281.0,105.0,98.0,231.0,0.545455,0.473404,0.0,2,0.134199134199134,0.142857142857143,6.0,6.0,12.0,11.0,3.775
22100357,2021-12-06,NUGGETS at BULLS,1008537.0,11363.0,1257.0,97.5,206.0,0.349515,0.358289,0.0,2,0.116504854368932,0.0728155339805825,9.0,1.0,10.0,12.0,5.0
22100360,2021-12-06,SPURS at SUNS,286406.0,2492.0,372.0,101.0,212.0,0.29717,0.31016,1.0,2,0.117924528301887,0.0330188679245283,7.0,1.0,8.0,4.0,4.15
22100361,2021-12-06,MAGIC at WARRIORS,1433804.0,15998.0,969.0,104.0,221.0,0.420814,0.478528,0.0,3,0.171945701357466,0.149321266968326,9.0,8.0,17.0,31.0,6.475
22100362,2021-12-06,CLIPPERS at TRAIL BLAZERS,220923.0,2043.0,183.0,99.0,192.0,0.25,0.339181,0.0,0,0.125,0.0729166666666667,4.0,0.0,4.0,12.0,4.525
22100363,2021-12-07,NETS at MAVERICKS,1102919.0,10013.0,1146.0,92.5,201.0,0.253731,0.416185,1.0,3,0.139303482587065,0.0995024875621891,10.0,1.0,11.0,3.0,5.3
22100364,2021-12-07,KNICKS at SPURS,187956.0,1625.0,131.0,95.0,230.0,0.391304,0.377049,0.0,1,0.139130434782609,0.0782608695652174,5.0,1.0,6.0,12.0,5.6
22100365,2021-12-07,CELTICS at LAKERS,2508691.0,25643.0,1919.0,99.0,219.0,0.246575,0.342857,1.0,2,0.150684931506849,0.150684931506849,12.0,1.0,13.0,15.0,6.25
22100367,2021-12-08,BULLS at CAVALIERS,391491.0,3694.0,656.0,97.0,207.0,0.289855,0.329268,1.0,3,0.140096618357488,0.154589371980676,12.0,3.0,15.0,23.0,5.075000000000000
22100369,2021-12-08,KNICKS at PACERS,98314.0,1040.0,198.0,96.0,224.0,0.254464,0.331395,1.0,0,0.183035714285714,,8.0,1.0,9.0,20.0,5.45
22100366,2021-12-08,76ERS at HORNETS,279119.0,2680.0,338.0,96.5,216.0,0.319444,0.406452,1.0,1,0.199074074074074,0.111111111111111,15.0,0.0,15.0,4.0,4.125
22100371,2021-12-08,THUNDER at RAPTORS,93407.0,1221.0,326.0,98.0,219.0,0.438356,0.457627,0.0,1,0.123287671232877,,,,,1.0,4.0
22100368,2021-12-08,WIZARDS at PISTONS,105331.0,1236.0,193.0,92.38,235.0,0.319149,0.335329,0.0,0,0.221276595744681,0.0382978723404255,4.0,1.0,5.0,3.0,3.85
22100370,2021-12-08,BUCKS at HEAT,520265.0,5079.0,684.0,100.5,217.0,0.470046,0.530864,1.0,2,0.142857142857143,0.0691244239631337,4.0,5.0,9.0,9.0,4.6
22100374,2021-12-08,JAZZ at TIMBERWOLVES,219635.0,1955.0,235.0,104.0,240.0,0.525,0.551913,0.0,3,0.0916666666666667,0.133333333333333,3.0,0.0,3.0,32.0,3.5
22100373,2021-12-08,MAVERICKS at GRIZZLIES,127078.0,1346.0,217.0,95.0,200.0,0.315,0.383234,0.0,1,0.165,0.115,10.0,4.0,14.0,8.0,4.1
22100375,2021-12-08,NUGGETS at PELICANS,67828.0,884.0,177.0,96.0,234.0,0.25641,0.348315,1.0,1,0.128205128205128,0.0897435897435897,6.0,0.0,6.0,6.0,3.75
22100372,2021-12-08,NETS at ROCKETS,606085.0,5658.0,869.0,93.5,218.0,0.302752,0.435294,0.0,1,0.211009174311927,0.0825688073394496,12.0,1.0,13.0,10.0,5.65
22100377,2021-12-08,MAGIC at KINGS,45476.0,694.0,99.0,101.0,272.0,0.341912,0.350515,0.0,0,0.143382352941176,0.0404411764705882,9.0,0.0,9.0,12.0,4.0
22100376,2021-12-08,TRAIL BLAZERS at WARRIORS,1374523.0,13899.0,684.0,100.5,198.0,0.333333,0.466258,0.0,3,0.222222222222222,0.0555555555555556,8.0,4.0,12.0,10.0,6.525
22100378,2021-12-08,CELTICS at CLIPPERS,405635.0,3738.0,471.0,103.5,225.0,0.32,0.374269,0.0,1,0.173333333333333,0.106666666666667,12.0,1.0,13.0,3.0,5.45
22100379,2021-12-09,JAZZ at 76ERS,408631.0,3416.0,363.0,94.5,214.0,0.294393,0.407821,0.0,3,0.144859813084112,0.130841121495327,10.0,0.0,10.0,,4.325
22100380,2021-12-09,LAKERS at GRIZZLIES,1292619.0,10129.0,3259.0,101.0,203.0,0.384236,0.418605,1.0,1,0.113300492610837,0.211822660098522,11.0,0.0,11.0,13.0,5.1
22100381,2021-12-09,NUGGETS at SPURS,159675.0,1628.0,194.0,98.5,234.0,0.384615,0.406593,0.0,2,0.11965811965812,0.132478632478632,3.0,1.0,4.0,12.0,3.95
22100383,2021-12-10,MAVERICKS at PACERS,142041.0,1510.0,232.0,90.5,199.0,0.256281,0.380117,0.0,1,0.110552763819095,,8.0,3.0,11.0,13.0,4.2
22100382,2021-12-10,KINGS at HORNETS,201370.0,2489.0,428.0,100.0,247.0,0.340081,0.404255,0.0,0,0.109311740890688,0.178137651821862,13.0,0.0,13.0,1.0,3.9000000000000000
22100385,2021-12-10,KNICKS at RAPTORS,194584.0,1877.0,448.0,91.5,177.0,0.355932,0.410714,0.0,1,0.214689265536723,,11.0,2.0,13.0,3.0,6.0
22100384,2021-12-10,NETS at HAWKS,772696.0,6806.0,749.0,102.5,218.0,0.233945,0.304813,1.0,3,0.160550458715596,0.105504587155963,12.0,0.0,12.0,8.0,4.950000000000000
22100388,2021-12-10,PISTONS at PELICANS,55018.0,687.0,114.0,100.0,202.0,0.371287,0.4,0.0,0,0.123762376237624,0.128712871287129,3.0,0.0,3.0,16.0,3.375
22100389,2021-12-10,LAKERS at THUNDER,1745480.0,16551.0,1715.0,98.0,211.0,0.412322,0.469945,1.0,1,0.113744075829384,0.0663507109004739,,,,21.0,5.25
22100387,2021-12-10,CAVALIERS at TIMBERWOLVES,133753.0,1531.0,352.0,104.5,229.0,0.31441,0.40678,1.0,3,0.179039301310044,0.205240174672489,15.0,3.0,18.0,17.0,3.8
22100386,2021-12-10,BUCKS at ROCKETS,260273.0,2955.0,542.0,101.5,237.0,0.43038,0.494186,0.0,2,0.147679324894515,0.135021097046414,10.0,6.0,16.0,9.0,4.9
22100390,2021-12-10,CELTICS at SUNS,521899.0,4163.0,429.0,99.5,201.0,0.268657,0.338624,0.0,2,0.134328358208955,0.0597014925373134,7.0,1.0,8.0,21.0,5.05
22100391,2021-12-11,MAGIC at CLIPPERS,175595.0,1963.0,266.0,91.5,210.0,0.428571,0.401163,0.0,0,0.123809523809524,0.0666666666666667,,,,2.0,4.475
22100392,2021-12-11,JAZZ at WIZARDS,256950.0,2315.0,177.0,97.5,221.0,0.285068,0.351648,0.0,2,0.0995475113122172,0.0271493212669683,17.0,4.0,21.0,25.0,4.0
22100395,2021-12-11,ROCKETS at GRIZZLIES,79889.0,905.0,122.0,91.0,219.0,0.30137,0.394904,1.0,0,0.187214611872146,0.0776255707762557,12.0,2.0,14.0,7.0,4.45
22100397,2021-12-11,NUGGETS at SPURS,90559.0,984.0,166.0,98.5,239.0,0.376569,0.384615,0.0,2,0.138075313807531,0.0669456066945607,5.0,4.0,9.0,15.0,3.95
22100396,2021-12-11,WARRIORS at 76ERS,1184109.0,10427.0,1756.0,93.5,195.0,0.323077,0.465839,0.0,4,0.184615384615385,,9.0,1.0,10.0,9.0,7.15
22100398,2021-12-12,BUCKS at KNICKS,328679.0,3073.0,440.0,96.5,209.0,0.444976,0.529412,0.0,2,0.114832535885167,0.0669856459330144,6.0,0.0,6.0,15.0,5.8
22100399,2021-12-12,NETS at PISTONS,601955.0,5691.0,1160.0,104.0,220.0,0.340909,0.363128,0.0,1,0.159090909090909,,3.0,3.0,6.0,12.0,4.525
22100400,2021-12-12,MAVERICKS at THUNDER,86303.0,1034.0,117.0,94.5,187.0,0.352941,0.411765,0.0,0,0.155080213903743,0.0,0.0,2.0,2.0,19.0,4.25
22100401,2021-12-12,PELICANS at SPURS,86124.0,1044.0,140.0,97.5,209.0,0.215311,0.291892,0.0,1,0.114832535885167,0.15311004784689,7.0,0.0,7.0,15.0,3.5
22100402,2021-12-12,TIMBERWOLVES at TRAIL BLAZERS,201829.0,1759.0,226.0,100.5,227.0,0.422907,0.506024,0.0,1,0.198237885462555,,13.0,4.0,17.0,5.0,3.45
22100406,2021-12-13,KINGS at RAPTORS,121265.0,1525.0,228.0,100.5,225.0,0.293333,0.338542,1.0,1,0.0933333333333333,0.151111111111111,13.0,0.0,13.0,23.0,4.475
22100404,2021-12-13,HEAT at CAVALIERS,344439.0,3246.0,608.0,93.0,199.0,0.437186,0.457831,0.0,2,0.110552763819095,0.0603015075376884,10.0,5.0,15.0,11.0,4.725
22100405,2021-12-13,WARRIORS at PACERS,1369778.0,14271.0,1277.0,95.5,202.0,0.222772,0.350877,0.0,3,0.163366336633663,,6.0,1.0,7.0,2.0,6.4
22100408,2021-12-13,BUCKS at CELTICS,410658.0,3867.0,291.0,97.5,220.0,0.422727,0.471591,0.0,3,0.104545454545455,0.127272727272727,5.0,3.0,8.0,14.0,4.8
22100407,2021-12-13,ROCKETS at HAWKS,175746.0,2213.0,504.0,104.0,258.0,0.395349,0.469613,0.0,1,0.186046511627907,,10.0,3.0,13.0,6.0,5.0
22100410,2021-12-13,HORNETS at MAVERICKS,222559.0,1836.0,202.0,85.0,216.0,0.444444,0.461538,1.0,0,0.138888888888889,0.143518518518519,6.0,3.0,9.0,24.0,4.175
22100411,2021-12-13,WIZARDS at NUGGETS,129932.0,1433.0,201.0,100.5,220.0,0.3,0.390533,0.0,1,0.190909090909091,0.0772727272727273,8.0,1.0,9.0,6.0,4.225
22100412,2021-12-13,SUNS at CLIPPERS,491477.0,3888.0,584.0,97.0,206.0,0.23301,0.287356,0.0,1,0.155339805825243,0.0970873786407767,6.0,0.0,6.0,16.0,5.0
22100414,2021-12-14,WARRIORS at KNICKS,1882374.0,23679.0,1834.0,92.0,201.0,0.462687,0.5125,0.0,3,0.199004975124378,,5.0,5.0,10.0,9.0,8.45
22100413,2021-12-14,RAPTORS at NETS,605092.0,5953.0,989.0,98.72,260.0,0.369231,0.4375,0.0,2,0.123076923076923,0.192307692307692,12.0,5.0,17.0,2.0,5.05
22100416,2021-12-14,SUNS at TRAIL BLAZERS,378779.0,3401.0,394.0,95.09,218.0,0.330275,0.380952,1.0,1,0.119266055045872,0.119266055045872,6.0,5.0,11.0,4.0,4.125
22100418,2021-12-15,HAWKS at MAGIC,68479.0,749.0,77.0,99.5,210.0,0.3,0.377143,1.0,1,0.166666666666667,0.0666666666666667,3.0,3.0,6.0,12.0,3.925
22100417,2021-12-15,ROCKETS at CAVALIERS,144475.0,1722.0,366.0,96.5,213.0,0.323944,0.436709,1.0,2,0.187793427230047,0.07981220657277,11.0,6.0,17.0,35.0,5.025
22100419,2021-12-15,HEAT at 76ERS,360336.0,3054.0,357.0,91.0,197.0,0.456853,0.515924,0.0,1,0.137055837563452,0.218274111675127,,,,5.0,5.0
22100421,2021-12-15,PACERS at BUCKS,106095.0,1079.0,123.0,96.0,213.0,0.352113,0.387283,0.0,0,0.103286384976526,0.150234741784038,6.0,1.0,7.0,15.0,3.75
22100420,2021-12-15,LAKERS at MAVERICKS,2240110.0,27062.0,3313.0,95.55,211.0,0.383886,0.441489,0.0,1,0.132701421800948,0.137440758293839,8.0,4.0,12.0,3.0,6.0
22100423,2021-12-15,HORNETS at SPURS,116860.0,1220.0,95.0,98.0,246.0,0.365854,0.403409,0.0,1,0.146341463414634,0.138211382113821,7.0,1.0,8.0,16.0,3.5250000000000000
22100422,2021-12-15,PELICANS at THUNDER,181627.0,3140.0,374.0,98.5,223.0,0.32287,0.364162,1.0,0,0.192825112107623,,10.0,4.0,14.0,3.0,3.4
22100424,2021-12-15,TIMBERWOLVES at NUGGETS,170825.0,1827.0,267.0,100.0,231.0,0.480519,0.505814,0.0,2,0.121212121212121,0.0995670995670996,8.0,1.0,9.0,17.0,3.725
22100427,2021-12-15,WIZARDS at KINGS,76626.0,995.0,158.0,99.0,224.0,0.174107,0.292398,0.0,0,0.165178571428571,,10.0,0.0,10.0,14.0,4.35
22100425,2021-12-15,CLIPPERS at JAZZ,372967.0,2740.0,313.0,100.5,227.0,0.330396,0.385057,0.0,2,0.123348017621145,0.066079295154185,,,,21.0,4.575
22100426,2021-12-15,GRIZZLIES at TRAIL BLAZERS,93952.0,1120.0,209.0,101.0,216.0,0.361111,0.426829,0.0,0,0.231481481481481,0.231481481481481,2.0,4.0,6.0,10.0,3.425
22100428,2021-12-16,PISTONS at PACERS,80568.0,854.0,79.0,100.5,235.0,0.178723,0.331395,0.0,0,0.217021276595745,0.14468085106383,8.0,1.0,9.0,9.0,3.425
22100429,2021-12-16,76ERS at NETS,875351.0,7685.0,1305.0,99.0,219.0,0.287671,0.320225,0.0,2,0.146118721461187,0.118721461187215,5.0,0.0,5.0,9.0,5.25
22100431,2021-12-16,KNICKS at ROCKETS,179600.0,1734.0,222.0,90.0,219.0,0.383562,0.450331,0.0,0,0.205479452054795,0.0547945205479452,13.0,3.0,16.0,13.0,6.6
22100432,2021-12-16,WIZARDS at SUNS,262979.0,2164.0,255.0,100.5,216.0,0.208333,0.310559,0.0,1,0.171296296296296,0.0972222222222222,8.0,0.0,8.0,20.0,4.425
22100433,2021-12-17,HEAT at MAGIC,153349.0,1714.0,213.0,93.0,220.0,0.409091,0.391813,1.0,0,0.1,0.109090909090909,,,,10.0,4.325000000000000
22100434,2021-12-17,NUGGETS at HAWKS,138468.0,1198.0,154.0,106.5,248.0,0.290323,0.356322,1.0,2,0.169354838709677,0.116935483870968,8.0,0.0,8.0,18.0,4.25
22100435,2021-12-17,WARRIORS at CELTICS,1978399.0,18297.0,1266.0,97.0,218.0,0.426606,0.505814,0.0,4,0.169724770642202,0.119266055045872,9.0,2.0,11.0,4.0,7.45
22100438,2021-12-17,BUCKS at PELICANS,113100.0,1167.0,161.0,97.81,228.0,0.355263,0.435233,0.0,0,0.118421052631579,0.100877192982456,3.0,3.0,6.0,4.0,3.7000000000000000
22100437,2021-12-17,SPURS at JAZZ,179976.0,1954.0,475.0,104.0,254.0,0.330709,0.404145,0.0,3,0.133858267716535,,,,,2.0,3.725
22100439,2021-12-17,HORNETS at TRAIL BLAZERS,328358.0,2955.0,222.0,99.5,241.0,0.423237,0.474576,0.0,1,0.128630705394191,0.0954356846473029,8.0,2.0,10.0,9.0,3.5
22100436,2021-12-17,LAKERS at TIMBERWOLVES,1392392.0,11433.0,3070.0,107.0,202.0,0.356436,0.494318,0.0,2,0.178217821782178,0.158415841584158,14.0,1.0,15.0,18.0,5.125
22100441,2021-12-18,ROCKETS at PISTONS,127030.0,1432.0,222.0,104.5,223.0,0.32287,0.397849,0.0,0,0.0941704035874439,0.0762331838565022,15.0,5.0,20.0,9.0,4.575
22100445,2021-12-18,KNICKS at CELTICS,278012.0,2665.0,313.0,97.5,221.0,0.40724,0.47929,0.0,1,0.167420814479638,0.0678733031674208,3.0,7.0,10.0,7.0,6.5
22100443,2021-12-18,WARRIORS at RAPTORS,842561.0,7260.0,1341.0,95.5,219.0,0.342466,0.43787,1.0,1,0.136986301369863,0.159817351598174,17.0,1.0,18.0,19.0,6.95
22100442,2021-12-18,MAGIC at NETS,250565.0,2132.0,291.0,101.5,193.0,0.295337,0.392857,1.0,0,0.0932642487046632,0.0725388601036269,,,,7.0,4.575000000000000
22100444,2021-12-18,CLIPPERS at THUNDER,126209.0,1743.0,263.0,96.0,207.0,0.405797,0.4,0.0,0,0.0917874396135266,,8.0,3.0,11.0,1.0,4.45
22100446,2021-12-18,CAVALIERS at BUCKS,208875.0,2028.0,516.0,98.0,209.0,0.401914,0.463687,0.0,2,0.100478468899522,0.105263157894737,4.0,3.0,7.0,29.0,4.225
22100447,2021-12-18,WIZARDS at JAZZ,252254.0,2243.0,241.0,100.5,212.0,0.325472,0.428571,1.0,2,0.165094339622642,0.108490566037736,9.0,4.0,13.0,6.0,4.0
22100451,2021-12-19,SPURS at KINGS,61739.0,794.0,124.0,97.0,235.0,0.331915,0.274725,1.0,1,0.114893617021277,0.0893617021276596,6.0,2.0,8.0,7.0,4.075
22100449,2021-12-19,HEAT at PISTONS,128785.0,1191.0,174.0,95.0,190.0,0.331579,0.503356,0.0,0,0.226315789473684,0.0526315789473684,4.0,2.0,6.0,10.0,4.275
22100456,2021-12-19,HORNETS at SUNS,312062.0,2735.0,407.0,107.5,243.0,0.37037,0.441026,1.0,3,0.135802469135802,0.135802469135802,10.0,0.0,10.0,31.0,3.9750000000000000
22100448,2021-12-19,LAKERS at BULLS,2198238.0,22538.0,3256.0,101.0,225.0,0.293333,0.365714,0.0,2,0.173333333333333,,7.0,1.0,8.0,5.0,6.4
22100455,2021-12-19,MAVERICKS at TIMBERWOLVES,138845.0,1304.0,150.0,93.0,216.0,0.375,0.471698,0.0,1,0.208333333333333,0.148148148148148,11.0,0.0,11.0,6.0,4.125
22100457,2021-12-20,76ERS at CELTICS,287999.0,2751.0,452.0,100.0,211.0,0.241706,0.337662,0.0,2,0.218009478672986,0.0900473933649289,,,,5.0,5.2
22100459,2021-12-20,ROCKETS at BULLS,379992.0,4176.0,389.0,94.0,251.0,0.334661,0.409639,0.0,1,0.163346613545817,0.119521912350598,17.0,2.0,19.0,15.0,5.75
22100460,2021-12-20,THUNDER at GRIZZLIES,151262.0,1693.0,340.0,100.0,201.0,0.328358,0.378378,0.0,1,0.144278606965174,0.139303482587065,,,,3.0,3.35
22100461,2021-12-20,HORNETS at JAZZ,380456.0,2982.0,166.0,106.0,214.0,0.434579,0.48731,0.0,3,0.172897196261682,0.130841121495327,,,,10.0,3.55
22100462,2021-12-20,KINGS at WARRIORS,1260535.0,12916.0,671.0,98.0,211.0,0.398104,0.403509,1.0,2,0.0805687203791469,0.104265402843602,7.0,3.0,10.0,15.0,6.925000000000000
22100465,2021-12-21,PACERS at HEAT,266362.0,2729.0,282.0,95.5,221.0,0.447964,0.43956,0.0,0,0.144796380090498,0.104072398190045,4.0,5.0,9.0,29.0,4.25
22100466,2021-12-21,PISTONS at KNICKS,137347.0,1467.0,164.0,98.5,196.0,0.290816,0.358696,0.0,0,0.147959183673469,0.112244897959184,12.0,0.0,12.0,14.0,5.475
22100467,2021-12-21,TRAIL BLAZERS at PELICANS,124984.0,1243.0,251.0,92.0,208.0,0.360577,0.424051,1.0,0,0.139423076923077,0.0528846153846154,6.0,1.0,7.0,14.0,3.4750000000000000
22100468,2021-12-21,TIMBERWOLVES at MAVERICKS,133908.0,1544.0,167.0,94.5,216.0,0.333333,0.448485,0.0,1,0.166666666666667,0.106481481481481,12.0,1.0,13.0,12.0,4.125
22100469,2021-12-21,SUNS at LAKERS,1667099.0,13206.0,3399.0,105.0,198.0,0.287879,0.422222,0.0,3,0.146464646464646,0.176767676767677,6.0,2.0,8.0,18.0,5.8
22100470,2021-12-22,MAGIC at HAWKS,133418.0,1278.0,225.0,94.5,202.0,0.341584,0.412121,0.0,0,0.193069306930693,0.0297029702970297,,,,6.0,3.925
22100471,2021-12-22,CAVALIERS at CELTICS,433287.0,3481.0,389.0,100.5,212.0,0.283019,0.369565,0.0,2,0.160377358490566,0.127358490566038,6.0,6.0,12.0,10.0,4.925
22100474,2021-12-22,NUGGETS at THUNDER,108476.0,1133.0,260.0,99.5,202.0,0.311881,0.438202,1.0,1,0.153465346534653,0.099009900990099,,,,14.0,3.85
22100473,2021-12-22,ROCKETS at BUCKS,178905.0,1704.0,245.0,101.0,232.0,0.387931,0.481481,0.0,1,0.172413793103448,0.129310344827586,,,,20.0,4.9
22100475,2021-12-22,CLIPPERS at KINGS,264248.0,2176.0,207.0,96.0,194.0,0.293814,0.371257,1.0,0,0.118556701030928,0.180412371134021,13.0,0.0,13.0,16.0,4.925000000000000
22100476,2021-12-23,ROCKETS at PACERS,64160.0,714.0,141.0,92.0,224.0,0.375,0.446429,0.0,0,0.151785714285714,,7.0,0.0,7.0,12.0,4.55
22100478,2021-12-23,HAWKS at 76ERS,191691.0,1837.0,275.0,91.0,194.0,0.201031,0.314815,0.0,1,0.211340206185567,0.128865979381443,7.0,1.0,8.0,2.0,4.6
22100477,2021-12-23,PELICANS at MAGIC,47144.0,649.0,126.0,95.5,214.0,0.308411,0.356322,1.0,0,0.196261682242991,0.088785046728972,4.0,2.0,6.0,6.0,3.425
22100480,2021-12-23,WIZARDS at KNICKS,202908.0,2098.0,402.0,95.5,241.0,0.360996,0.470238,1.0,0,0.182572614107884,0.033195020746888,13.0,1.0,14.0,7.0,5.875
22100479,2021-12-23,PISTONS at HEAT,205614.0,2353.0,298.0,100.5,227.0,0.396476,0.428571,0.0,0,0.171806167400881,0.0704845814977974,3.0,1.0,4.0,3.0,4.275
22100481,2021-12-23,BUCKS at MAVERICKS,168317.0,1509.0,185.0,96.0,197.0,0.335025,0.482143,0.0,1,0.157360406091371,0.116751269035533,,,,7.0,4.55
22100483,2021-12-23,THUNDER at SUNS,179939.0,1791.0,248.0,101.0,214.0,0.364486,0.42328,0.0,2,0.11214953271028,0.0327102803738318,5.0,3.0,8.0,12.0,4.05
22100484,2021-12-23,TIMBERWOLVES at JAZZ,175808.0,1439.0,174.0,101.0,244.0,0.405738,0.439791,0.0,2,0.102459016393443,0.110655737704918,17.0,2.0,19.0,12.0,3.5
22100482,2021-12-23,HORNETS at NUGGETS,293313.0,2782.0,313.0,102.0,222.0,0.405405,0.457895,0.0,2,0.153153153153153,0.135135135135135,13.0,0.0,13.0,8.0,3.7750000000000000
22100485,2021-12-23,GRIZZLIES at WARRIORS,1818322.0,20069.0,1781.0,96.5,217.0,0.373272,0.383721,0.0,3,0.15668202764977,0.138248847926267,5.0,5.0,10.0,9.0,6.300000000000000
22100487,2021-12-23,SPURS at LAKERS,1156023.0,9093.0,2959.0,105.0,248.0,0.278226,0.349206,0.0,2,0.181451612903226,0.0887096774193548,8.0,1.0,9.0,28.0,5.35
22100488,2021-12-25,HAWKS at KNICKS,301515.0,3327.0,445.0,93.0,188.0,0.526596,0.511628,0.0,0,0.0691489361702128,0.0797872340425532,9.0,0.0,9.0,14.0,5.9
22100489,2021-12-25,CELTICS at BUCKS,635859.0,6573.0,885.0,99.5,230.0,0.378261,0.433333,0.0,3,0.169565217391304,,12.0,6.0,18.0,4.0,4.8
22100490,2021-12-25,WARRIORS at SUNS,2541380.0,29235.0,3118.0,94.0,223.0,0.336323,0.39881,0.0,4,0.152466367713004,0.0582959641255605,8.0,7.0,15.0,9.0,7.0
22100492,2021-12-25,MAVERICKS at JAZZ,324571.0,2872.0,250.0,104.0,236.0,0.279661,0.368715,0.0,2,0.245762711864407,0.0889830508474576,13.0,1.0,14.0,4.0,4.375
22100493,2021-12-26,MAGIC at HEAT,249736.0,2796.0,219.0,90.5,176.0,0.340909,0.409938,0.0,0,0.125,0.107954545454545,9.0,3.0,12.0,10.0,4.325000000000000
22100494,2021-12-26,RAPTORS at CAVALIERS,227379.0,2204.0,1198.0,109.0,243.0,0.382716,0.451282,0.0,1,0.106995884773663,0.0699588477366255,10.0,7.0,17.0,45.0,4.425
22100496,2021-12-26,GRIZZLIES at KINGS,68415.0,786.0,114.0,100.5,229.0,0.248908,0.325967,0.0,1,0.209606986899563,0.126637554585153,15.0,0.0,15.0,25.0,3.825
22100495,2021-12-26,76ERS at WIZARDS,250291.0,1988.0,115.0,95.0,213.0,0.28169,0.363636,0.0,1,0.173708920187793,0.0704225352112676,3.0,9.0,12.0,21.0,4.575
22100497,2021-12-26,PELICANS at THUNDER,59145.0,758.0,134.0,105.0,229.0,0.30131,0.427778,0.0,0,0.200873362445415,0.11353711790393,11.0,0.0,11.0,5.0,3.4
22100498,2021-12-26,PISTONS at SPURS,76933.0,1081.0,174.0,110.5,253.0,0.249012,0.312169,0.0,0,0.213438735177866,0.126482213438735,6.0,0.0,6.0,35.0,3.575
22100501,2021-12-27,ROCKETS at HORNETS,232920.0,2554.0,245.0,103.5,222.0,0.445946,0.497143,0.0,1,0.103603603603604,,16.0,4.0,20.0,24.0,4.525
22100502,2021-12-27,BULLS at HAWKS,547051.0,6179.0,912.0,98.0,248.0,0.399194,0.387978,0.0,3,0.133064516129032,0.0483870967741936,8.0,1.0,9.0,12.0,5.05
22100503,2021-12-27,CELTICS at TIMBERWOLVES,161334.0,1519.0,226.0,100.0,211.0,0.42654,0.452514,0.0,0,0.165876777251185,0.104265402843602,10.0,4.0,14.0,5.0,4.375
22100504,2021-12-27,JAZZ at SPURS,166259.0,1481.0,144.0,106.0,214.0,0.266355,0.327957,0.0,1,0.126168224299065,,10.0,1.0,11.0,6.0,3.725
22100505,2021-12-27,GRIZZLIES at SUNS,784811.0,7902.0,935.0,98.5,227.0,0.290749,0.337079,0.0,3,0.145374449339207,,4.0,3.0,7.0,1.0,3.9
22100506,2021-12-27,MAVERICKS at TRAIL BLAZERS,169216.0,1570.0,265.0,97.5,249.0,0.289157,0.439759,0.0,0,0.236947791164659,0.108433734939759,16.0,4.0,20.0,15.0,4.325
22100507,2021-12-27,NETS at CLIPPERS,690984.0,5837.0,699.0,99.5,232.0,0.349138,0.383784,0.0,1,0.133620689655172,0.142241379310345,8.0,3.0,11.0,16.0,5.5
22100508,2021-12-28,BUCKS at MAGIC,123484.0,1437.0,167.0,100.5,237.0,0.367089,0.452381,1.0,2,0.160337552742616,0.080168776371308,,,,17.0,3.8250000000000000
22100509,2021-12-28,WIZARDS at HEAT,346924.0,3129.0,275.0,94.5,231.0,0.428571,0.429379,1.0,0,0.138528138528139,,8.0,5.0,13.0,7.0,4.675
22100510,2021-12-28,76ERS at RAPTORS,142801.0,1284.0,256.0,94.5,223.0,0.390135,0.432927,0.0,1,0.224215246636771,,8.0,1.0,9.0,5.0,4.7
22100513,2021-12-28,CAVALIERS at PELICANS,98752.0,1009.0,299.0,95.0,212.0,0.424528,0.458333,1.0,0,0.169811320754717,0.136792452830189,5.0,2.0,7.0,4.0,3.8250000000000000
22100512,2021-12-28,KNICKS at TIMBERWOLVES,126574.0,1239.0,160.0,92.5,184.0,0.375,0.445714,1.0,0,0.103260869565217,0.103260869565217,12.0,0.0,12.0,8.0,5.375
22100511,2021-12-28,LAKERS at ROCKETS,1860925.0,19718.0,2764.0,101.5,255.0,0.352941,0.394286,0.0,1,0.16078431372549,0.125490196078431,,,,9.0,6.35
22100515,2021-12-28,THUNDER at KINGS,50705.0,651.0,76.0,105.5,228.0,0.368421,0.389189,1.0,0,0.219298245614035,0.118421052631579,6.0,0.0,6.0,6.0,3.975
22100514,2021-12-28,NUGGETS at WARRIORS,1276102.0,11183.0,1952.0,93.5,175.0,0.308571,0.419355,0.0,3,0.165714285714286,,14.0,6.0,20.0,3.0,6.800000000000000
22100516,2021-12-29,KNICKS at PISTONS,104217.0,1322.0,219.0,96.0,179.0,0.335196,0.407407,1.0,0,0.206703910614525,0.134078212290503,11.0,3.0,14.0,9.0,5.475
22100517,2021-12-29,HORNETS at PACERS,217328.0,2530.0,160.0,104.5,224.0,0.348214,0.415205,0.0,1,0.169642857142857,0.169642857142857,8.0,0.0,8.0,8.0,3.375
22100518,2021-12-29,CLIPPERS at CELTICS,190688.0,1667.0,222.0,88.5,173.0,0.260116,0.384615,0.0,0,0.127167630057803,0.132947976878613,10.0,0.0,10.0,9.0,5.45
22100519,2021-12-29,HAWKS at BULLS,503256.0,5460.0,702.0,104.0,248.0,0.254032,0.272727,0.0,3,0.141129032258065,0.181451612903226,12.0,4.0,16.0,14.0,5.05
22100520,2021-12-29,LAKERS at GRIZZLIES,1580884.0,13793.0,3504.0,95.5,203.0,0.369458,0.415205,1.0,2,0.147783251231527,0.133004926108374,4.0,2.0,6.0,5.0,5.1
22100522,2021-12-29,THUNDER at SUNS,143983.0,1490.0,198.0,98.5,212.0,0.268868,0.372973,0.0,2,0.165094339622642,0.0849056603773585,4.0,5.0,9.0,18.0,4.05
22100523,2021-12-29,JAZZ at TRAIL BLAZERS,281694.0,2236.0,247.0,96.5,225.0,0.293333,0.394286,1.0,1,0.164444444444444,0.155555555555556,14.0,3.0,17.0,15.0,3.7
22100524,2021-12-29,MAVERICKS at KINGS,159777.0,1817.0,296.0,90.0,189.0,0.301587,0.320513,0.0,0,0.116402116402116,,9.0,0.0,9.0,1.0,4.725
22100527,2021-12-30,CAVALIERS at WIZARDS,184680.0,1764.0,207.0,95.0,203.0,0.251232,0.32948,0.0,0,0.12807881773399,0.0689655172413793,8.0,2.0,10.0,17.0,4.3
22100525,2021-12-30,76ERS at NETS,1042701.0,8848.0,1209.0,94.5,212.0,0.283019,0.325967,1.0,3,0.160377358490566,0.10377358490566,11.0,0.0,11.0,8.0,5.25
22100526,2021-12-30,BUCKS at MAGIC,225875.0,2405.0,345.0,102.5,254.0,0.307087,0.38764,0.0,2,0.21259842519685,0.133858267716535,8.0,3.0,11.0,18.0,3.8250000000000000
22100529,2021-12-31,SUNS at CELTICS,484807.0,3930.0,591.0,98.5,231.0,0.272727,0.338798,0.0,2,0.164502164502165,0.103896103896104,8.0,1.0,9.0,15.0,5.05
22100530,2021-12-31,BULLS at PACERS,676288.0,8082.0,950.0,100.5,214.0,0.280374,0.327684,0.0,2,0.224299065420561,,11.0,0.0,11.0,2.0,4.6
22100531,2021-12-31,MAVERICKS at KINGS,94294.0,938.0,137.0,94.5,208.0,0.274038,0.296512,0.0,0,0.139423076923077,0.120192307692308,9.0,1.0,10.0,16.0,4.725
22100532,2021-12-31,HEAT at ROCKETS,294190.0,2860.0,363.0,102.5,230.0,0.365217,0.418994,0.0,0,0.173913043478261,0.091304347826087,7.0,2.0,9.0,10.0,5.4
22100534,2021-12-31,CLIPPERS at RAPTORS,156898.0,1506.0,307.0,96.5,224.0,0.348214,0.396552,0.0,1,0.1875,0.09375,8.0,0.0,8.0,8.0,4.95
22100533,2021-12-31,HAWKS at CAVALIERS,225136.0,1940.0,299.0,94.5,239.0,0.301255,0.348066,0.0,2,0.138075313807531,0.0711297071129707,,,,3.0,4.325000000000000
22100536,2021-12-31,KNICKS at THUNDER,87755.0,1089.0,192.0,94.0,175.0,0.445714,0.5,0.0,0,0.0971428571428571,0.04,3.0,3.0,6.0,15.0,5.5
22100537,2021-12-31,TIMBERWOLVES at JAZZ,227655.0,1792.0,134.0,100.0,228.0,0.328947,0.409357,1.0,2,0.214912280701754,0.0482456140350877,5.0,2.0,7.0,12.0,3.5
22100538,2021-12-31,TRAIL BLAZERS at LAKERS,2223705.0,21016.0,2733.0,100.0,245.0,0.379592,0.44385,0.0,1,0.195918367346939,0.138775510204082,7.0,7.0,14.0,33.0,5.325
22100539,2022-01-01,PELICANS at BUCKS,172587.0,1894.0,244.0,108.5,249.0,0.46988,0.529412,1.0,1,0.136546184738956,0.168674698795181,11.0,5.0,16.0,23.0,3.7000000000000000
22100541,2022-01-01,BULLS at WIZARDS,797704.0,10452.0,1452.0,103.5,239.0,0.288703,0.356725,1.0,2,0.175732217573222,,6.0,8.0,14.0,1.0,5.025
22100542,2022-01-01,CLIPPERS at NETS,635413.0,5333.0,855.0,104.0,236.0,0.317797,0.377049,0.0,2,0.182203389830508,0.110169491525424,4.0,0.0,4.0,4.0,5.5
22100540,2022-01-01,SPURS at PISTONS,82312.0,1165.0,215.0,101.43,233.0,0.270386,0.369458,0.0,0,0.197424892703863,,7.0,4.0,11.0,1.0,3.575
22100543,2022-01-01,NUGGETS at ROCKETS,155428.0,1440.0,289.0,102.0,235.0,0.331915,0.432749,1.0,1,0.182978723404255,0.0808510638297872,14.0,4.0,18.0,13.0,4.95
22100544,2022-01-01,WARRIORS at JAZZ,1854857.0,19900.0,1735.0,99.5,239.0,0.389121,0.426966,0.0,4,0.150627615062762,0.0794979079497908,14.0,4.0,18.0,7.0,6.575
22100545,2022-01-02,KNICKS at RAPTORS,157463.0,1603.0,307.0,99.5,225.0,0.333333,0.426829,0.0,1,0.213333333333333,0.124444444444444,8.0,7.0,15.0,15.0,6.0
22100548,2022-01-02,HEAT at KINGS,165132.0,1617.0,210.0,97.5,228.0,0.289474,0.36612,0.0,0,0.149122807017544,0.0745614035087719,12.0,2.0,14.0,2.0,4.775
22100547,2022-01-02,PACERS at CAVALIERS,167594.0,1593.0,259.0,95.0,212.0,0.353774,0.421053,1.0,1,0.14622641509434,0.0188679245283019,5.0,2.0,7.0,4.0,3.875
22100546,2022-01-02,MAGIC at CELTICS,174713.0,1958.0,230.0,99.17,227.0,0.290749,0.348066,0.0,0,0.20704845814978,0.110132158590308,3.0,2.0,5.0,5.0,4.525
22100550,2022-01-02,MAVERICKS at THUNDER,107076.0,1136.0,154.0,94.0,181.0,0.39779,0.405882,1.0,1,0.0607734806629834,0.0994475138121547,10.0,3.0,13.0,9.0,4.25
22100549,2022-01-02,SUNS at HORNETS,517862.0,4153.0,343.0,105.0,232.0,0.336207,0.404255,0.0,3,0.103448275862069,0.15948275862069,19.0,3.0,22.0,34.0,3.9750000000000000
22100551,2022-01-02,TIMBERWOLVES at LAKERS,1742229.0,15396.0,1771.0,100.5,211.0,0.312796,0.473054,1.0,1,0.165876777251185,,7.0,0.0,7.0,5.0,5.125
22100552,2022-01-03,ROCKETS at 76ERS,131882.0,1302.0,147.0,103.5,246.0,0.390244,0.454054,0.0,1,0.16260162601626,,15.0,8.0,23.0,20.0,5.300000000000000
22100553,2022-01-03,HORNETS at WIZARDS,247247.0,2397.0,214.0,104.5,245.0,0.367347,0.397906,0.0,1,0.142857142857143,0.0571428571428571,13.0,9.0,22.0,3.0,3.8
22100554,2022-01-03,GRIZZLIES at NETS,960027.0,8078.0,1196.0,99.0,222.0,0.256757,0.358696,0.0,3,0.148648648648649,0.153153153153153,9.0,0.0,9.0,14.0,4.4
22100556,2022-01-03,PISTONS at BUCKS,155643.0,1740.0,355.0,98.5,221.0,0.393665,0.486339,0.0,2,0.117647058823529,0.122171945701357,9.0,3.0,12.0,9.0,3.775
22100555,2022-01-03,MAGIC at BULLS,391576.0,4370.0,519.0,99.0,200.0,0.315,0.339181,1.0,2,0.165,0.08,4.0,2.0,6.0,4.0,4.675
22100557,2022-01-03,JAZZ at PELICANS,119989.0,1049.0,89.0,97.5,219.0,0.424658,0.467033,0.0,2,0.127853881278539,0.0365296803652968,6.0,0.0,6.0,11.0,3.525
22100558,2022-01-03,NUGGETS at MAVERICKS,278665.0,2360.0,221.0,94.5,192.0,0.3125,0.427586,0.0,2,0.208333333333333,0.0625,6.0,2.0,8.0,14.0,4.6
22100559,2022-01-03,HEAT at WARRIORS,1930837.0,17718.0,1760.0,102.5,223.0,0.41704,0.43956,1.0,3,0.125560538116592,0.147982062780269,10.0,4.0,14.0,7.0,7.25
22100561,2022-01-03,TIMBERWOLVES at CLIPPERS,126011.0,1203.0,108.0,99.5,226.0,0.358407,0.450292,0.0,0,0.101769911504425,,8.0,5.0,13.0,18.0,4.325
22100560,2022-01-03,HAWKS at TRAIL BLAZERS,223463.0,2426.0,300.0,99.0,267.0,0.359551,0.463277,0.0,1,0.168539325842697,,7.0,10.0,17.0,5.0,3.9750000000000000
22100563,2022-01-04,SPURS at RAPTORS,123612.0,1268.0,371.0,106.0,233.0,0.347639,0.413613,0.0,1,0.145922746781116,0.150214592274678,7.0,6.0,13.0,25.0,4.1
22100564,2022-01-04,PACERS at KNICKS,159301.0,1485.0,147.0,89.5,198.0,0.227273,0.423077,0.0,0,0.207070707070707,0.0353535353535354,6.0,0.0,6.0,10.0,5.45
22100565,2022-01-04,SUNS at PELICANS,248036.0,2159.0,252.0,99.0,233.0,0.347639,0.367816,1.0,2,0.180257510729614,0.137339055793991,8.0,1.0,9.0,13.0,3.9500000000000000
22100566,2022-01-04,KINGS at LAKERS,1992438.0,19959.0,1978.0,99.0,236.0,0.317797,0.362637,1.0,1,0.114406779661017,0.0550847457627119,9.0,4.0,13.0,8.0,5.725
22100567,2022-01-05,PISTONS at HORNETS,177767.0,2215.0,258.0,103.5,251.0,0.454183,0.485549,0.0,1,0.123505976095618,0.167330677290837,,,,29.0,3.4000000000000000
22100568,2022-01-05,76ERS at MAGIC,96765.0,999.0,181.0,101.5,222.0,0.324324,0.382857,1.0,1,0.144144144144144,0.112612612612613,,,,10.0,4.225
22100569,2022-01-05,ROCKETS at WIZARDS,206827.0,2161.0,247.0,107.5,225.0,0.253333,0.369318,1.0,0,0.204444444444444,0.0355555555555556,7.0,5.0,12.0,3.0,4.975
22100570,2022-01-05,SPURS at CELTICS,145097.0,1465.0,286.0,92.5,196.0,0.290816,0.303371,0.0,2,0.0663265306122449,0.0816326530612245,9.0,0.0,9.0,2.0,4.6
22100572,2022-01-05,WARRIORS at MAVERICKS,1485982.0,12052.0,2081.0,95.5,181.0,0.281768,0.404762,1.0,4,0.176795580110497,0.0718232044198895,4.0,1.0,5.0,17.0,7.2
22100573,2022-01-05,RAPTORS at BUCKS,208178.0,2013.0,645.0,102.5,228.0,0.434211,0.431034,0.0,2,0.153508771929825,0.0614035087719298,5.0,7.0,12.0,6.0,4.3
22100574,2022-01-05,THUNDER at TIMBERWOLVES,71167.0,890.0,126.0,97.5,188.0,0.335106,0.438889,0.0,1,0.154255319148936,0.148936170212766,8.0,1.0,9.0,8.0,3.375
22100575,2022-01-05,JAZZ at NUGGETS,259517.0,1915.0,241.0,99.5,224.0,0.334821,0.427778,0.0,2,0.129464285714286,0.0446428571428571,9.0,1.0,10.0,6.0,3.975
22100577,2022-01-05,HAWKS at KINGS,78867.0,830.0,86.0,99.5,210.0,0.271429,0.323864,0.0,0,0.176190476190476,,6.0,0.0,6.0,6.0,4.375
22100576,2022-01-05,HEAT at TRAIL BLAZERS,242158.0,2210.0,250.0,90.5,224.0,0.455357,0.49375,0.0,0,0.223214285714286,0.102678571428571,3.0,8.0,11.0,6.0,4.375
22100578,2022-01-06,CELTICS at KNICKS,562106.0,7154.0,1132.0,90.0,213.0,0.492958,0.476471,1.0,1,0.103286384976526,0.0892018779342723,6.0,0.0,6.0,3.0,6.5
22100579,2022-01-06,PISTONS at GRIZZLIES,181767.0,1619.0,231.0,105.0,206.0,0.291262,0.385787,0.0,1,0.106796116504854,0.155339805825243,6.0,1.0,7.0,30.0,3.325
22100580,2022-01-06,WARRIORS at PELICANS,913365.0,6330.0,948.0,100.5,197.0,0.228426,0.394118,0.0,1,0.192893401015228,0.111675126903553,6.0,3.0,9.0,5.0,6.35
22100581,2022-01-06,CLIPPERS at SUNS,452787.0,3285.0,437.0,98.5,195.0,0.246154,0.305699,0.0,2,0.148717948717949,0.0974358974358974,7.0,2.0,9.0,17.0,5.0
22100582,2022-01-07,SPURS at 76ERS,123898.0,1458.0,255.0,98.0,219.0,0.232877,0.296089,0.0,2,0.164383561643836,0.10958904109589,,,,19.0,4.300000000000000
22100584,2022-01-07,JAZZ at RAPTORS,202739.0,2126.0,755.0,97.5,230.0,0.378261,0.436464,0.0,1,0.143478260869565,0.147826086956522,10.0,1.0,11.0,14.0,4.125
22100583,2022-01-07,BUCKS at NETS,1112853.0,8570.0,1521.0,97.0,230.0,0.286957,0.382979,0.0,4,0.156521739130435,0.11304347826087,8.0,0.0,8.0,12.0,4.85
22100585,2022-01-07,WIZARDS at BULLS,597715.0,5983.0,669.0,104.5,252.0,0.261905,0.318436,0.0,2,0.174603174603175,0.194444444444444,9.0,2.0,11.0,8.0,5.025
22100587,2022-01-07,TIMBERWOLVES at THUNDER,74900.0,824.0,128.0,103.5,240.0,0.4,0.47486,0.0,1,0.15,0.0833333333333333,7.0,7.0,14.0,30.0,3.375
22100586,2022-01-07,MAVERICKS at ROCKETS,147487.0,1290.0,227.0,104.5,236.0,0.368644,0.457627,0.0,0,0.148305084745763,,11.0,4.0,15.0,24.0,5.35
22100588,2022-01-07,KINGS at NUGGETS,98020.0,953.0,98.0,100.5,232.0,0.297414,0.355932,1.0,1,0.150862068965517,0.112068965517241,12.0,1.0,13.0,10.0,4.325
22100590,2022-01-07,CAVALIERS at TRAIL BLAZERS,250812.0,2309.0,373.0,93.0,215.0,0.460465,0.430233,0.0,2,0.13953488372093,0.111627906976744,6.0,9.0,15.0,13.0,4.0
22100589,2022-01-07,HAWKS at LAKERS,2342649.0,24653.0,3179.0,106.5,252.0,0.357143,0.390863,0.0,2,0.142857142857143,0.134920634920635,16.0,2.0,18.0,16.0,5.65
22100591,2022-01-08,GRIZZLIES at CLIPPERS,225680.0,1779.0,255.0,103.0,231.0,0.285714,0.357143,0.0,0,0.186147186147186,0.138528138528139,10.0,3.0,13.0,15.0,4.300000000000000
22100593,2022-01-08,MAGIC at PISTONS,59423.0,828.0,127.0,95.5,189.0,0.380952,0.456647,0.0,0,0.164021164021164,0.126984126984127,13.0,1.0,14.0,5.0,3.5
22100592,2022-01-08,BUCKS at HORNETS,513080.0,4842.0,590.0,102.0,220.0,0.381818,0.449735,0.0,3,0.154545454545455,0.145454545454545,12.0,1.0,13.0,8.0,3.7250000000000000
22100595,2022-01-08,KNICKS at CELTICS,220974.0,2067.0,267.0,85.5,174.0,0.396552,0.387097,0.0,1,0.120689655172414,0.0574712643678161,9.0,3.0,12.0,24.0,6.5
22100602,2022-01-09,SPURS at NETS,562762.0,4832.0,533.0,103.25,240.0,0.2625,0.292683,1.0,3,0.1375,0.108333333333333,13.0,0.0,13.0,2.0,4.65
22100597,2022-01-09,HAWKS at CLIPPERS,179397.0,1439.0,189.0,94.0,199.0,0.286432,0.347059,1.0,1,0.110552763819095,0.130653266331658,2.0,0.0,2.0,13.0,4.85
22100599,2022-01-09,PELICANS at RAPTORS,113906.0,1360.0,198.0,90.0,206.0,0.378641,0.41875,0.0,1,0.194174757281553,0.169902912621359,6.0,5.0,11.0,4.0,3.9
22100598,2022-01-09,WIZARDS at MAGIC,93726.0,925.0,92.0,96.5,202.0,0.29703,0.311475,0.0,0,0.168316831683168,0.108910891089109,10.0,2.0,12.0,2.0,3.9
22100601,2022-01-09,NUGGETS at THUNDER,82093.0,954.0,79.0,90.0,194.0,0.340206,0.418079,1.0,1,0.11340206185567,0.103092783505155,11.0,2.0,13.0,4.0,3.85
22100600,2022-01-09,TIMBERWOLVES at ROCKETS,92166.0,1057.0,164.0,109.0,264.0,0.329545,0.414634,0.0,1,0.125,,23.0,2.0,25.0,18.0,4.475
22100603,2022-01-09,BULLS at MAVERICKS,647258.0,5628.0,633.0,93.5,212.0,0.382075,0.38764,0.0,3,0.089622641509434,0.113207547169811,6.0,0.0,6.0,14.0,5.4
22100604,2022-01-09,CAVALIERS at WARRIORS,2929170.0,36917.0,1687.0,92.0,178.0,0.286517,0.383721,0.0,5,0.106741573033708,0.174157303370787,13.0,6.0,19.0,14.0,6.875
22100605,2022-01-09,KINGS at TRAIL BLAZERS,55537.0,643.0,61.0,99.0,191.0,0.376963,0.410405,0.0,0,0.141361256544503,0.136125654450262,5.0,0.0,5.0,15.0,4.05
22100606,2022-01-09,GRIZZLIES at LAKERS,1607527.0,13174.0,3480.0,100.5,246.0,0.304878,0.344262,0.0,2,0.150406504065041,0.142276422764228,8.0,4.0,12.0,8.0,5.1
22100607,2022-01-10,BUCKS at HORNETS,662883.0,6346.0,680.0,101.0,202.0,0.386139,0.483333,0.0,3,0.128712871287129,0.118811881188119,6.0,2.0,8.0,4.0,3.7250000000000000
22100608,2022-01-10,JAZZ at PISTONS,207915.0,2194.0,337.0,101.0,242.0,0.371901,0.391061,1.0,1,0.115702479338843,0.0702479338842975,14.0,4.0,18.0,10.0,3.6
22100610,2022-01-10,SPURS at KNICKS,137604.0,1583.0,229.0,96.0,207.0,0.304348,0.344633,0.0,1,0.135265700483092,0.0628019323671498,10.0,0.0,10.0,15.0,5.6
22100711,2022-01-10,76ERS at ROCKETS,182148.0,1617.0,258.0,101.0,202.0,0.341584,0.450292,1.0,1,0.163366336633663,0.118811881188119,9.0,2.0,11.0,20.0,5.300000000000000
22100609,2022-01-10,PACERS at CELTICS,282770.0,2547.0,278.0,97.36,199.0,0.286432,0.357143,1.0,1,0.190954773869347,0.14572864321608,9.0,4.0,13.0,3.0,4.45
22100611,2022-01-10,CAVALIERS at KINGS,208279.0,1991.0,248.0,96.0,217.0,0.331797,0.359551,1.0,2,0.133640552995392,0.0737327188940092,,,,1.0,4.4
22100486,2022-01-10,NETS at TRAIL BLAZERS,840046.0,7299.0,945.0,98.5,222.0,0.364865,0.39548,0.0,1,0.13963963963964,0.148648648648649,7.0,4.0,11.0,6.0,4.625
22100612,2022-01-11,THUNDER at WIZARDS,143970.0,1685.0,150.0,99.0,240.0,0.275,0.389189,0.0,0,0.125,0.0458333333333333,8.0,6.0,14.0,4.0,3.875
22100613,2022-01-11,SUNS at RAPTORS,283131.0,2338.0,430.0,91.5,194.0,0.293814,0.423313,1.0,3,0.170103092783505,0.11340206185567,5.0,1.0,6.0,4.0,4.55
22100415,2022-01-11,PISTONS at BULLS,423016.0,4289.0,522.0,102.5,220.0,0.327273,0.381215,0.0,2,0.163636363636364,0.195454545454545,5.0,1.0,6.0,46.0,4.625
22100614,2022-01-11,WARRIORS at GRIZZLIES,2073718.0,20292.0,2977.0,105.0,224.0,0.361607,0.384615,1.0,3,0.174107142857143,0.174107142857143,12.0,3.0,15.0,8.0,6.300000000000000
22100615,2022-01-11,TIMBERWOLVES at PELICANS,110748.0,1492.0,262.0,101.0,253.0,0.403162,0.444444,0.0,1,0.201581027667984,0.142292490118577,10.0,0.0,10.0,3.0,3.275
22100616,2022-01-11,NUGGETS at CLIPPERS,334101.0,3109.0,436.0,94.0,172.0,0.244186,0.408537,1.0,1,0.151162790697674,,11.0,1.0,12.0,2.0,4.800000000000000
22100620,2022-01-12,MAGIC at WIZARDS,69352.0,749.0,100.0,94.0,218.0,0.288991,0.364641,0.0,0,0.13302752293578,0.055045871559633,9.0,1.0,10.0,6.0,3.9
22100618,2022-01-12,CELTICS at PACERS,167721.0,1540.0,215.0,91.0,219.0,0.342466,0.45122,1.0,1,0.155251141552511,,8.0,2.0,10.0,19.0,4.45
22100619,2022-01-12,HORNETS at 76ERS,471722.0,4274.0,355.0,96.5,207.0,0.318841,0.395062,0.0,2,0.120772946859903,0.188405797101449,9.0,3.0,12.0,11.0,4.125
22100621,2022-01-12,HEAT at HAWKS,289714.0,2679.0,424.0,100.5,206.0,0.42233,0.523256,0.0,1,0.140776699029126,0.145631067961165,5.0,0.0,5.0,24.0,4.700000000000000
22100622,2022-01-12,MAVERICKS at KNICKS,247459.0,2445.0,355.0,93.5,193.0,0.310881,0.380952,1.0,1,0.129533678756477,0.0880829015544041,14.0,0.0,14.0,23.0,6.25
22100623,2022-01-12,ROCKETS at SPURS,133445.0,1396.0,139.0,105.0,252.0,0.392857,0.453039,0.0,1,0.170634920634921,,7.0,6.0,13.0,4.0,4.7
22100624,2022-01-12,CAVALIERS at JAZZ,271572.0,2266.0,321.0,94.0,202.0,0.40099,0.463855,0.0,3,0.103960396039604,0.0841584158415842,8.0,5.0,13.0,20.0,4.05
22100626,2022-01-12,LAKERS at KINGS,1183237.0,9105.0,2813.0,100.0,241.0,0.3361,0.411765,0.0,1,0.132780082987552,0.157676348547718,10.0,2.0,12.0,9.0,5.725
22100625,2022-01-12,NETS at BULLS,1921861.0,17169.0,1956.0,102.0,250.0,0.336,0.369048,0.0,4,0.192,0.112,10.0,0.0,10.0,26.0,5.700000000000000
22100627,2022-01-13,WARRIORS at BUCKS,1920947.0,16555.0,2978.0,106.5,217.0,0.470046,0.491713,0.0,4,0.133640552995392,0.105990783410138,11.0,11.0,22.0,19.0,6.75
22100629,2022-01-13,CLIPPERS at PELICANS,102063.0,905.0,128.0,98.0,202.0,0.356436,0.410112,0.0,0,0.148514851485149,0.128712871287129,7.0,0.0,7.0,24.0,4.35
22100628,2022-01-13,TIMBERWOLVES at GRIZZLIES,452013.0,4155.0,400.0,103.5,224.0,0.308036,0.425532,0.0,2,0.15625,0.133928571428571,16.0,1.0,17.0,8.0,3.225
22100630,2022-01-13,THUNDER at NETS,530216.0,4140.0,646.0,96.5,239.0,0.338912,0.407407,1.0,1,0.150627615062762,0.121338912133891,9.0,0.0,9.0,21.0,4.55
22100631,2022-01-13,TRAIL BLAZERS at NUGGETS,138479.0,1222.0,115.0,101.0,248.0,0.41129,0.485207,0.0,1,0.129032258064516,0.125,15.0,4.0,19.0,32.0,3.925
22100635,2022-01-14,CELTICS at 76ERS,220731.0,2029.0,302.0,98.0,210.0,0.357143,0.441718,1.0,2,0.166666666666667,0.161904761904762,6.0,0.0,6.0,12.0,5.2
22100634,2022-01-14,SUNS at PACERS,227410.0,1955.0,188.0,98.0,206.0,0.349515,0.403409,1.0,2,0.16504854368932,0.0970873786407767,5.0,1.0,6.0,18.0,4.0
22100632,2022-01-14,MAGIC at HORNETS,210048.0,2088.0,299.0,107.0,225.0,0.36,0.472826,0.0,1,0.124444444444444,0.146666666666667,15.0,1.0,16.0,7.0,3.45
22100633,2022-01-14,RAPTORS at PISTONS,79430.0,987.0,369.0,89.0,190.0,0.3,0.386905,0.0,1,0.205263157894737,0.068421052631579,8.0,5.0,13.0,16.0,3.975
22100637,2022-01-14,WARRIORS at BULLS,1634082.0,16442.0,1934.0,95.5,234.0,0.371795,0.441989,0.0,4,0.106837606837607,0.123931623931624,,,,42.0,7.6
22100636,2022-01-14,HAWKS at HEAT,377310.0,3853.0,402.0,95.0,242.0,0.371901,0.435897,0.0,1,0.223140495867769,,6.0,2.0,8.0,6.0,4.700000000000000
22100638,2022-01-14,CAVALIERS at SPURS,140545.0,1590.0,274.0,100.5,223.0,0.309417,0.28877,0.0,3,0.10762331838565,0.112107623318386,12.0,1.0,13.0,5.0,4.025
22100639,2022-01-14,MAVERICKS at GRIZZLIES,745796.0,6244.0,1321.0,99.0,197.0,0.228426,0.35,0.0,2,0.101522842639594,0.17258883248731,18.0,1.0,19.0,27.0,4.1
22100640,2022-01-14,ROCKETS at KINGS,95413.0,991.0,100.0,107.5,240.0,0.325,0.406091,0.0,0,0.125,0.175,8.0,2.0,10.0,12.0,5.075
22100641,2022-01-15,RAPTORS at BUCKS,376697.0,4100.0,1132.0,95.0,199.0,0.361809,0.440476,0.0,3,0.21608040201005,0.0603015075376884,5.0,3.0,8.0,7.0,4.3
22100642,2022-01-15,TRAIL BLAZERS at WIZARDS,81943.0,1046.0,140.0,104.5,225.0,0.333333,0.434286,0.0,0,0.195555555555556,0.04,8.0,4.0,12.0,5.0,3.95
22100643,2022-01-15,KNICKS at HAWKS,215082.0,2268.0,439.0,92.5,225.0,0.386667,0.460123,1.0,1,0.142222222222222,0.0755555555555556,14.0,0.0,14.0,9.0,5.9
22100644,2022-01-15,PELICANS at NETS,423937.0,3640.0,348.0,97.0,225.0,0.28,0.339181,0.0,2,0.142222222222222,0.155555555555556,10.0,1.0,11.0,15.0,4.450000000000000
22100646,2022-01-15,CAVALIERS at THUNDER,130476.0,1610.0,293.0,96.0,209.0,0.272727,0.364706,1.0,2,0.181818181818182,,13.0,2.0,15.0,5.0,3.925
22100645,2022-01-15,76ERS at HEAT,392664.0,3217.0,502.0,94.5,207.0,0.318841,0.406061,0.0,1,0.188405797101449,0.115942028985507,8.0,1.0,9.0,11.0,5.0
22100648,2022-01-15,CLIPPERS at SPURS,75371.0,919.0,84.0,95.5,195.0,0.353846,0.409836,1.0,1,0.143589743589744,,2.0,2.0,4.0,7.0,4.550000000000000
22100647,2022-01-15,BULLS at CELTICS,437910.0,3970.0,448.0,91.0,226.0,0.278761,0.310734,1.0,2,0.128318584070796,,9.0,5.0,14.0,2.0,5.65
22100649,2022-01-15,LAKERS at NUGGETS,1382936.0,9985.0,3259.0,95.5,229.0,0.432314,0.404624,0.0,2,0.131004366812227,0.139737991266376,12.0,3.0,15.0,37.0,5.6
22100650,2022-01-15,MAGIC at MAVERICKS,138375.0,1500.0,160.0,94.0,200.0,0.285,0.387097,1.0,1,0.215,0.085,6.0,0.0,6.0,16.0,4.275
22100617,2022-01-16,SUNS at PISTONS,244381.0,2101.0,234.0,100.5,243.0,0.246914,0.307692,0.0,2,0.185185185185185,0.065843621399177,10.0,2.0,12.0,27.0,4.025
22100651,2022-01-16,ROCKETS at KINGS,164376.0,1553.0,130.0,104.5,230.0,0.365217,0.467066,0.0,0,0.165217391304348,,11.0,3.0,14.0,6.0,5.075
22100653,2022-01-16,JAZZ at NUGGETS,357734.0,2852.0,339.0,98.5,227.0,0.343612,0.458101,0.0,3,0.127753303964758,0.127753303964758,8.0,4.0,12.0,23.0,3.975
22100652,2022-01-16,WARRIORS at TIMBERWOLVES,1051549.0,8143.0,1197.0,103.5,218.0,0.399083,0.491329,0.0,2,0.160550458715596,,8.0,1.0,9.0,20.0,6.325
22100654,2022-01-17,PELICANS at CELTICS,136198.0,1493.0,131.0,97.5,196.0,0.290816,0.371257,0.0,1,0.147959183673469,,,,,12.0,4.4
22100655,2022-01-17,HORNETS at KNICKS,198635.0,2011.0,319.0,88.5,184.0,0.423913,0.439759,0.0,0,0.119565217391304,0.0706521739130435,8.0,0.0,8.0,10.0,5.425
22100656,2022-01-17,76ERS at WIZARDS,168561.0,1628.0,270.0,99.5,215.0,0.223256,0.323699,0.0,1,0.209302325581395,0.0465116279069767,,,,19.0,4.575
22100657,2022-01-17,NETS at CAVALIERS,1089855.0,9311.0,1015.0,97.5,221.0,0.312217,0.378049,1.0,3,0.144796380090498,0.108597285067873,11.0,4.0,15.0,7.0,4.975
22100659,2022-01-17,PACERS at CLIPPERS,106781.0,1156.0,130.0,102.5,272.0,0.341912,0.385475,0.0,0,0.1875,0.110294117647059,12.0,0.0,12.0,6.0,4.4
22100660,2022-01-17,BUCKS at HAWKS,421846.0,3956.0,382.0,102.5,235.0,0.395745,0.425287,1.0,3,0.212765957446809,0.0723404255319149,2.0,0.0,2.0,7.0,4.200000000000000
22100661,2022-01-17,TRAIL BLAZERS at MAGIC,56248.0,654.0,50.0,102.0,186.0,0.241935,0.366667,0.0,0,0.155913978494624,0.123655913978495,3.0,0.0,3.0,10.0,3.6000000000000000
22100662,2022-01-17,RAPTORS at HEAT,318534.0,3202.0,594.0,92.0,203.0,0.325123,0.346821,0.0,1,0.152709359605911,,10.0,2.0,12.0,5.0,4.8
22100663,2022-01-17,THUNDER at MAVERICKS,178063.0,1740.0,197.0,100.0,206.0,0.334951,0.421053,0.0,1,0.199029126213592,0.121359223300971,8.0,1.0,9.0,2.0,4.25
22100665,2022-01-17,JAZZ at LAKERS,2260879.0,22542.0,1935.0,96.0,196.0,0.352041,0.491124,1.0,3,0.178571428571429,0.137755102040816,5.0,1.0,6.0,6.0,5.375
22100666,2022-01-18,TIMBERWOLVES at KNICKS,321406.0,3203.0,384.0,99.5,222.0,0.337838,0.490683,0.0,1,0.238738738738739,0.0855855855855856,6.0,2.0,8.0,2.0,5.375
22100667,2022-01-18,PISTONS at WARRIORS,1560178.0,15823.0,849.0,98.0,188.0,0.367021,0.452381,0.0,2,0.196808510638298,0.117021276595745,4.0,4.0,8.0,16.0,6.425000000000000
22100668,2022-01-19,MAGIC at 76ERS,129430.0,1602.0,288.0,97.5,233.0,0.360515,0.364162,1.0,1,0.150214592274678,0.0901287553648069,9.0,4.0,13.0,13.0,4.225
22100669,2022-01-19,NETS at WIZARDS,822697.0,7039.0,835.0,97.5,237.0,0.227848,0.308571,1.0,1,0.181434599156118,0.0168776371308017,7.0,1.0,8.0,1.0,4.925
22100672,2022-01-19,TRAIL BLAZERS at HEAT,239087.0,2419.0,350.0,95.0,196.0,0.397959,0.503106,1.0,0,0.153061224489796,0.0969387755102041,5.0,5.0,10.0,12.0,4.375
22100671,2022-01-19,HORNETS at CELTICS,262711.0,2859.0,324.0,98.0,213.0,0.422535,0.482955,0.0,2,0.0985915492957746,0.0657276995305164,7.0,2.0,9.0,9.0,4.425
22100670,2022-01-19,TIMBERWOLVES at HAWKS,152956.0,1545.0,236.0,101.0,256.0,0.375,0.459016,0.0,2,0.1953125,0.1171875,18.0,3.0,21.0,12.0,3.775
22100673,2022-01-19,CAVALIERS at BULLS,340874.0,3605.0,340.0,95.0,221.0,0.257919,0.300613,0.0,3,0.126696832579186,0.104072398190045,10.0,0.0,10.0,13.0,5.075000000000000
22100674,2022-01-19,GRIZZLIES at BUCKS,938833.0,7165.0,709.0,108.0,240.0,0.275,0.37931,1.0,3,0.158333333333333,0.15,,,,12.0,3.65
22100676,2022-01-19,THUNDER at SPURS,52626.0,682.0,70.0,101.0,214.0,0.32243,0.365979,1.0,1,0.0981308411214953,0.135514018691589,10.0,2.0,12.0,22.0,3.6
22100675,2022-01-19,RAPTORS at MAVERICKS,182909.0,1943.0,403.0,94.0,200.0,0.255,0.389222,0.0,2,0.195,0.08,10.0,0.0,10.0,4.0,4.75
22100677,2022-01-19,ROCKETS at JAZZ,175160.0,1680.0,176.0,95.0,227.0,0.422907,0.448649,0.0,1,0.127753303964758,,9.0,8.0,17.0,5.0,4.725
22100679,2022-01-19,PISTONS at KINGS,70987.0,1103.0,227.0,98.0,264.0,0.306818,0.36,1.0,0,0.215909090909091,,9.0,0.0,9.0,2.0,3.95
22100678,2022-01-19,CLIPPERS at NUGGETS,254030.0,2756.0,570.0,94.19,258.0,0.325581,0.394872,0.0,1,0.116279069767442,0.135658914728682,,,,2.0,4.800000000000000
22100680,2022-01-19,PACERS at LAKERS,1331907.0,9865.0,3135.0,93.5,215.0,0.306977,0.355556,0.0,1,0.116279069767442,0.111627906976744,11.0,0.0,11.0,7.0,5.2
22100681,2022-01-20,PELICANS at KNICKS,164797.0,1537.0,273.0,94.0,193.0,0.310881,0.431373,0.0,0,0.202072538860104,,12.0,1.0,13.0,11.0,5.4
22100682,2022-01-20,SUNS at MAVERICKS,669488.0,5755.0,759.0,99.5,210.0,0.271429,0.426901,1.0,3,0.185714285714286,0.123809523809524,,,,8.0,4.8
22100683,2022-01-20,PACERS at WARRIORS,1215431.0,10227.0,1836.0,100.08,238.0,0.302521,0.407407,1.0,2,0.201680672268908,0.092436974789916,15.0,8.0,23.0,4.0,6.4
22100684,2022-01-21,THUNDER at HORNETS,186573.0,1923.0,190.0,102.5,219.0,0.39726,0.472081,1.0,1,0.118721461187215,0.26027397260274,10.0,2.0,12.0,23.0,3.425
22100686,2022-01-21,CLIPPERS at 76ERS,200765.0,2169.0,472.0,93.0,203.0,0.310345,0.337079,0.0,1,0.12807881773399,0.0788177339901478,8.0,0.0,8.0,1.0,5.15
22100685,2022-01-21,LAKERS at MAGIC,1673331.0,14870.0,1518.0,105.0,221.0,0.325792,0.421687,1.0,1,0.18552036199095,0.135746606334842,8.0,2.0,10.0,11.0,5.275
22100687,2022-01-21,HEAT at HAWKS,270345.0,2373.0,313.0,92.5,218.0,0.399083,0.477124,0.0,1,0.142201834862385,0.0596330275229358,12.0,3.0,15.0,2.0,4.700000000000000
22100688,2022-01-21,TRAIL BLAZERS at CELTICS,132479.0,1189.0,206.0,94.5,214.0,0.378505,0.443038,1.0,1,0.191588785046729,0.116822429906542,4.0,1.0,5.0,4.0,4.575
22100689,2022-01-21,RAPTORS at WIZARDS,142313.0,1518.0,205.0,93.5,214.0,0.308411,0.36,0.0,1,0.102803738317757,0.0560747663551402,6.0,6.0,12.0,4.0,4.375
22100690,2022-01-21,BULLS at BUCKS,661979.0,5177.0,682.0,95.5,184.0,0.211957,0.398844,0.0,3,0.222826086956522,0.0597826086956522,4.0,4.0,8.0,4.0,4.950000000000000
22100691,2022-01-21,NETS at SPURS,622590.0,5666.0,504.0,96.0,219.0,0.232877,0.276923,1.0,2,0.146118721461187,0.123287671232877,5.0,1.0,6.0,15.0,4.65
22100693,2022-01-21,PISTONS at JAZZ,148106.0,1305.0,120.0,96.0,212.0,0.325472,0.379518,0.0,1,0.193396226415094,0.0943396226415094,7.0,1.0,8.0,10.0,3.6
22100692,2022-01-21,GRIZZLIES at NUGGETS,418271.0,3651.0,379.0,103.0,240.0,0.3,0.32948,1.0,2,0.183333333333333,0.129166666666667,6.0,3.0,9.0,4.0,3.7
22100694,2022-01-21,ROCKETS at WARRIORS,1471526.0,18810.0,1668.0,97.0,208.0,0.288462,0.382353,0.0,2,0.163461538461538,,13.0,6.0,19.0,2.0,7.550000000000000
22100696,2022-01-22,KINGS at BUCKS,245984.0,2267.0,319.0,102.0,260.0,0.415385,0.420213,0.0,1,0.123076923076923,0.1,9.0,10.0,19.0,6.0,4.275
22100695,2022-01-22,THUNDER at CAVALIERS,183451.0,1877.0,220.0,95.0,181.0,0.298343,0.42236,0.0,2,0.149171270718232,0.12707182320442,7.0,5.0,12.0,7.0,3.925
22100697,2022-01-22,PACERS at SUNS,358885.0,2613.0,408.0,97.0,216.0,0.236111,0.3,0.0,2,0.143518518518519,0.12037037037037,8.0,0.0,8.0,10.0,4.0
22100698,2022-01-23,CLIPPERS at KNICKS,196608.0,2013.0,173.0,95.5,212.0,0.424528,0.452941,0.0,0,0.169811320754717,0.10377358490566,7.0,1.0,8.0,8.0,6.45
22100699,2022-01-23,CELTICS at WIZARDS,225989.0,2279.0,146.0,97.0,203.0,0.399015,0.398907,1.0,1,0.147783251231527,0.0689655172413793,6.0,4.0,10.0,29.0,4.875
22100702,2022-01-23,TRAIL BLAZERS at RAPTORS,83836.0,901.0,247.0,100.0,219.0,0.493151,0.469945,0.0,1,0.0684931506849315,0.0958904109589041,10.0,5.0,15.0,9.0,4.075
22100701,2022-01-23,BULLS at MAGIC,146509.0,1471.0,404.0,100.5,209.0,0.244019,0.301282,0.0,1,0.200956937799043,,14.0,4.0,18.0,19.0,4.675
22100700,2022-01-23,LAKERS at HEAT,1591053.0,12652.0,2208.0,98.5,220.0,0.354545,0.45625,0.0,1,0.190909090909091,0.122727272727273,8.0,1.0,9.0,6.0,6.05
22100704,2022-01-23,76ERS at SPURS,111847.0,1110.0,187.0,96.0,224.0,0.227679,0.254144,0.0,2,0.15625,0.129464285714286,7.0,0.0,7.0,6.0,4.300000000000000
22100703,2022-01-23,HAWKS at HORNETS,296273.0,2673.0,393.0,100.5,204.0,0.279412,0.428571,0.0,2,0.181372549019608,0.147058823529412,17.0,4.0,21.0,22.0,3.825
22100705,2022-01-23,GRIZZLIES at MAVERICKS,588999.0,4920.0,711.0,96.5,195.0,0.2,0.312139,0.0,2,0.184615384615385,0.143589743589744,9.0,3.0,12.0,13.0,4.1
22100706,2022-01-23,NETS at TIMBERWOLVES,655981.0,5153.0,824.0,102.0,261.0,0.333333,0.374332,1.0,2,0.153256704980843,0.103448275862069,9.0,0.0,9.0,11.0,4.425
22100707,2022-01-23,PISTONS at NUGGETS,110644.0,1127.0,166.0,96.5,228.0,0.302632,0.4,1.0,1,0.144736842105263,0.0921052631578947,3.0,0.0,3.0,6.0,3.825
22100708,2022-01-23,JAZZ at WARRIORS,1554683.0,14365.0,1302.0,85.5,186.0,0.387097,0.469512,0.0,3,0.150537634408602,0.0537634408602151,4.0,5.0,9.0,2.0,6.575
22100709,2022-01-24,KNICKS at CAVALIERS,368645.0,3440.0,451.0,95.0,188.0,0.398936,0.448485,0.0,1,0.122340425531915,0.180851063829787,5.0,3.0,8.0,2.0,5.925
22100730,2022-01-24,BULLS at THUNDER,418171.0,4287.0,355.0,102.5,221.0,0.420814,0.464088,0.0,1,0.144796380090498,0.117647058823529,5.0,8.0,13.0,1.0,4.65
22100712,2022-01-24,PACERS at PELICANS,76432.0,770.0,73.0,101.5,230.0,0.326087,0.434286,0.0,0,0.204347826086957,0.1,9.0,4.0,13.0,4.0,3.3500000000000000
22100713,2022-01-24,JAZZ at SUNS,712356.0,5367.0,542.0,98.0,224.0,0.361607,0.372222,0.0,2,0.102678571428571,0.0803571428571429,3.0,7.0,10.0,6.0,4.175
22100715,2022-01-25,HORNETS at RAPTORS,190513.0,2031.0,276.0,99.5,238.0,0.327731,0.396341,0.0,1,0.19327731092437,0.134453781512605,12.0,2.0,14.0,12.0,3.925
22100717,2022-01-25,KINGS at CELTICS,203329.0,1995.0,276.0,96.5,203.0,0.384236,0.393939,1.0,1,0.083743842364532,0.12807881773399,5.0,2.0,7.0,53.0,4.975
22100716,2022-01-25,CLIPPERS at WIZARDS,373309.0,4824.0,891.0,106.5,231.0,0.25974,0.321839,0.0,0,0.255411255411255,,13.0,3.0,16.0,1.0,4.825
22100719,2022-01-25,SPURS at ROCKETS,95456.0,1024.0,157.0,104.5,238.0,0.264706,0.336735,1.0,1,0.0966386554621849,0.142857142857143,21.0,3.0,24.0,30.0,4.7
22100720,2022-01-25,MAVERICKS at WARRIORS,1870196.0,19211.0,1385.0,99.0,222.0,0.364865,0.453552,0.0,3,0.148648648648649,0.130630630630631,9.0,3.0,12.0,38.0,7.2
22100721,2022-01-25,TIMBERWOLVES at TRAIL BLAZERS,153956.0,1771.0,263.0,101.5,216.0,0.416667,0.477273,1.0,1,0.185185185185185,0.185185185185185,4.0,8.0,12.0,2.0,3.45
22100722,2022-01-26,BUCKS at CAVALIERS,704183.0,6422.0,881.0,95.5,214.0,0.392523,0.443114,0.0,4,0.14018691588785,0.0841121495327103,11.0,6.0,17.0,16.0,4.225
22100724,2022-01-26,CLIPPERS at MAGIC,86219.0,998.0,121.0,100.0,213.0,0.338028,0.387879,0.0,0,0.192488262910798,0.107981220657277,,,,9.0,4.475
22100723,2022-01-26,HORNETS at PACERS,289843.0,3061.0,369.0,107.0,284.0,0.359155,0.427027,1.0,1,0.190140845070423,0.158450704225352,12.0,4.0,16.0,32.0,3.375
22100725,2022-01-26,KINGS at HAWKS,96113.0,1043.0,128.0,100.0,225.0,0.32,0.415301,0.0,1,0.12,0.111111111111111,11.0,3.0,14.0,17.0,4.375
22100727,2022-01-26,KNICKS at HEAT,306524.0,3014.0,374.0,94.0,206.0,0.451456,0.515924,0.0,0,0.150485436893204,0.087378640776699,11.0,3.0,14.0,14.0,6.3
22100453,2022-01-26,NUGGETS at NETS,333969.0,2414.0,307.0,101.0,242.0,0.334711,0.367232,0.0,1,0.185950413223141,0.0909090909090909,11.0,0.0,11.0,6.0,4.9
22100472,2022-01-26,RAPTORS at BULLS,304953.0,3071.0,433.0,93.0,216.0,0.263889,0.349693,0.0,2,0.134259259259259,0.0972222222222222,,,,6.0,5.15
22100728,2022-01-26,GRIZZLIES at SPURS,237873.0,2174.0,195.0,100.0,228.0,0.210526,0.326087,0.0,2,0.149122807017544,0.0964912280701754,,,,8.0,3.45
22100731,2022-01-26,SUNS at JAZZ,631440.0,4925.0,630.0,93.0,202.0,0.282178,0.298137,0.0,2,0.173267326732673,0.123762376237624,9.0,2.0,11.0,8.0,4.175
22100733,2022-01-27,LAKERS at 76ERS,1376277.0,10670.0,1978.0,99.0,192.0,0.296875,0.376471,0.0,1,0.0989583333333333,0.135416666666667,12.0,2.0,14.0,18.0,5.95
22100734,2022-01-27,TIMBERWOLVES at WARRIORS,1536192.0,17376.0,1545.0,103.5,239.0,0.389121,0.451977,0.0,3,0.150627615062762,0.0836820083682008,,,,9.0,6.325
22100736,2022-01-28,PISTONS at MAGIC,42938.0,547.0,76.0,101.0,222.0,0.297297,0.317647,0.0,0,0.243243243243243,0.0900900900900901,9.0,4.0,13.0,16.0,3.5
22100737,2022-01-28,CELTICS at HAWKS,251292.0,2224.0,296.0,98.0,200.0,0.285,0.382857,0.0,2,0.195,0.075,5.0,1.0,6.0,16.0,4.9
22100740,2022-01-28,JAZZ at GRIZZLIES,467557.0,3637.0,303.0,100.0,228.0,0.342105,0.413174,0.0,1,0.157894736842105,0.206140350877193,,,,10.0,3.475
22100729,2022-01-28,NUGGETS at PELICANS,60865.0,687.0,75.0,103.0,221.0,0.230769,0.389535,0.0,1,0.235294117647059,0.0950226244343891,9.0,1.0,10.0,11.0,3.75
22100739,2022-01-28,TRAIL BLAZERS at ROCKETS,67056.0,735.0,67.0,102.0,235.0,0.344681,0.5,0.0,0,0.170212765957447,0.0978723404255319,13.0,1.0,14.0,15.0,4.675
22100738,2022-01-28,CLIPPERS at HEAT,284963.0,2614.0,354.0,103.0,235.0,0.306383,0.389831,1.0,0,0.208510638297872,0.0978723404255319,6.0,1.0,7.0,7.0,5.25
22100741,2022-01-28,PACERS at THUNDER,52657.0,624.0,50.0,97.81,223.0,0.363229,0.431579,0.0,0,0.125560538116592,,10.0,6.0,16.0,3.0,3.45
22100742,2022-01-28,BULLS at SPURS,236289.0,2324.0,246.0,100.5,253.0,0.284585,0.36612,1.0,3,0.146245059288538,0.122529644268775,5.0,3.0,8.0,9.0,4.75
22100743,2022-01-28,TIMBERWOLVES at SUNS,268373.0,2551.0,522.0,101.0,258.0,0.395349,0.448276,0.0,3,0.193798449612403,0.143410852713178,5.0,4.0,9.0,10.0,3.925
22100744,2022-01-28,KNICKS at BUCKS,274008.0,2502.0,229.0,101.0,231.0,0.363636,0.479769,0.0,2,0.186147186147186,0.125541125541126,9.0,4.0,13.0,15.0,5.8
22100745,2022-01-29,CELTICS at PELICANS,136949.0,1415.0,120.0,96.5,204.0,0.323529,0.447853,0.0,1,0.117647058823529,0.122549019607843,9.0,1.0,10.0,10.0,4.4
22100746,2022-01-29,PACERS at MAVERICKS,180347.0,1550.0,238.0,98.5,237.0,0.316456,0.358289,0.0,1,0.126582278481013,0.113924050632911,11.0,1.0,12.0,27.0,4.2
22100747,2022-01-29,KINGS at 76ERS,136491.0,1597.0,338.0,94.5,204.0,0.352941,0.427632,0.0,1,0.176470588235294,0.147058823529412,5.0,3.0,8.0,2.0,4.675000000000000
22100749,2022-01-29,WIZARDS at GRIZZLIES,413646.0,3530.0,369.0,93.0,210.0,0.328571,0.326087,0.0,1,0.119047619047619,0.128571428571429,10.0,1.0,11.0,20.0,3.725
22100750,2022-01-29,NETS at WARRIORS,2396442.0,25188.0,2793.0,98.0,216.0,0.347222,0.372449,1.0,2,0.152777777777778,0.0740740740740741,8.0,2.0,10.0,4.0,7.5
22100748,2022-01-29,RAPTORS at HEAT,447256.0,5360.0,1061.0,89.9,244.0,0.393443,0.437788,1.0,1,0.114754098360656,0.155737704918033,9.0,6.0,15.0,4.0,4.8
22100751,2022-01-30,LAKERS at HAWKS,1736964.0,13729.0,1771.0,102.5,250.0,0.3,0.385965,0.0,1,0.132,0.124,17.0,1.0,18.0,8.0,5.65
22100752,2022-01-30,CLIPPERS at HORNETS,336021.0,3059.0,373.0,106.0,205.0,0.278049,0.340659,1.0,1,0.165853658536585,,11.0,0.0,11.0,25.0,4.375
22100753,2022-01-30,TRAIL BLAZERS at BULLS,312310.0,3169.0,243.0,97.0,246.0,0.378049,0.410405,0.0,2,0.117886178861789,0.040650406504065,10.0,1.0,11.0,14.0,4.725
22100754,2022-01-30,CAVALIERS at PISTONS,157911.0,1741.0,450.0,93.0,220.0,0.313636,0.346821,0.0,2,0.168181818181818,,6.0,4.0,10.0,10.0,3.9
22100755,2022-01-30,MAVERICKS at MAGIC,124541.0,1253.0,239.0,97.5,218.0,0.37156,0.436364,1.0,1,0.123853211009174,0.110091743119266,13.0,1.0,14.0,2.0,4.275
22100756,2022-01-30,NUGGETS at BUCKS,457289.0,3798.0,534.0,97.0,236.0,0.419492,0.439759,0.0,3,0.0974576271186441,0.0847457627118644,6.0,2.0,8.0,36.0,4.15
22100758,2022-01-30,SPURS at SUNS,288173.0,2995.0,623.0,98.5,225.0,0.32,0.350254,0.0,2,0.0666666666666667,0.0711111111111111,5.0,4.0,9.0,5.0,4.15
22100757,2022-01-30,JAZZ at TIMBERWOLVES,286365.0,2344.0,181.0,101.5,232.0,0.362069,0.417647,1.0,1,0.129310344827586,0.103448275862069,12.0,0.0,12.0,20.0,3.5
22100760,2022-01-31,CLIPPERS at PACERS,125274.0,1059.0,97.0,100.0,238.0,0.365546,0.382199,1.0,0,0.0798319327731092,0.0672268907563025,7.0,1.0,8.0,6.0,4.4
22100759,2022-01-31,PELICANS at CAVALIERS,160128.0,1812.0,224.0,90.0,183.0,0.245902,0.360947,1.0,1,0.163934426229508,,10.0,0.0,10.0,3.0,3.8250000000000000
22100761,2022-01-31,GRIZZLIES at 76ERS,431406.0,4269.0,643.0,99.17,241.0,0.211618,0.30198,0.0,1,0.132780082987552,,4.0,1.0,5.0,3.0,4.050000000000000
22100767,2022-01-31,RAPTORS at HAWKS,191527.0,1931.0,436.0,98.0,206.0,0.436893,0.4,0.0,1,0.12621359223301,0.0825242718446602,,,,6.0,4.4
22100762,2022-01-31,HEAT at CELTICS,477706.0,3753.0,346.0,96.5,214.0,0.462617,0.502924,1.0,1,0.116822429906542,0.0700934579439252,10.0,2.0,12.0,30.0,5.3
22100763,2022-01-31,KINGS at KNICKS,114454.0,1187.0,141.0,100.0,212.0,0.339623,0.439759,1.0,0,0.160377358490566,,9.0,1.0,10.0,20.0,5.975
22100765,2022-01-31,TRAIL BLAZERS at THUNDER,64470.0,737.0,81.0,94.0,179.0,0.318436,0.473054,0.0,0,0.122905027932961,,5.0,10.0,15.0,17.0,3.575
22100764,2022-01-31,WARRIORS at ROCKETS,1906964.0,22218.0,1659.0,97.5,230.0,0.430435,0.506098,1.0,2,0.169565217391304,0.11304347826087,12.0,6.0,18.0,14.0,7.550000000000000
22100766,2022-02-01,PELICANS at PISTONS,64745.0,861.0,112.0,98.0,212.0,0.226415,0.346821,0.0,0,0.169811320754717,0.0330188679245283,6.0,2.0,8.0,10.0,3.375
22100768,2022-02-01,WIZARDS at BUCKS,259951.0,2460.0,166.0,93.5,210.0,0.342857,0.41954,1.0,2,0.104761904761905,0.0761904761904762,8.0,2.0,10.0,14.0,4.175
22100784,2022-02-01,HEAT at RAPTORS,361278.0,3359.0,682.0,94.0,216.0,0.277778,0.352201,0.0,1,0.194444444444444,0.0833333333333333,10.0,0.0,10.0,4.0,4.8
22100770,2022-02-01,NUGGETS at TIMBERWOLVES,177058.0,1761.0,249.0,101.5,245.0,0.404082,0.489011,0.0,2,0.179591836734694,0.0897959183673469,13.0,1.0,14.0,15.0,3.725
22100769,2022-02-01,MAGIC at BULLS,314366.0,3133.0,318.0,100.0,241.0,0.311203,0.377049,0.0,2,0.132780082987552,0.16597510373444,12.0,1.0,13.0,11.0,4.675
22100771,2022-02-01,WARRIORS at SPURS,1453455.0,18623.0,1850.0,100.5,244.0,0.442623,0.441341,0.0,1,0.122950819672131,,,,,4.0,6.550000000000000
22100772,2022-02-01,NETS at SUNS,855281.0,7582.0,1067.0,97.5,232.0,0.349138,0.452229,1.0,3,0.176724137931034,0.0387931034482759,7.0,1.0,8.0,10.0,5.1
22100774,2022-02-02,WIZARDS at 76ERS,198159.0,2052.0,263.0,90.5,209.0,0.287081,0.270718,0.0,1,0.119617224880383,0.0813397129186603,2.0,4.0,6.0,3.0,4.575
22100773,2022-02-02,MAGIC at PACERS,55420.0,694.0,80.0,107.5,237.0,0.316456,0.34715,1.0,0,0.168776371308017,0.122362869198312,8.0,2.0,10.0,1.0,3.4750000000000000
22100775,2022-02-02,HORNETS at CELTICS,511717.0,4435.0,330.0,101.0,220.0,0.354545,0.449704,1.0,2,0.163636363636364,0.154545454545455,10.0,2.0,12.0,6.0,4.425
22100776,2022-02-02,GRIZZLIES at KNICKS,385452.0,3326.0,336.0,103.0,228.0,0.368421,0.394737,0.0,1,0.157894736842105,0.149122807017544,20.0,0.0,20.0,12.0,5.35
22100777,2022-02-02,CAVALIERS at ROCKETS,245535.0,2356.0,446.0,97.0,219.0,0.287671,0.376543,1.0,1,0.17351598173516,,15.0,3.0,18.0,11.0,5.025
22100778,2022-02-02,THUNDER at MAVERICKS,154727.0,1596.0,314.0,91.47,234.0,0.397436,0.434783,0.0,1,0.123931623931624,0.0427350427350427,4.0,0.0,4.0,6.0,4.25
22100780,2022-02-02,NETS at KINGS,267667.0,2431.0,618.0,94.5,213.0,0.309859,0.378531,0.0,1,0.126760563380282,0.0751173708920188,9.0,0.0,9.0,11.0,5.025
22100779,2022-02-02,NUGGETS at JAZZ,185547.0,1465.0,132.0,92.0,212.0,0.254717,0.345455,0.0,0,0.122641509433962,0.080188679245283,10.0,1.0,11.0,4.0,3.975
22100781,2022-02-02,TRAIL BLAZERS at LAKERS,1576289.0,14923.0,1146.0,98.5,193.0,0.388601,0.409091,1.0,0,0.16580310880829,0.139896373056995,6.0,1.0,7.0,5.0,5.325
22100521,2022-02-03,HEAT at SPURS,198604.0,2161.0,173.0,97.0,207.0,0.289855,0.386503,0.0,0,0.207729468599034,,8.0,1.0,9.0,17.0,4.4
22100782,2022-02-03,TIMBERWOLVES at PISTONS,80091.0,840.0,169.0,104.5,245.0,0.367347,0.449438,1.0,1,0.191836734693878,0.110204081632653,8.0,1.0,9.0,11.0,3.35
22100783,2022-02-03,SUNS at HAWKS,669649.0,6379.0,703.0,102.5,239.0,0.364017,0.418605,0.0,3,0.125523012552301,,10.0,2.0,12.0,9.0,4.450000000000000
22100430,2022-02-03,BULLS at RAPTORS,300621.0,3057.0,527.0,98.72,247.0,0.315789,0.320197,0.0,3,0.157894736842105,,12.0,4.0,16.0,7.0,5.15
22100785,2022-02-03,KINGS at WARRIORS,1479406.0,16514.0,1044.0,97.5,240.0,0.3875,0.445122,0.0,2,0.129166666666667,0.1875,15.0,4.0,19.0,12.0,6.925000000000000
22100786,2022-02-03,LAKERS at CLIPPERS,1267042.0,10550.0,1907.0,95.0,221.0,0.325792,0.333333,1.0,0,0.104072398190045,,11.0,3.0,14.0,1.0,6.2
22100788,2022-02-04,CELTICS at PISTONS,172102.0,1622.0,148.0,96.5,195.0,0.292308,0.290323,0.0,1,0.174358974358974,0.0717948717948718,6.0,3.0,9.0,9.0,4.475
22100789,2022-02-04,BULLS at PACERS,318291.0,3052.0,430.0,99.0,237.0,0.227848,0.286486,0.0,1,0.113924050632911,0.0970464135021097,11.0,3.0,14.0,7.0,4.6
22100787,2022-02-04,CAVALIERS at HORNETS,353440.0,3619.0,685.0,95.0,203.0,0.413793,0.428571,0.0,2,0.133004926108374,,11.0,1.0,12.0,1.0,3.8500000000000000
22100790,2022-02-04,HAWKS at RAPTORS,235334.0,2375.0,609.0,98.0,239.0,0.32636,0.321839,0.0,2,0.146443514644351,0.125523012552301,8.0,3.0,11.0,11.0,4.4
22100792,2022-02-04,ROCKETS at SPURS,111151.0,1166.0,137.0,101.0,237.0,0.303797,0.354651,0.0,1,0.164556962025316,,11.0,4.0,15.0,25.0,4.7
22100793,2022-02-04,NETS at JAZZ,846978.0,5834.0,825.0,97.0,227.0,0.38326,0.391304,0.0,1,0.0881057268722467,,,,,23.0,4.675
22100794,2022-02-04,PELICANS at NUGGETS,96971.0,1007.0,213.0,94.5,218.0,0.37156,0.431373,0.0,1,0.169724770642202,0.0917431192660551,10.0,1.0,11.0,8.0,3.75
22100795,2022-02-04,THUNDER at TRAIL BLAZERS,74653.0,1060.0,86.0,98.0,189.0,0.333333,0.398936,0.0,0,0.116402116402116,0.0846560846560847,7.0,6.0,13.0,3.0,3.575
22100791,2022-02-04,76ERS at MAVERICKS,477932.0,4693.0,691.0,90.0,205.0,0.278049,0.393548,0.0,2,0.175609756097561,0.0487804878048781,9.0,0.0,9.0,9.0,4.95
22100796,2022-02-05,GRIZZLIES at MAGIC,358351.0,3540.0,291.0,103.0,250.0,0.36,0.446154,0.0,1,0.144,,9.0,1.0,10.0,20.0,3.375
22100797,2022-02-05,HEAT at HORNETS,605431.0,5154.0,478.0,100.0,190.0,0.331579,0.384181,0.0,1,0.142105263157895,0.168421052631579,8.0,0.0,8.0,18.0,4.225
22100798,2022-02-05,SUNS at WIZARDS,254464.0,2175.0,304.0,91.5,175.0,0.222857,0.298913,0.0,2,0.125714285714286,0.0914285714285714,8.0,1.0,9.0,15.0,4.425
22100799,2022-02-05,KNICKS at LAKERS,2104636.0,22149.0,2790.0,100.53,237.0,0.253165,0.36,0.0,1,0.181434599156118,0.177215189873418,11.0,4.0,15.0,7.0,7.25
22100801,2022-02-05,THUNDER at KINGS,67051.0,726.0,84.0,101.0,216.0,0.291667,0.364706,0.0,0,0.115740740740741,0.115740740740741,7.0,1.0,8.0,10.0,3.975
22100800,2022-02-05,BUCKS at TRAIL BLAZERS,244147.0,2505.0,199.0,101.0,245.0,0.453061,0.536723,0.0,2,0.114285714285714,0.146938775510204,8.0,2.0,10.0,29.0,3.875
22100804,2022-02-06,NETS at NUGGETS,868491.0,6159.0,916.0,99.5,228.0,0.342105,0.403315,0.0,1,0.140350877192982,0.12280701754386,,,,20.0,4.9
22100803,2022-02-06,PISTONS at TIMBERWOLVES,90446.0,999.0,120.0,97.5,223.0,0.390135,0.365591,1.0,1,0.134529147982063,0.139013452914798,9.0,0.0,9.0,13.0,3.35
22100802,2022-02-06,76ERS at BULLS,502292.0,4278.0,537.0,94.0,227.0,0.251101,0.30303,0.0,2,0.176211453744493,0.0837004405286344,6.0,2.0,8.0,11.0,5.35
22100806,2022-02-06,CELTICS at MAGIC,142326.0,1513.0,153.0,101.0,199.0,0.271357,0.4,0.0,1,0.165829145728643,0.125628140703518,12.0,3.0,15.0,33.0,4.525
22100807,2022-02-06,HAWKS at MAVERICKS,389909.0,3345.0,503.0,95.0,197.0,0.319797,0.333333,0.0,2,0.131979695431472,0.116751269035533,11.0,1.0,12.0,9.0,4.65
22100805,2022-02-06,PACERS at CAVALIERS,291098.0,3274.0,631.0,93.0,183.0,0.311475,0.377246,0.0,1,0.185792349726776,0.12568306010929,7.0,3.0,10.0,13.0,3.875
22100808,2022-02-06,PELICANS at ROCKETS,97788.0,1051.0,137.0,97.5,227.0,0.370044,0.459627,0.0,0,0.162995594713656,0.0837004405286344,17.0,1.0,18.0,13.0,4.5
22100809,2022-02-06,BUCKS at CLIPPERS,482284.0,4149.0,401.0,103.5,250.0,0.444,0.456522,0.0,2,0.148,0.14,6.0,3.0,9.0,24.0,4.75
22100810,2022-02-07,RAPTORS at HORNETS,382533.0,3555.0,736.0,101.0,217.0,0.331797,0.418994,0.0,2,0.152073732718894,0.161290322580645,14.0,2.0,16.0,15.0,3.925
22100811,2022-02-07,HEAT at WIZARDS,342189.0,3364.0,417.0,99.5,221.0,0.339367,0.403846,0.0,0,0.171945701357466,0.0995475113122172,12.0,8.0,20.0,21.0,4.675
22100813,2022-02-07,WARRIORS at THUNDER,1119061.0,12602.0,823.0,99.0,208.0,0.375,0.459302,0.0,2,0.125,0.0480769230769231,12.0,8.0,20.0,12.0,6.45
22100812,2022-02-07,SUNS at BULLS,1000997.0,7838.0,875.0,97.5,251.0,0.262948,0.322222,0.0,4,0.179282868525896,0.115537848605578,7.0,1.0,8.0,3.0,5.200000000000000
22100814,2022-02-07,KNICKS at JAZZ,272085.0,2310.0,242.0,99.0,217.0,0.276498,0.430851,1.0,1,0.216589861751152,0.0460829493087558,9.0,2.0,11.0,9.0,5.625
22100815,2022-02-08,SUNS at 76ERS,610068.0,5331.0,924.0,104.0,223.0,0.215247,0.315217,1.0,3,0.174887892376682,0.130044843049327,6.0,0.0,6.0,5.0,4.75
22100817,2022-02-08,CELTICS at NETS,421490.0,3467.0,634.0,98.0,217.0,0.331797,0.4,0.0,1,0.0783410138248848,0.101382488479263,10.0,0.0,10.0,35.0,5.55
22100816,2022-02-08,PACERS at HAWKS,130757.0,1260.0,106.0,99.5,245.0,0.330612,0.349727,0.0,1,0.163265306122449,0.0734693877551021,16.0,4.0,20.0,21.0,3.8500000000000000
22100818,2022-02-08,CLIPPERS at GRIZZLIES,352080.0,2732.0,279.0,104.0,244.0,0.245902,0.296875,0.0,1,0.155737704918033,0.122950819672131,15.0,1.0,16.0,26.0,4.300000000000000
22100819,2022-02-08,ROCKETS at PELICANS,83515.0,859.0,94.0,99.5,207.0,0.304348,0.445783,0.0,0,0.183574879227053,0.111111111111111,7.0,0.0,7.0,13.0,4.5
22100820,2022-02-08,PISTONS at MAVERICKS,149950.0,1462.0,170.0,95.5,202.0,0.341584,0.39759,0.0,1,0.163366336633663,0.108910891089109,4.0,2.0,6.0,30.0,4.225
22100821,2022-02-08,KNICKS at NUGGETS,117435.0,1158.0,134.0,98.5,247.0,0.376518,0.44086,0.0,1,0.137651821862348,0.117408906882591,14.0,1.0,15.0,17.0,5.85
22100823,2022-02-08,MAGIC at TRAIL BLAZERS,52381.0,623.0,103.0,98.5,208.0,0.432692,0.41989,0.0,0,0.125,0.149038461538462,11.0,4.0,15.0,18.0,3.6000000000000000
22100824,2022-02-08,TIMBERWOLVES at KINGS,89184.0,1000.0,181.0,107.0,248.0,0.375,0.368984,0.0,1,0.141129032258065,0.153225806451613,,,,20.0,3.85
22100824,2022-02-08,TIMBERWOLVES at KINGS,197617.0,2663.0,438.0,107.0,248.0,0.375,0.368984,1.0,1,0.141129032258065,0.153225806451613,,,,20.0,3.85
22100822,2022-02-08,BUCKS at LAKERS,1790398.0,14825.0,3676.0,101.5,247.0,0.303644,0.375691,0.0,3,0.121457489878543,0.097165991902834,,,,15.0,5.55
22100831,2022-02-10,GRIZZLIES at PISTONS,163247.0,1876.0,147.0,103.5,239.0,0.276151,0.349462,0.0,1,0.196652719665272,0.0920502092050209,13.0,1.0,14.0,25.0,3.325
22100833,2022-02-10,HEAT at PELICANS,261823.0,2899.0,290.0,94.5,209.0,0.301435,0.439759,0.0,0,0.181818181818182,0.076555023923445,9.0,0.0,9.0,15.0,4.200000000000000
22100832,2022-02-10,NETS at WIZARDS,538083.0,3867.0,493.0,95.0,225.0,0.28,0.35503,0.0,0,0.177777777777778,0.0177777777777778,5.0,6.0,11.0,1.0,4.925
22100834,2022-02-10,RAPTORS at ROCKETS,190545.0,2042.0,464.0,102.5,259.0,0.359073,0.430168,0.0,0,0.138996138996139,,16.0,1.0,17.0,19.0,5.1
22100835,2022-02-10,CLIPPERS at MAVERICKS,350702.0,3766.0,527.0,94.0,217.0,0.304147,0.389937,1.0,1,0.188940092165899,0.0691244239631337,2.0,3.0,5.0,7.0,5.2
22100837,2022-02-10,KNICKS at WARRIORS,965998.0,8568.0,1171.0,98.5,230.0,0.378261,0.447514,0.0,2,0.169565217391304,0.121739130434783,5.0,9.0,14.0,2.0,8.45
22100836,2022-02-10,BUCKS at SUNS,919238.0,8701.0,1432.0,99.5,238.0,0.239496,0.382022,0.0,4,0.15546218487395,,13.0,0.0,13.0,24.0,4.35
22100840,2022-02-11,THUNDER at 76ERS,279654.0,2817.0,288.0,98.5,187.0,0.208556,0.333333,0.0,1,0.171122994652406,0.18716577540107,12.0,2.0,14.0,13.0,4.2
22100838,2022-02-11,HORNETS at PISTONS,247791.0,2540.0,294.0,109.0,260.0,0.346154,0.386935,0.0,1,0.1,0.0884615384615385,19.0,0.0,19.0,,3.4000000000000000
22100839,2022-02-11,CAVALIERS at PACERS,340261.0,3614.0,554.0,99.0,233.0,0.347639,0.364706,0.0,1,0.15450643776824,0.141630901287554,11.0,2.0,13.0,7.0,3.875
22100841,2022-02-11,SPURS at HAWKS,143591.0,1506.0,216.0,106.5,257.0,0.373541,0.388601,0.0,2,0.120622568093385,0.1284046692607,,,,15.0,4.0
22100842,2022-02-11,NUGGETS at CELTICS,396747.0,3700.0,409.0,104.0,210.0,0.3,0.435484,0.0,2,0.166666666666667,,14.0,1.0,15.0,6.0,4.85
22100843,2022-02-11,TIMBERWOLVES at BULLS,507034.0,5063.0,452.0,102.5,256.0,0.316406,0.387978,1.0,3,0.08984375,0.12109375,14.0,0.0,14.0,12.0,4.525
22100844,2022-02-11,MAGIC at JAZZ,156055.0,1403.0,125.0,100.5,213.0,0.366197,0.439306,0.0,1,0.154929577464789,0.0704225352112676,,,,15.0,3.65
22100845,2022-02-12,KNICKS at TRAIL BLAZERS,133590.0,1410.0,271.0,99.5,215.0,0.376744,0.478788,1.0,0,0.213953488372093,0.148837209302326,9.0,6.0,15.0,9.0,5.575
22100848,2022-02-12,SPURS at PELICANS,104867.0,1434.0,165.0,97.5,238.0,0.315126,0.383333,0.0,1,0.138655462184874,,7.0,0.0,7.0,10.0,3.5
22100847,2022-02-12,KINGS at WIZARDS,128511.0,1380.0,221.0,96.0,233.0,0.321888,0.402439,0.0,0,0.171673819742489,0.0343347639484979,9.0,1.0,10.0,13.0,4.35
22100846,2022-02-12,GRIZZLIES at HORNETS,895851.0,7520.0,617.0,109.0,243.0,0.308642,0.404145,0.0,2,0.189300411522634,0.131687242798354,11.0,2.0,13.0,7.0,3.2750000000000000
22100850,2022-02-12,NUGGETS at RAPTORS,146901.0,1412.0,545.0,94.5,219.0,0.356164,0.412791,0.0,2,0.132420091324201,0.191780821917808,5.0,6.0,11.0,1.0,4.35
22100849,2022-02-12,CAVALIERS at 76ERS,422073.0,3610.0,593.0,93.0,196.0,0.27551,0.294872,0.0,3,0.153061224489796,,,,,10.0,4.625
22100852,2022-02-12,THUNDER at BULLS,219466.0,2440.0,219.0,102.0,207.0,0.26087,0.344633,0.0,1,0.198067632850242,,12.0,0.0,12.0,5.0,4.65
22100851,2022-02-12,NETS at HEAT,958693.0,7201.0,1060.0,99.5,226.0,0.292035,0.394286,1.0,0,0.168141592920354,,,,,4.0,5.35
22100853,2022-02-12,CLIPPERS at MAVERICKS,265030.0,2439.0,545.0,93.0,196.0,0.336735,0.365269,1.0,1,0.0918367346938776,0.0918367346938776,4.0,1.0,5.0,2.0,5.2
22100855,2022-02-12,MAGIC at SUNS,163129.0,1697.0,310.0,107.0,237.0,0.379747,0.390625,0.0,2,0.0970464135021097,0.126582278481013,11.0,4.0,15.0,27.0,4.075000000000000
22100854,2022-02-12,LAKERS at WARRIORS,3490575.0,36194.0,4850.0,100.0,232.0,0.297414,0.365169,0.0,3,0.202586206896552,0.146551724137931,7.0,5.0,12.0,2.0,8.2
22100856,2022-02-13,HAWKS at CELTICS,511996.0,4304.0,294.0,98.5,200.0,0.345,0.426966,1.0,2,0.185,0.115,8.0,3.0,11.0,10.0,4.9
22100857,2022-02-13,TIMBERWOLVES at PACERS,261664.0,2314.0,251.0,100.5,249.0,0.373494,0.424731,0.0,1,0.168674698795181,0.164658634538153,17.0,4.0,21.0,9.0,3.325
22100858,2022-02-14,PISTONS at WIZARDS,97517.0,1035.0,119.0,95.0,197.0,0.258883,0.305882,0.0,0,0.182741116751269,0.0253807106598985,4.0,1.0,5.0,9.0,3.85
22100859,2022-02-14,KINGS at NETS,756908.0,7871.0,1042.0,103.0,194.0,0.278351,0.350575,0.0,0,0.144329896907216,,6.0,0.0,6.0,24.0,5.025
22100863,2022-02-14,RAPTORS at PELICANS,128596.0,1228.0,259.0,94.0,210.0,0.342857,0.401163,1.0,1,0.180952380952381,0.10952380952381,8.0,2.0,10.0,30.0,3.9
22100860,2022-02-14,THUNDER at KNICKS,111518.0,1272.0,244.0,99.62,250.0,0.336,0.411765,0.0,0,0.144,0.116,14.0,0.0,14.0,4.0,5.5
22100861,2022-02-14,SPURS at BULLS,367234.0,4183.0,401.0,102.5,229.0,0.209607,0.244444,0.0,2,0.14410480349345,0.11353711790393,,,,11.0,4.75
22100862,2022-02-14,TRAIL BLAZERS at BUCKS,265722.0,2427.0,323.0,106.5,229.0,0.406114,0.446809,0.0,1,0.139737991266376,0.196506550218341,4.0,4.0,8.0,15.0,3.875
22100865,2022-02-14,ROCKETS at JAZZ,282290.0,2262.0,142.0,95.5,236.0,0.381356,0.447674,0.0,2,0.161016949152542,0.135593220338983,,,,34.0,4.725
22100864,2022-02-14,MAGIC at NUGGETS,92757.0,965.0,119.0,108.0,232.0,0.349138,0.441341,1.0,1,0.176724137931034,,13.0,1.0,14.0,10.0,3.875
22100866,2022-02-14,WARRIORS at CLIPPERS,1190764.0,10085.0,1517.0,97.5,223.0,0.41704,0.438596,0.0,2,0.0807174887892377,0.0582959641255605,12.0,7.0,19.0,15.0,7.4
22100867,2022-02-15,CAVALIERS at HAWKS,276359.0,2529.0,251.0,94.0,240.0,0.375,0.440476,0.0,3,0.141666666666667,0.1,13.0,1.0,14.0,8.0,4.325000000000000
22100869,2022-02-15,CELTICS at 76ERS,606416.0,5185.0,983.0,93.5,222.0,0.445946,0.475309,0.0,2,0.22972972972973,0.157657657657658,4.0,5.0,9.0,48.0,5.2
22100868,2022-02-15,MAVERICKS at HEAT,599017.0,4912.0,421.0,90.0,206.0,0.364078,0.425,0.0,1,0.20873786407767,0.087378640776699,7.0,3.0,10.0,8.0,5.05
22100872,2022-02-15,GRIZZLIES at PELICANS,125900.0,1186.0,124.0,96.5,230.0,0.182609,0.32967,0.0,0,0.147826086956522,0.0521739130434783,10.0,1.0,11.0,12.0,3.25
22100870,2022-02-15,PACERS at BUCKS,352709.0,3304.0,366.0,104.5,247.0,0.327935,0.391061,0.0,2,0.121457489878543,0.117408906882591,10.0,1.0,11.0,9.0,3.75
22100871,2022-02-15,HORNETS at TIMBERWOLVES,288050.0,2903.0,277.0,107.32,246.0,0.256098,0.417062,0.0,2,0.223577235772358,0.113821138211382,18.0,2.0,20.0,6.0,3.3
22100873,2022-02-15,CLIPPERS at SUNS,479710.0,4142.0,677.0,99.0,199.0,0.271357,0.320856,0.0,2,0.0653266331658292,0.170854271356784,11.0,1.0,12.0,7.0,5.0
22100874,2022-02-16,HAWKS at MAGIC,80334.0,1028.0,95.0,101.0,239.0,0.389121,0.393617,1.0,1,0.142259414225941,0.150627615062762,7.0,10.0,17.0,21.0,3.925
22100875,2022-02-16,PISTONS at CELTICS,146710.0,1666.0,345.0,99.0,223.0,0.390135,0.364706,1.0,1,0.10762331838565,,8.0,4.0,12.0,1.0,4.475
22100876,2022-02-16,WIZARDS at PACERS,105403.0,1003.0,109.0,98.0,221.0,0.285068,0.327586,0.0,0,0.144796380090498,0.158371040723982,9.0,5.0,14.0,5.0,3.825
22100877,2022-02-16,NETS at KNICKS,791643.0,8695.0,1320.0,95.0,217.0,0.373272,0.420765,1.0,0,0.138248847926267,,8.0,1.0,9.0,5.0,6.55
22100878,2022-02-16,KINGS at BULLS,315518.0,3329.0,303.0,102.5,243.0,0.296296,0.331461,0.0,1,0.160493827160494,0.0452674897119342,10.0,2.0,12.0,7.0,5.125
22100881,2022-02-16,SPURS at THUNDER,64695.0,782.0,133.0,103.0,220.0,0.286364,0.325123,1.0,1,0.140909090909091,0.0727272727272727,5.0,7.0,12.0,8.0,3.6
22100880,2022-02-16,RAPTORS at TIMBERWOLVES,164749.0,1709.0,268.0,98.5,194.0,0.278351,0.406061,0.0,1,0.185567010309278,0.149484536082474,11.0,0.0,11.0,12.0,3.875
22100879,2022-02-16,TRAIL BLAZERS at GRIZZLIES,361838.0,3107.0,420.0,96.5,242.0,0.297521,0.364706,0.0,1,0.239669421487603,0.152892561983471,5.0,0.0,5.0,4.0,3.425
22100882,2022-02-16,ROCKETS at SUNS,259990.0,2527.0,307.0,106.5,245.0,0.244898,0.371585,1.0,2,0.216326530612245,,10.0,2.0,12.0,3.0,5.15
22100883,2022-02-16,NUGGETS at WARRIORS,1114301.0,10871.0,1668.0,103.0,233.0,0.309013,0.393258,0.0,3,0.141630901287554,,8.0,2.0,10.0,1.0,6.800000000000000
22100884,2022-02-16,JAZZ at LAKERS,2249306.0,24512.0,2316.0,93.5,207.0,0.304348,0.418182,1.0,3,0.144927536231884,0.140096618357488,9.0,3.0,12.0,5.0,5.375
22100464,2022-02-17,WIZARDS at NETS,595114.0,4417.0,348.0,97.5,220.0,0.354545,0.360465,0.0,0,0.136363636363636,0.140909090909091,13.0,0.0,13.0,14.0,4.925
22100885,2022-02-17,HEAT at HORNETS,576155.0,5725.0,645.0,90.62,218.0,0.330275,0.456853,1.0,1,0.165137614678899,0.0596330275229358,10.0,2.0,12.0,4.0,4.225
22100886,2022-02-17,MAVERICKS at PELICANS,254078.0,2296.0,391.0,95.5,243.0,0.382716,0.390805,1.0,1,0.131687242798354,0.065843621399177,10.0,5.0,15.0,7.0,4.15
22100887,2022-02-17,76ERS at BUCKS,1111469.0,9290.0,959.0,102.5,243.0,0.320988,0.42623,1.0,3,0.185185185185185,0.0781893004115226,5.0,3.0,8.0,3.0,4.5
22100888,2022-02-17,ROCKETS at CLIPPERS,173910.0,1633.0,170.0,107.0,253.0,0.367589,0.393443,0.0,0,0.142292490118577,0.217391304347826,17.0,4.0,21.0,31.0,5.550000000000000
22100889,2022-02-24,CAVALIERS at PISTONS,202211.0,2263.0,540.0,95.5,209.0,0.330144,0.423313,0.0,1,0.229665071770335,,4.0,8.0,12.0,3.0,3.9
22100890,2022-02-24,CELTICS at NETS,768751.0,6065.0,573.0,104.0,235.0,0.306383,0.396648,0.0,1,0.174468085106383,0.127659574468085,,,,23.0,5.55
22100893,2022-02-24,SUNS at THUNDER,178836.0,2004.0,265.0,106.5,228.0,0.25,0.363128,0.0,1,0.12719298245614,0.109649122807018,4.0,1.0,5.0,20.0,4.05
22100891,2022-02-24,HAWKS at BULLS,632606.0,6748.0,742.0,99.5,220.0,0.218182,0.303867,0.0,3,0.181818181818182,,14.0,0.0,14.0,4.0,5.05
22100892,2022-02-24,GRIZZLIES at TIMBERWOLVES,340022.0,3269.0,319.0,100.5,233.0,0.321888,0.382199,0.0,2,0.197424892703863,0.0729613733905579,11.0,0.0,11.0,5.0,3.225
22100895,2022-02-24,NUGGETS at KINGS,127458.0,1236.0,188.0,103.5,238.0,0.302521,0.372093,0.0,1,0.134453781512605,0.0714285714285714,6.0,1.0,7.0,18.0,4.325
22100894,2022-02-24,WARRIORS at TRAIL BLAZERS,1230765.0,12790.0,716.0,99.0,227.0,0.317181,0.45509,0.0,2,0.224669603524229,0.171806167400881,12.0,2.0,14.0,37.0,6.525
22100896,2022-02-25,RAPTORS at HORNETS,258681.0,2673.0,338.0,102.0,218.0,0.288991,0.353933,0.0,2,0.0871559633027523,0.137614678899083,17.0,0.0,17.0,32.0,3.925
22100898,2022-02-25,ROCKETS at MAGIC,74595.0,841.0,157.0,104.5,230.0,0.352174,0.468927,0.0,0,0.134782608695652,0.178260869565217,18.0,2.0,20.0,8.0,4.625
22100897,2022-02-25,THUNDER at PACERS,82112.0,948.0,96.0,101.89,254.0,0.295276,0.336634,0.0,0,0.122047244094488,,11.0,2.0,13.0,4.0,3.45
22100899,2022-02-25,SPURS at WIZARDS,130578.0,1677.0,167.0,101.79,310.0,0.241935,0.314554,1.0,1,0.170967741935484,0.0806451612903226,8.0,0.0,8.0,4.0,3.975
22100900,2022-02-25,HEAT at KNICKS,250980.0,2729.0,405.0,103.0,215.0,0.348837,0.455696,0.0,0,0.241860465116279,0.130232558139535,4.0,0.0,4.0,15.0,6.3
22100901,2022-02-25,76ERS at TIMBERWOLVES,1029566.0,11025.0,1421.0,102.0,235.0,0.357447,0.464286,0.0,2,0.217021276595745,0.114893617021277,8.0,0.0,8.0,31.0,4.075
22100903,2022-02-25,MAVERICKS at JAZZ,284971.0,2677.0,378.0,93.5,223.0,0.443946,0.475309,0.0,3,0.116591928251121,,6.0,4.0,10.0,5.0,4.375
22100902,2022-02-25,PELICANS at SUNS,381809.0,5142.0,554.0,98.5,219.0,0.273973,0.408284,1.0,1,0.232876712328767,0.0730593607305936,,,,15.0,3.9500000000000000
22100904,2022-02-25,CLIPPERS at LAKERS,1213114.0,9622.0,2314.0,101.5,207.0,0.26087,0.323864,0.0,1,0.140096618357488,,9.0,1.0,10.0,3.0,6.2
22100906,2022-02-26,RAPTORS at HAWKS,136462.0,1570.0,321.0,100.0,227.0,0.303965,0.353933,1.0,2,0.140969162995595,0.0837004405286344,14.0,0.0,14.0,27.0,4.4
22100907,2022-02-26,WIZARDS at CAVALIERS,187395.0,1766.0,254.0,93.5,178.0,0.320225,0.292683,1.0,1,0.140449438202247,0.106741573033708,13.0,3.0,16.0,6.0,4.3
22100908,2022-02-26,SPURS at HEAT,252372.0,2717.0,302.0,105.0,262.0,0.29771,0.34104,1.0,0,0.16030534351145,,10.0,1.0,11.0,4.0,4.4
22100909,2022-02-26,GRIZZLIES at BULLS,682416.0,6350.0,839.0,105.0,226.0,0.212389,0.222798,0.0,3,0.194690265486726,0.110619469026549,,,,6.0,4.5
22100910,2022-02-26,NETS at BUCKS,1493462.0,15967.0,2015.0,103.0,249.0,0.349398,0.423529,0.0,2,0.200803212851406,0.0883534136546185,8.0,3.0,11.0,3.0,4.85
22100911,2022-02-26,KINGS at NUGGETS,121375.0,1224.0,258.0,104.0,225.0,0.333333,0.426901,1.0,1,0.213333333333333,0.102222222222222,6.0,0.0,6.0,5.0,4.325
22100912,2022-02-27,76ERS at KNICKS,1129010.0,10498.0,1239.0,104.5,234.0,0.269231,0.404908,1.0,1,0.260683760683761,0.123931623931624,13.0,1.0,14.0,16.0,6.2
22100913,2022-02-27,JAZZ at SUNS,522387.0,4261.0,604.0,90.5,232.0,0.387931,0.377778,1.0,3,0.112068965517241,0.129310344827586,6.0,5.0,11.0,4.0,4.175
22100914,2022-02-27,CELTICS at PACERS,187378.0,1748.0,238.0,98.5,235.0,0.370213,0.41989,0.0,1,0.14468085106383,0.127659574468085,11.0,3.0,14.0,21.0,4.45
22100916,2022-02-27,CLIPPERS at ROCKETS,154361.0,1570.0,165.0,97.0,197.0,0.426396,0.449704,0.0,0,0.157360406091371,0.101522842639594,11.0,2.0,13.0,1.0,5.550000000000000
22100915,2022-02-27,PISTONS at HORNETS,204561.0,2541.0,446.0,98.72,253.0,0.320158,0.356784,0.0,1,0.142292490118577,,13.0,2.0,15.0,1.0,3.4000000000000000
22100917,2022-02-27,MAVERICKS at WARRIORS,1482496.0,14705.0,1906.0,98.0,208.0,0.346154,0.431953,1.0,3,0.134615384615385,0.100961538461538,,,,6.0,7.2
22100918,2022-02-27,NUGGETS at TRAIL BLAZERS,102511.0,997.0,176.0,105.0,216.0,0.25,0.412429,0.0,1,0.194444444444444,0.203703703703704,8.0,1.0,9.0,32.0,3.925
22100919,2022-02-27,PELICANS at LAKERS,1449387.0,11662.0,3183.0,105.5,218.0,0.275229,0.363636,0.0,1,0.155963302752294,0.174311926605505,9.0,0.0,9.0,28.0,5.15
22100921,2022-02-28,PACERS at MAGIC,77440.0,916.0,134.0,101.5,222.0,0.364865,0.434524,0.0,0,0.157657657657658,0.0810810810810811,9.0,4.0,13.0,16.0,3.4750000000000000
22100920,2022-02-28,TIMBERWOLVES at CAVALIERS,178571.0,1961.0,356.0,99.5,249.0,0.39759,0.49375,0.0,2,0.176706827309237,0.104417670682731,11.0,5.0,16.0,5.0,3.8
22100726,2022-02-28,RAPTORS at NETS,446679.0,3725.0,710.0,100.5,230.0,0.391304,0.394595,0.0,0,0.139130434782609,0.178260869565217,9.0,3.0,12.0,36.0,5.05
22100922,2022-02-28,BULLS at HEAT,804565.0,7110.0,1056.0,97.5,211.0,0.270142,0.363636,0.0,2,0.14218009478673,0.0900473933649289,13.0,1.0,14.0,13.0,5.450000000000000
22100923,2022-02-28,SPURS at GRIZZLIES,687052.0,8060.0,941.0,103.5,223.0,0.269058,0.308511,1.0,2,0.112107623318386,0.165919282511211,6.0,3.0,9.0,13.0,3.45
22100925,2022-02-28,KINGS at THUNDER,65904.0,776.0,122.0,106.0,241.0,0.261411,0.381503,0.0,0,0.174273858921162,0.145228215767635,14.0,3.0,17.0,21.0,3.975
22100924,2022-02-28,HORNETS at BUCKS,357715.0,3279.0,229.0,102.5,236.0,0.40678,0.456522,0.0,3,0.220338983050847,0.152542372881356,5.0,1.0,6.0,24.0,3.7250000000000000
22100926,2022-03-01,PISTONS at WIZARDS,102987.0,1236.0,145.0,96.5,229.0,0.275109,0.30814,0.0,0,0.174672489082969,0.126637554585153,12.0,2.0,14.0,3.0,3.85
22100928,2022-03-01,NETS at RAPTORS,488464.0,4370.0,757.0,95.0,217.0,0.235023,0.275862,0.0,0,0.15668202764977,0.15668202764977,14.0,3.0,17.0,1.0,5.05
22100927,2022-03-01,HAWKS at CELTICS,318464.0,3373.0,233.0,94.5,205.0,0.263415,0.39759,0.0,2,0.180487804878049,0.11219512195122,9.0,2.0,11.0,9.0,4.9
22100929,2022-03-01,CLIPPERS at ROCKETS,110471.0,1222.0,125.0,101.5,213.0,0.366197,0.364583,1.0,0,0.126760563380282,0.15962441314554,,,,13.0,5.550000000000000
22100930,2022-03-01,WARRIORS at TIMBERWOLVES,908822.0,7634.0,1286.0,105.5,243.0,0.358025,0.47486,0.0,3,0.156378600823045,0.156378600823045,4.0,0.0,4.0,15.0,6.325
22100931,2022-03-01,MAVERICKS at LAKERS,1520042.0,13516.0,3063.0,96.0,213.0,0.338028,0.420732,0.0,2,0.154929577464789,0.15962441314554,11.0,5.0,16.0,5.0,6.0
22100937,2022-03-02,KINGS at PELICANS,100104.0,1004.0,259.0,99.0,220.0,0.259091,0.361582,0.0,0,0.122727272727273,0.163636363636364,8.0,0.0,8.0,30.0,3.875
22100936,2022-03-02,HEAT at BUCKS,806410.0,8551.0,1528.0,104.5,239.0,0.439331,0.425532,1.0,2,0.142259414225941,,8.0,3.0,11.0,1.0,4.6
22100935,2022-03-02,JAZZ at ROCKETS,256380.0,2467.0,239.0,100.08,259.0,0.416988,0.525424,0.0,2,0.142857142857143,0.115830115830116,16.0,7.0,23.0,5.0,4.725
22100938,2022-03-02,THUNDER at NUGGETS,104481.0,1077.0,161.0,103.5,226.0,0.371681,0.423729,0.0,1,0.132743362831858,0.115044247787611,14.0,2.0,16.0,12.0,3.85
22100939,2022-03-02,TRAIL BLAZERS at SUNS,179447.0,1827.0,246.0,100.0,210.0,0.357143,0.424051,0.0,0,0.214285714285714,,12.0,5.0,17.0,30.0,4.125
22100710,2022-03-03,BULLS at HAWKS,291258.0,2979.0,476.0,97.0,254.0,0.377953,0.383721,1.0,3,0.118110236220472,,5.0,0.0,5.0,6.0,5.05
22100940,2022-03-03,GRIZZLIES at CELTICS,622764.0,6208.0,529.0,93.0,227.0,0.38326,0.409574,0.0,2,0.0969162995594714,0.092511013215859,10.0,3.0,13.0,13.0,4.35
22100941,2022-03-03,HEAT at NETS,1139696.0,10533.0,1386.0,95.0,220.0,0.3,0.38125,1.0,1,0.181818181818182,0.0727272727272727,8.0,0.0,8.0,6.0,5.35
22100942,2022-03-03,PISTONS at RAPTORS,96431.0,1096.0,631.0,93.0,214.0,0.252336,0.377246,1.0,0,0.224299065420561,0.0841121495327103,2.0,2.0,4.0,2.0,3.975
22100943,2022-03-03,WARRIORS at MAVERICKS,1143093.0,10249.0,1709.0,91.5,235.0,0.408511,0.403614,0.0,3,0.106382978723404,0.114893617021277,3.0,4.0,7.0,9.0,7.2
22100944,2022-03-03,KINGS at SPURS,74179.0,814.0,91.0,105.0,227.0,0.290749,0.359551,0.0,1,0.154185022026432,0.123348017621145,7.0,1.0,8.0,3.0,4.075
22100946,2022-03-04,PACERS at PISTONS,70807.0,977.0,254.0,97.5,217.0,0.345622,0.360825,1.0,0,0.138248847926267,,8.0,2.0,10.0,5.0,3.425
22100947,2022-03-04,CAVALIERS at 76ERS,757067.0,7669.0,1001.0,97.5,244.0,0.295082,0.388535,1.0,3,0.204918032786885,,7.0,3.0,10.0,6.0,4.625
22100948,2022-03-04,HAWKS at WIZARDS,116857.0,1426.0,156.0,94.5,231.0,0.350649,0.369318,0.0,1,0.155844155844156,0.0562770562770563,7.0,2.0,9.0,3.0,4.275
22100458,2022-03-04,MAGIC at RAPTORS,63142.0,597.0,297.0,101.5,200.0,0.345,0.393617,0.0,0,0.155,0.175,7.0,4.0,11.0,6.0,4.025
22100949,2022-03-04,BUCKS at BULLS,679896.0,6198.0,718.0,102.0,230.0,0.26087,0.313187,1.0,4,0.130434782608696,0.11304347826087,11.0,0.0,11.0,6.0,4.950000000000000
22100950,2022-03-04,JAZZ at PELICANS,158835.0,1569.0,414.0,98.5,214.0,0.308411,0.413978,0.0,2,0.14018691588785,0.126168224299065,9.0,2.0,11.0,34.0,3.525
22100951,2022-03-04,TIMBERWOLVES at THUNDER,69361.0,885.0,113.0,107.0,239.0,0.389121,0.463277,1.0,1,0.150627615062762,0.133891213389121,9.0,2.0,11.0,37.0,3.375
22100952,2022-03-04,ROCKETS at NUGGETS,160219.0,1609.0,237.0,97.0,217.0,0.317972,0.408284,0.0,0,0.184331797235023,0.0967741935483871,,,,15.0,4.95
22100953,2022-03-04,KNICKS at SUNS,434580.0,5675.0,909.0,101.0,229.0,0.393013,0.368421,1.0,0,0.187772925764192,,9.0,3.0,12.0,1.0,6.05
22100954,2022-03-05,KINGS at MAVERICKS,218189.0,2613.0,451.0,97.0,227.0,0.303965,0.342697,0.0,0,0.140969162995595,0.0837004405286344,7.0,0.0,7.0,1.0,4.725
22100955,2022-03-05,SPURS at HORNETS,245624.0,2566.0,229.0,102.0,240.0,0.3375,0.417989,0.0,2,0.1625,,6.0,0.0,6.0,6.0,3.5250000000000000
22100957,2022-03-05,MAGIC at GRIZZLIES,227681.0,2054.0,168.0,103.0,220.0,0.340909,0.38764,1.0,1,0.131818181818182,0.227272727272727,12.0,0.0,12.0,28.0,3.375
22100956,2022-03-05,76ERS at HEAT,761395.0,6309.0,971.0,89.5,181.0,0.331492,0.448052,0.0,1,0.193370165745856,0.121546961325967,4.0,1.0,5.0,17.0,5.0
22100958,2022-03-05,TRAIL BLAZERS at TIMBERWOLVES,95304.0,1030.0,194.0,98.5,256.0,0.363281,0.441176,1.0,1,0.19140625,0.140625,11.0,0.0,11.0,14.0,3.45
22100959,2022-03-05,WARRIORS at LAKERS,4270014.0,51136.0,5183.0,104.0,240.0,0.4125,0.414365,1.0,3,0.1125,0.170833333333333,,,,8.0,8.2
22100969,2022-03-07,BULLS at 76ERS,945489.0,8545.0,982.0,98.5,227.0,0.264317,0.315789,0.0,3,0.20704845814978,0.123348017621145,10.0,3.0,13.0,15.0,5.35
22100970,2022-03-07,ROCKETS at HEAT,357526.0,3823.0,466.0,97.0,229.0,0.353712,0.413408,1.0,0,0.11353711790393,0.11353711790393,6.0,3.0,9.0,17.0,5.4
22100968,2022-03-07,HAWKS at PISTONS,126922.0,1446.0,344.0,91.02,223.0,0.309417,0.38172,0.0,1,0.134529147982063,0.0762331838565022,12.0,3.0,15.0,3.0,3.875
22100971,2022-03-07,TRAIL BLAZERS at TIMBERWOLVES,84753.0,1121.0,160.0,111.0,205.0,0.292683,0.405714,0.0,1,0.307317073170732,0.180487804878049,5.0,0.0,5.0,43.0,3.45
22100973,2022-03-07,LAKERS at SPURS,972843.0,7772.0,1245.0,103.0,227.0,0.22467,0.297143,0.0,1,0.140969162995595,,4.0,0.0,4.0,7.0,5.35
22100972,2022-03-07,JAZZ at MAVERICKS,413141.0,3735.0,711.0,93.0,214.0,0.406542,0.450292,1.0,3,0.163551401869159,0.0841121495327103,9.0,1.0,10.0,8.0,4.375
22100528,2022-03-07,WARRIORS at NUGGETS,680568.0,5696.0,903.0,101.5,255.0,0.317647,0.418605,1.0,1,0.180392156862745,0.164705882352941,13.0,3.0,16.0,7.0,6.800000000000000
22100974,2022-03-07,KNICKS at KINGS,152974.0,1822.0,293.0,103.0,246.0,0.353659,0.430233,1.0,0,0.182926829268293,0.158536585365854,9.0,0.0,9.0,16.0,5.975
22100977,2022-03-08,SUNS at MAGIC,140693.0,1637.0,292.0,105.0,201.0,0.298507,0.413043,0.0,0,0.203980099502488,0.0945273631840796,,,,3.0,4.075000000000000
22100975,2022-03-08,NETS at HORNETS,1159656.0,12640.0,1147.0,104.0,253.0,0.367589,0.436782,0.0,2,0.158102766798419,0.185770750988142,,,,11.0,4.475
22100976,2022-03-08,CAVALIERS at PACERS,179550.0,1925.0,256.0,99.5,251.0,0.298805,0.345946,0.0,1,0.135458167330677,,11.0,7.0,18.0,3.0,3.875
22100978,2022-03-08,PELICANS at GRIZZLIES,351582.0,2764.0,204.0,102.0,243.0,0.333333,0.412698,0.0,1,0.156378600823045,0.251028806584362,9.0,2.0,11.0,21.0,3.25
22100979,2022-03-08,BUCKS at THUNDER,188758.0,1917.0,209.0,105.0,257.0,0.420233,0.429348,0.0,2,0.120622568093385,0.0739299610894942,9.0,3.0,12.0,27.0,3.8
22100980,2022-03-08,CLIPPERS at WARRIORS,1177529.0,12129.0,708.0,101.5,209.0,0.358852,0.394595,0.0,2,0.143540669856459,0.181818181818182,10.0,0.0,10.0,15.0,7.4
22100981,2022-03-09,CELTICS at HORNETS,526924.0,5017.0,536.0,94.5,216.0,0.277778,0.393258,0.0,2,0.148148148148148,0.115740740740741,12.0,1.0,13.0,14.0,4.425
22100983,2022-03-09,SUNS at HEAT,548865.0,4554.0,821.0,100.5,201.0,0.313433,0.374332,0.0,1,0.0995024875621891,0.114427860696517,8.0,5.0,13.0,21.0,4.85
22100986,2022-03-09,THUNDER at TIMBERWOLVES,68877.0,882.0,159.0,104.0,234.0,0.461538,0.549133,0.0,1,0.153846153846154,0.162393162393162,9.0,0.0,9.0,30.0,3.375
22100984,2022-03-09,HAWKS at BUCKS,359214.0,3418.0,396.0,100.0,239.0,0.288703,0.405556,0.0,3,0.150627615062762,0.0460251046025105,12.0,7.0,19.0,9.0,4.200000000000000
22100987,2022-03-09,MAGIC at PELICANS,42041.0,476.0,54.0,99.0,210.0,0.3,0.402367,0.0,0,0.166666666666667,0.0476190476190476,10.0,2.0,12.0,6.0,3.425
22100985,2022-03-09,LAKERS at ROCKETS,1417574.0,12274.0,3145.0,106.87,269.0,0.390335,0.428571,1.0,1,0.133828996282528,0.111524163568773,10.0,9.0,19.0,9.0,6.35
22100989,2022-03-09,RAPTORS at SPURS,111821.0,1137.0,161.0,97.5,223.0,0.269058,0.366864,0.0,2,0.201793721973094,0.10762331838565,4.0,2.0,6.0,15.0,4.1
22100990,2022-03-09,TRAILBLAZERS at JAZZ,99676.0,1063.0,141.0,95.5,208.0,0.375,0.482353,0.0,2,0.192307692307692,0.0817307692307692,8.0,1.0,9.0,38.0,3.75
22100991,2022-03-09,NUGGETS at KINGS,100188.0,1049.0,179.0,98.5,206.0,0.305825,0.413174,0.0,1,0.140776699029126,0.0728155339805825,7.0,0.0,7.0,6.0,4.325
22100992,2022-03-09,WIZARDS at CLIPPERS,163650.0,1751.0,206.0,97.0,224.0,0.348214,0.34104,1.0,0,0.133928571428571,,8.0,3.0,11.0,6.0,4.825
22100993,2022-03-10,NETS at 76ERS,2697578.0,27259.0,3596.0,100.0,229.0,0.419214,0.413043,0.0,3,0.152838427947598,0.157205240174673,13.0,5.0,18.0,29.0,5.25
22100994,2022-03-10,WARRIORS at NUGGETS,1473529.0,16943.0,1415.0,96.5,215.0,0.293023,0.424419,0.0,3,0.186046511627907,,7.0,2.0,9.0,11.0,6.800000000000000
22100995,2022-03-11,TIMBERWOLVES at MAGIC,73745.0,1076.0,193.0,98.0,228.0,0.407895,0.482955,0.0,1,0.153508771929825,0.12280701754386,13.0,3.0,16.0,8.0,3.4
22100996,2022-03-11,CLIPPERS at HAWKS,153500.0,1487.0,93.0,93.0,218.0,0.288991,0.366279,0.0,1,0.142201834862385,0.073394495412844,11.0,3.0,14.0,6.0,4.85
22100997,2022-03-11,PISTONS at CELTICS,200070.0,2350.0,328.0,96.5,217.0,0.221198,0.381503,1.0,1,0.216589861751152,0.110599078341014,13.0,1.0,14.0,11.0,4.475
22100999,2022-03-11,MAVERICKS at ROCKETS,199449.0,1895.0,207.0,98.0,213.0,0.239437,0.37931,0.0,1,0.15962441314554,0.150234741784038,,,,13.0,5.35
22100998,2022-03-11,CAVALIERS at HEAT,351766.0,3097.0,314.0,98.5,222.0,0.256757,0.363636,0.0,1,0.22972972972973,0.0990990990990991,18.0,1.0,19.0,12.0,4.725
22101001,2022-03-11,HORNETS at PELICANS,176446.0,1733.0,150.0,101.5,262.0,0.423664,0.49711,0.0,1,0.133587786259542,0.183206106870229,17.0,5.0,22.0,,3.325
22101000,2022-03-11,KNICKS at GRIZZLIES,413347.0,3466.0,292.0,104.5,232.0,0.24569,0.262887,0.0,1,0.193965517241379,,13.0,0.0,13.0,4.0,5.35
22101002,2022-03-11,JAZZ at SPURS,181154.0,2318.0,253.0,100.5,206.0,0.276699,0.389831,0.0,3,0.218446601941748,0.0776699029126214,6.0,2.0,8.0,2.0,3.725
22101003,2022-03-11,RAPTORS at SUNS,333830.0,3351.0,601.0,104.0,229.0,0.327511,0.373626,0.0,2,0.139737991266376,0.174672489082969,,,,5.0,4.55
22101004,2022-03-11,WIZARDS at LAKERS,1952799.0,22855.0,2975.0,97.0,231.0,0.298701,0.329545,1.0,1,0.147186147186147,0.142857142857143,11.0,1.0,12.0,13.0,5.625
22101006,2022-03-12,CAVALIERS at BULLS,383481.0,4085.0,336.0,97.0,192.0,0.21875,0.258621,0.0,2,0.145833333333333,0.145833333333333,8.0,0.0,8.0,10.0,5.075000000000000
22101007,2022-03-12,PACERS at SPURS,58764.0,695.0,45.0,103.5,227.0,0.330396,0.360825,0.0,0,0.123348017621145,0.114537444933921,15.0,1.0,16.0,11.0,3.55
22101005,2022-03-12,TIMBERWOLVES at HEAT,259187.0,2448.0,406.0,104.0,217.0,0.414747,0.508772,1.0,1,0.216589861751152,0.15668202764977,7.0,2.0,9.0,9.0,4.175
22101008,2022-03-12,BUCKS at WARRIORS,2388688.0,22602.0,1893.0,97.0,231.0,0.454545,0.481081,1.0,4,0.12987012987013,0.0865800865800866,7.0,4.0,11.0,13.0,6.75
22101010,2022-03-12,KINGS at JAZZ,250339.0,2444.0,266.0,98.0,259.0,0.335907,0.411111,1.0,1,0.154440154440154,0.0965250965250965,7.0,1.0,8.0,9.0,4.1
22101009,2022-03-12,RAPTORS at NUGGETS,247931.0,2540.0,584.0,96.0,242.0,0.285124,0.322222,0.0,1,0.152892561983471,0.12396694214876,11.0,2.0,13.0,12.0,4.35
22101011,2022-03-12,WIZARDS at TRAIL BLAZERS,79803.0,897.0,135.0,99.0,245.0,0.306122,0.363636,1.0,0,0.187755102040816,0.146938775510204,6.0,3.0,9.0,9.0,3.95
22101012,2022-03-13,KNICKS at NETS,824856.0,8149.0,1054.0,97.0,217.0,0.235023,0.337209,0.0,1,0.15668202764977,0.124423963133641,14.0,0.0,14.0,3.0,6.55
22101013,2022-03-13,CLIPPERS at PISTONS,96607.0,1143.0,194.0,91.0,208.0,0.317308,0.349112,1.0,0,0.163461538461538,0.0432692307692308,,,,4.0,4.425000000000000
22101014,2022-03-13,MAVERICKS at CELTICS,576827.0,5709.0,945.0,93.5,187.0,0.385027,0.45679,0.0,2,0.165775401069519,,8.0,11.0,19.0,3.0,5.25
22101015,2022-03-13,76ERS at MAGIC,336639.0,2947.0,577.0,94.64,230.0,0.417391,0.437158,0.0,1,0.2,,4.0,2.0,6.0,2.0,4.225
22101017,2022-03-13,ROCKETS at PELICANS,93559.0,959.0,121.0,103.0,235.0,0.280851,0.370588,0.0,0,0.165957446808511,0.106382978723404,15.0,0.0,15.0,25.0,4.5
22101016,2022-03-13,PACERS at HAWKS,116252.0,1353.0,166.0,100.0,259.0,0.370656,0.421965,1.0,1,0.166023166023166,0.0347490347490348,13.0,4.0,17.0,3.0,3.8500000000000000
22101018,2022-03-13,GRIZZLIES at THUNDER,299103.0,2844.0,217.0,102.0,243.0,0.296296,0.351759,1.0,1,0.168724279835391,,17.0,2.0,19.0,7.0,3.35
22101019,2022-03-13,LAKERS at SUNS,1503522.0,12686.0,3112.0,104.0,251.0,0.334661,0.398907,0.0,2,0.139442231075697,0.155378486055777,8.0,1.0,9.0,29.0,5.8
22101020,2022-03-14,CLIPPERS at CAVALIERS,179189.0,1952.0,265.0,89.21,231.0,0.350649,0.358696,0.0,1,0.155844155844156,0.0346320346320346,,,,9.0,4.875
22101021,2022-03-14,TRAIL BLAZERS at HAWKS,90749.0,1030.0,165.0,105.5,235.0,0.280851,0.365482,1.0,1,0.191489361702128,0.0893617021276596,,,,9.0,3.9750000000000000
22101022,2022-03-14,NUGGETS at 76ERS,609034.0,5480.0,1397.0,100.0,224.0,0.334821,0.39759,0.0,2,0.174107142857143,0.178571428571429,14.0,3.0,17.0,4.0,4.550000000000000
22101023,2022-03-14,HORNETS at THUNDER,177757.0,1885.0,103.0,98.5,250.0,0.432,0.436464,0.0,1,0.128,0.104,11.0,1.0,12.0,18.0,3.425
22101024,2022-03-14,TIMBERWOLVES at SPURS,179121.0,2511.0,387.0,112.0,288.0,0.3125,0.363636,0.0,2,0.173611111111111,0.142361111111111,11.0,1.0,12.0,10.0,3.475
22101025,2022-03-14,WIZARDS at WARRIORS,1490004.0,17785.0,1119.0,100.5,238.0,0.352941,0.427711,0.0,2,0.151260504201681,0.113445378151261,12.0,6.0,18.0,14.0,6.825
22101026,2022-03-14,BULLS at KINGS,189876.0,1850.0,271.0,101.0,215.0,0.27907,0.347059,0.0,2,0.209302325581395,0.116279069767442,8.0,0.0,8.0,9.0,5.125
22101027,2022-03-14,BUCKS at JAZZ,439467.0,3958.0,398.0,101.5,228.0,0.381579,0.441341,0.0,4,0.197368421052632,0.087719298245614,,,,6.0,3.925
22101028,2022-03-14,RAPTORS at LAKERS,1037814.0,9112.0,2907.0,103.5,217.0,0.317972,0.431694,0.0,2,0.221198156682028,0.179723502304147,8.0,5.0,13.0,11.0,5.75
22101030,2022-03-15,NETS at MAGIC,1111912.0,12226.0,1593.0,105.0,258.0,0.360465,0.371585,1.0,1,0.189922480620155,0.0697674418604651,9.0,1.0,10.0,42.0,4.575000000000000
22101029,2022-03-15,GRIZZLIES at PACERS,138527.0,1275.0,163.0,104.5,237.0,0.265823,0.344828,0.0,0,0.109704641350211,0.177215189873418,14.0,0.0,14.0,33.0,3.3
22101031,2022-03-15,PISTONS at HEAT,252340.0,2568.0,388.0,96.0,203.0,0.325123,0.440789,0.0,0,0.241379310344828,0.0935960591133005,3.0,2.0,5.0,7.0,4.275
22101032,2022-03-15,SUNS at PELICANS,390688.0,3142.0,305.0,99.0,246.0,0.365854,0.386364,0.0,1,0.130081300813008,0.130081300813008,5.0,5.0,10.0,16.0,3.9500000000000000
22101033,2022-03-16,HAWKS at HORNETS,243252.0,2926.0,259.0,94.5,222.0,0.324324,0.4,1.0,2,0.144144144144144,0.144144144144144,18.0,5.0,23.0,10.0,3.825
22101035,2022-03-16,NUGGETS at WIZARDS,98681.0,1018.0,115.0,100.5,236.0,0.254237,0.338983,1.0,1,0.177966101694915,0.0974576271186441,9.0,3.0,12.0,18.0,4.225
22101034,2022-03-16,76ERS at CAVALIERS,506355.0,4033.0,422.0,93.5,232.0,0.271552,0.377358,0.0,2,0.219827586206897,0.0948275862068966,14.0,1.0,15.0,4.0,4.625
22101037,2022-03-16,TRAIL BLAZERS at KNICKS,84601.0,938.0,92.0,98.5,226.0,0.358407,0.421053,1.0,0,0.172566371681416,0.101769911504425,9.0,0.0,9.0,30.0,5.575
22101036,2022-03-16,MAVERICKS at NETS,1142370.0,11809.0,1635.0,88.5,224.0,0.28125,0.344828,0.0,2,0.138392857142857,,6.0,7.0,13.0,2.0,5.3
22101038,2022-03-16,SUNS at ROCKETS,220585.0,2068.0,268.0,96.0,241.0,0.360996,0.4,0.0,1,0.0912863070539419,0.157676348547718,16.0,3.0,19.0,17.0,5.15
22101039,2022-03-16,LAKERS at TIMBERWOLVES,975764.0,7266.0,1950.0,100.5,228.0,0.355263,0.469945,0.0,2,0.18859649122807,0.144736842105263,9.0,0.0,9.0,20.0,5.125
22101040,2022-03-16,THUNDER at SPURS,78539.0,1011.0,130.0,101.5,242.0,0.396694,0.422222,1.0,1,0.15702479338843,,3.0,1.0,4.0,2.0,3.6
22101041,2022-03-16,BULLS at JAZZ,383394.0,3059.0,286.0,102.0,235.0,0.395745,0.41954,0.0,4,0.14468085106383,,6.0,2.0,8.0,15.0,4.775
22101042,2022-03-16,CELTICS at WARRIORS,1720913.0,13375.0,2042.0,92.5,198.0,0.393939,0.526946,0.0,3,0.161616161616162,0.0808080808080808,5.0,6.0,11.0,22.0,7.45
22101043,2022-03-16,BUCKS at KINGS,184653.0,1960.0,162.0,109.5,261.0,0.390805,0.42623,0.0,2,0.157088122605364,0.0766283524904215,6.0,0.0,6.0,9.0,4.275
22101044,2022-03-16,RAPTORS at CLIPPERS,201082.0,2100.0,436.0,89.0,203.0,0.325123,0.385093,0.0,1,0.142857142857143,0.0935960591133005,5.0,1.0,6.0,3.0,4.95
22101045,2022-03-17,PISTONS at MAGIC,196360.0,2098.0,349.0,103.5,254.0,0.366142,0.382199,1.0,0,0.137795275590551,0.0866141732283465,11.0,4.0,15.0,14.0,3.5
22101046,2022-03-18,MAVERICKS at 76ERS,603345.0,5485.0,655.0,92.5,212.0,0.396226,0.451613,0.0,2,0.169811320754717,0.089622641509434,11.0,1.0,12.0,10.0,4.95
22101047,2022-03-18,GRIZZLIES at HAWKS,229000.0,2041.0,318.0,98.5,225.0,0.28,0.282486,0.0,1,0.151111111111111,0.133333333333333,6.0,0.0,6.0,15.0,3.75
22101050,2022-03-18,WIZARDS at KNICKS,64929.0,708.0,197.0,97.5,197.0,0.350254,0.39645,1.0,0,0.223350253807107,0.0609137055837564,9.0,2.0,11.0,3.0,5.875
22101048,2022-03-18,TRAIL BLAZERS at NETS,547280.0,4518.0,445.0,99.5,251.0,0.2749,0.346821,0.0,1,0.167330677290837,0.199203187250996,16.0,0.0,16.0,5.0,4.625
22101052,2022-03-18,THUNDER at HEAT,154750.0,1702.0,178.0,94.5,228.0,0.368421,0.47486,0.0,0,0.12280701754386,0.105263157894737,7.0,4.0,11.0,12.0,4.3
22101051,2022-03-18,LAKERS at RAPTORS,1870090.0,21218.0,2475.0,92.38,251.0,0.370518,0.414508,1.0,2,0.111553784860558,,10.0,0.0,10.0,5.0,5.75
22101053,2022-03-18,PACERS at ROCKETS,63955.0,706.0,92.0,103.0,239.0,0.32636,0.388889,0.0,0,0.171548117154812,0.121338912133891,14.0,2.0,16.0,3.0,4.55
22101049,2022-03-18,NUGGETS at CAVALIERS,177034.0,2197.0,312.0,94.19,235.0,0.306383,0.368421,1.0,2,0.131914893617021,0.131914893617021,17.0,6.0,23.0,3.0,4.275
22101054,2022-03-18,PELICANS at SPURS,68709.0,743.0,111.0,101.0,215.0,0.348837,0.421622,0.0,1,0.13953488372093,0.106976744186047,7.0,1.0,8.0,33.0,3.5
22101055,2022-03-18,CLIPPERS at JAZZ,160811.0,1394.0,211.0,99.5,213.0,0.380282,0.431694,0.0,1,0.140845070422535,0.103286384976526,8.0,2.0,10.0,29.0,4.575
22101056,2022-03-18,BULLS at SUNS,532833.0,4799.0,649.0,98.5,231.0,0.233766,0.307692,0.0,3,0.212121212121212,0.0822510822510823,,,,27.0,5.200000000000000
22101057,2022-03-18,CELTICS at KINGS,202350.0,2232.0,271.0,96.0,223.0,0.470852,0.47205,0.0,1,0.134529147982063,0.0986547085201794,,,,29.0,4.975
22101058,2022-03-19,BUCKS at TIMBERWOLVES,352228.0,3334.0,556.0,105.5,257.0,0.478599,0.52381,1.0,2,0.140077821011673,0.143968871595331,7.0,0.0,7.0,19.0,3.675
22101059,2022-03-19,MAVERICKS at HORNETS,419584.0,3765.0,391.0,97.5,237.0,0.43038,0.451977,0.0,2,0.156118143459916,0.122362869198312,13.0,2.0,15.0,21.0,4.175
22101061,2022-03-19,LAKERS at WIZARDS,1005824.0,8858.0,1801.0,99.5,246.0,0.317073,0.375,0.0,1,0.146341463414634,0.0934959349593496,11.0,1.0,12.0,8.0,5.625
22101060,2022-03-19,PISTONS at CAVALIERS,174925.0,1845.0,273.0,97.5,222.0,0.310811,0.323699,0.0,1,0.121621621621622,0.171171171171171,14.0,3.0,17.0,4.0,3.9
22101062,2022-03-20,TRAIL BLAZERS at PACERS,53318.0,631.0,59.0,95.5,227.0,0.317181,0.412121,1.0,0,0.136563876651982,0.149779735682819,13.0,2.0,15.0,31.0,3.525
22101063,2022-03-20,GRIZZLIES at ROCKETS,187457.0,1609.0,207.0,107.5,220.0,0.354545,0.357143,1.0,0,0.127272727272727,0.181818181818182,16.0,3.0,19.0,24.0,4.45
22101065,2022-03-20,THUNDER at MAGIC,53854.0,823.0,100.0,100.0,175.0,0.342857,0.451429,1.0,0,0.177142857142857,0.0914285714285714,9.0,2.0,11.0,5.0,3.525
22101064,2022-03-20,PELICANS at HAWKS,135209.0,1325.0,178.0,106.0,229.0,0.222707,0.289617,1.0,1,0.192139737991266,,3.0,1.0,4.0,5.0,3.8
22101066,2022-03-20,SUNS at KINGS,244558.0,2626.0,476.0,101.89,251.0,0.334661,0.338798,1.0,1,0.211155378486056,0.107569721115538,4.0,0.0,4.0,3.0,4.525
22101067,2022-03-20,JAZZ at KNICKS,193434.0,1660.0,193.0,90.0,201.0,0.492537,0.547771,0.0,2,0.189054726368159,0.0696517412935323,7.0,1.0,8.0,15.0,5.625
22101068,2022-03-20,CELTICS at NUGGETS,430075.0,3853.0,592.0,91.5,228.0,0.434211,0.467456,1.0,2,0.135964912280702,0.118421052631579,9.0,2.0,11.0,20.0,4.85
22101070,2022-03-20,SPURS at WARRIORS,868455.0,7136.0,1171.0,95.5,218.0,0.357798,0.388298,1.0,3,0.155963302752294,,,,,2.0,6.550000000000000
22101069,2022-03-20,RAPTORS at 76ERS,423888.0,3643.0,936.0,92.5,181.0,0.232044,0.319277,1.0,1,0.204419889502762,0.143646408839779,9.0,1.0,10.0,5.0,4.7
22101071,2022-03-21,PELICANS at HORNETS,230242.0,2613.0,235.0,95.0,209.0,0.315789,0.360947,1.0,1,0.129186602870813,0.148325358851675,12.0,2.0,14.0,3.0,3.325
22101075,2022-03-21,JAZZ at NETS,1003601.0,8901.0,775.0,94.5,220.0,0.340909,0.415663,0.0,3,0.140909090909091,0.0863636363636364,12.0,0.0,12.0,8.0,4.675
22101074,2022-03-21,HEAT at 76ERS,485444.0,4955.0,846.0,96.0,219.0,0.342466,0.421687,0.0,0,0.146118721461187,0.182648401826484,,,,7.0,5.0
22101073,2022-03-21,TRAIL BLAZERS at PISTONS,53798.0,634.0,81.0,102.5,234.0,0.217949,0.364162,1.0,0,0.303418803418803,0.106837606837607,11.0,4.0,15.0,4.0,3.55
22101076,2022-03-21,RAPTORS at BULLS,275345.0,2711.0,259.0,91.5,212.0,0.240566,0.331492,0.0,3,0.127358490566038,0.150943396226415,,,,14.0,5.15
22101077,2022-03-21,WIZARDS at ROCKETS,117482.0,1503.0,180.0,95.5,212.0,0.367925,0.4,0.0,0,0.150943396226415,0.113207547169811,13.0,7.0,20.0,18.0,4.975
22101078,2022-03-21,CELTICS at THUNDER,152429.0,1959.0,298.0,99.5,255.0,0.376471,0.430168,1.0,1,0.152941176470588,0.0941176470588235,7.0,6.0,13.0,9.0,4.5
22101079,2022-03-21,TIMBERWOLVES at MAVERICKS,383026.0,3762.0,531.0,98.0,218.0,0.37156,0.471264,0.0,2,0.178899082568807,0.178899082568807,11.0,2.0,13.0,2.0,4.125
22101080,2022-03-22,WARRIORS at MAGIC,721830.0,5860.0,1565.0,95.5,184.0,0.342391,0.414634,1.0,2,0.146739130434783,0.135869565217391,8.0,1.0,9.0,4.0,6.475
22101081,2022-03-22,HAWKS at KNICKS,252786.0,3079.0,455.0,98.0,228.0,0.368421,0.419162,0.0,1,0.157894736842105,0.0614035087719298,10.0,6.0,16.0,6.0,5.9
22101082,2022-03-22,BULLS at BUCKS,787052.0,6139.0,823.0,100.0,224.0,0.334821,0.350575,0.0,3,0.09375,0.0535714285714286,9.0,2.0,11.0,28.0,4.950000000000000
22101083,2022-03-22,CLIPPERS at NUGGETS,236653.0,2133.0,204.0,96.0,242.0,0.322314,0.378698,0.0,1,0.173553719008264,0.103305785123967,11.0,3.0,14.0,12.0,4.800000000000000
22101085,2022-03-23,HAWKS at PISTONS,88028.0,1142.0,249.0,103.5,223.0,0.349776,0.427778,1.0,1,0.15695067264574,0.0896860986547085,8.0,2.0,10.0,21.0,3.875
22101084,2022-03-23,KNICKS at HORNETS,209194.0,2168.0,289.0,92.5,227.0,0.436123,0.52907,0.0,1,0.105726872246696,0.0969162995594714,15.0,3.0,18.0,15.0,5.425
22101089,2022-03-23,NETS at GRIZZLIES,1062844.0,9175.0,1154.0,101.0,252.0,0.333333,0.335106,0.0,1,0.174603174603175,0.162698412698413,10.0,0.0,10.0,12.0,4.4
22101088,2022-03-23,WARRIORS at HEAT,1404533.0,14948.0,1510.0,93.0,222.0,0.391892,0.444444,1.0,1,0.175675675675676,0.112612612612613,6.0,8.0,14.0,14.0,7.25
22101091,2022-03-23,MAGIC at THUNDER,39105.0,535.0,52.0,99.5,220.0,0.463636,0.534884,0.0,0,0.172727272727273,0.0681818181818182,7.0,9.0,16.0,16.0,3.525
22101090,2022-03-23,SUNS at TIMBERWOLVES,351000.0,4116.0,725.0,98.0,241.0,0.311203,0.41989,0.0,2,0.174273858921162,0.0746887966804979,8.0,1.0,9.0,9.0,3.925
22101094,2022-03-23,SPURS at TRAIL BLAZERS,87380.0,1469.0,268.0,101.5,229.0,0.340611,0.37234,0.0,1,0.170305676855895,0.170305676855895,10.0,5.0,15.0,37.0,3.675
22101093,2022-03-23,76ERS at LAKERS,1868939.0,15787.0,1751.0,102.0,247.0,0.255061,0.303191,0.0,1,0.129554655870445,0.097165991902834,11.0,2.0,13.0,5.0,5.95
22101095,2022-03-24,CAVALIERS at RAPTORS,216484.0,2195.0,434.0,91.0,221.0,0.38009,0.39881,1.0,2,0.158371040723982,0.0995475113122172,12.0,0.0,12.0,13.0,4.425
22101096,2022-03-24,PACERS at GRIZZLIES,106899.0,1116.0,177.0,98.5,236.0,0.381356,0.405405,1.0,0,0.11864406779661,0.135593220338983,8.0,1.0,9.0,30.0,3.3
22101097,2022-03-24,WIZARDS at BUCKS,188293.0,1730.0,213.0,97.0,216.0,0.375,0.421965,0.0,0,0.087962962962963,0.087962962962963,10.0,7.0,17.0,12.0,4.175
22101098,2022-03-24,BULLS at PELICANS,272896.0,2407.0,408.0,97.0,235.0,0.331915,0.391304,0.0,1,0.2,0.119148936170213,,,,17.0,4.55
22101099,2022-03-24,SUNS at NUGGETS,619012.0,5795.0,856.0,98.5,270.0,0.311111,0.353293,0.0,3,0.155555555555556,0.0851851851851852,7.0,2.0,9.0,10.0,4.4
22101100,2022-03-25,JAZZ at HORNETS,372741.0,3714.0,422.0,89.5,208.0,0.432692,0.47093,0.0,3,0.0961538461538462,0.129807692307692,,,,6.0,3.55
22101101,2022-03-25,WIZARDS at PISTONS,77041.0,858.0,157.0,102.0,197.0,0.228426,0.348315,0.0,0,0.16243654822335,,10.0,0.0,10.0,3.0,3.85
22101102,2022-03-25,WARRIORS at HAWKS,826962.0,7104.0,831.0,96.5,231.0,0.363636,0.435754,0.0,3,0.108225108225108,0.0779220779220779,5.0,0.0,5.0,11.0,6.85
22101104,2022-03-25,MAVERICKS at TIMBERWOLVES,291937.0,2689.0,388.0,97.0,211.0,0.298578,0.431034,0.0,2,0.161137440758294,0.0616113744075829,9.0,3.0,12.0,21.0,4.125
22101103,2022-03-25,KNICKS at HEAT,276507.0,2959.0,849.0,87.5,214.0,0.406542,0.546053,0.0,0,0.200934579439252,0.0700934579439252,,,,8.0,6.3
22101106,2022-03-25,76ERS at CLIPPERS,641950.0,5255.0,458.0,100.0,219.0,0.315068,0.338983,1.0,1,0.191780821917808,0.136986301369863,,,,25.0,5.15
22101107,2022-03-26,SPURS at PELICANS,123706.0,1324.0,191.0,90.5,210.0,0.242857,0.318681,0.0,1,0.166666666666667,0.0619047619047619,1.0,1.0,2.0,4.0,3.5
22101108,2022-03-26,KINGS at MAGIC,60067.0,892.0,115.0,96.45,224.0,0.321429,0.352941,1.0,0,0.116071428571429,,8.0,0.0,8.0,4.0,4.0
22101111,2022-03-26,NETS at HEAT,1086059.0,9302.0,1322.0,99.0,205.0,0.307317,0.424051,0.0,1,0.195121951219512,0.141463414634146,7.0,1.0,8.0,15.0,5.35
22101112,2022-03-26,BUCKS at GRIZZLIES,433654.0,3612.0,741.0,101.0,229.0,0.262009,0.353846,1.0,2,0.161572052401747,0.152838427947598,9.0,2.0,11.0,25.0,3.65
22101110,2022-03-26,BULLS at CAVALIERS,289907.0,2706.0,316.0,93.0,192.0,0.1875,0.33121,1.0,3,0.208333333333333,0.0572916666666667,6.0,0.0,6.0,4.0,5.075000000000000
22101109,2022-03-26,PACERS at RAPTORS,145127.0,1504.0,373.0,92.0,222.0,0.351351,0.417178,0.0,1,0.126126126126126,0.135135135135135,6.0,0.0,6.0,40.0,3.95
22101113,2022-03-26,THUNDER at NUGGETS,93546.0,1006.0,136.0,102.0,220.0,0.3,0.39645,0.0,1,0.172727272727273,0.195454545454545,9.0,2.0,11.0,6.0,3.85
22101114,2022-03-26,ROCKETS at TRAIL BLAZERS,85099.0,985.0,139.0,99.0,213.0,0.380282,0.423729,0.0,0,0.112676056338028,0.131455399061033,18.0,0.0,18.0,17.0,4.675
22101115,2022-03-27,KNICKS at PISTONS,113613.0,1453.0,172.0,94.5,206.0,0.305825,0.411765,0.0,0,0.189320388349515,0.0679611650485437,,,,2.0,5.475
22101116,2022-03-27,TIMBERWOLVES at CELTICS,317649.0,3413.0,445.0,99.0,246.0,0.378049,0.415205,0.0,2,0.109756097560976,,,,,22.0,4.375
22101118,2022-03-27,76ERS at SUNS,1059814.0,8676.0,1545.0,98.0,218.0,0.316514,0.357955,1.0,3,0.142201834862385,0.123853211009174,9.0,0.0,9.0,10.0,4.75
22101117,2022-03-27,WARRIORS at WIZARDS,382693.0,3302.0,693.0,99.5,238.0,0.302521,0.352601,1.0,2,0.210084033613445,0.0966386554621849,6.0,3.0,9.0,8.0,6.825
22101119,2022-03-27,LAKERS at PELICANS,1272709.0,10703.0,2658.0,94.5,224.0,0.308036,0.362573,0.0,1,0.129464285714286,0.116071428571429,5.0,2.0,7.0,8.0,5.15
22101121,2022-03-27,JAZZ at MAVERICKS,325527.0,2935.0,385.0,87.5,214.0,0.406542,0.409639,0.0,2,0.107476635514019,0.11214953271028,5.0,3.0,8.0,14.0,4.375
22101120,2022-03-27,HORNETS at NETS,1005674.0,10150.0,953.0,100.5,229.0,0.31441,0.338462,1.0,2,0.152838427947598,0.22707423580786,11.0,0.0,11.0,9.0,4.475
22101123,2022-03-28,MAGIC at CAVALIERS,90480.0,1147.0,133.0,100.5,208.0,0.331731,0.458824,0.0,1,0.129807692307692,,14.0,8.0,22.0,6.0,3.9500000000000000
22101122,2022-03-28,NUGGETS at HORNETS,344120.0,3072.0,399.0,99.5,222.0,0.337838,0.418994,0.0,2,0.130630630630631,0.148648648648649,,,,4.0,3.7750000000000000
22101124,2022-03-28,HAWKS at PACERS,82749.0,935.0,94.0,98.0,255.0,0.4,0.410405,1.0,1,0.145098039215686,0.117647058823529,12.0,3.0,15.0,9.0,3.8500000000000000
22101125,2022-03-28,KINGS at HEAT,169329.0,1823.0,229.0,96.0,223.0,0.41704,0.438596,0.0,0,0.0896860986547085,0.0762331838565022,13.0,2.0,15.0,23.0,4.775
22101127,2022-03-28,CELTICS at RAPTORS,356533.0,3648.0,1943.0,95.55,227.0,0.290749,0.393035,0.0,1,0.154185022026432,0.154185022026432,7.0,6.0,13.0,3.0,5.0
22101126,2022-03-28,BULLS at KNICKS,242293.0,2429.0,414.0,96.0,213.0,0.253521,0.345238,0.0,2,0.23943661971831,0.0516431924882629,8.0,0.0,8.0,5.0,6.65
22101128,2022-03-28,SPURS at ROCKETS,101477.0,1341.0,167.0,105.0,243.0,0.333333,0.40625,0.0,1,0.189300411522634,0.139917695473251,,,,3.0,4.7
22101129,2022-03-28,WARRIORS at GRIZZLIES,726303.0,5296.0,1141.0,103.5,218.0,0.288991,0.34104,1.0,1,0.206422018348624,0.151376146788991,9.0,1.0,10.0,28.0,6.300000000000000
22101130,2022-03-28,THUNDER at TRAIL BLAZERS,55531.0,718.0,95.0,97.36,265.0,0.45283,0.470297,0.0,0,0.10188679245283,0.0754716981132075,12.0,1.0,13.0,3.0,3.575
22101132,2022-03-29,BULLS at WIZARDS,184110.0,1872.0,135.0,92.5,201.0,0.179104,0.268293,0.0,2,0.134328358208955,0.0895522388059701,,,,13.0,5.025
22101131,2022-03-29,BUCKS at 76ERS,999439.0,8495.0,1304.0,97.5,234.0,0.384615,0.446328,1.0,3,0.128205128205128,0.132478632478632,7.0,0.0,7.0,2.0,4.5
22101133,2022-03-29,PISTONS at NETS,462248.0,4799.0,585.0,102.5,253.0,0.367589,0.377143,0.0,1,0.16600790513834,0.106719367588933,8.0,1.0,9.0,7.0,4.525
22101135,2022-03-29,JAZZ at CLIPPERS,624475.0,6984.0,828.0,95.0,236.0,0.34322,0.416149,1.0,2,0.173728813559322,,6.0,3.0,9.0,6.0,4.575
22101136,2022-03-30,MAVERICKS at CAVALIERS,320086.0,2781.0,452.0,95.0,232.0,0.349138,0.391813,1.0,2,0.125,0.0689655172413793,15.0,7.0,22.0,8.0,4.675
22101138,2022-03-30,MAGIC at WIZARDS,41323.0,547.0,84.0,103.0,237.0,0.303797,0.37234,0.0,0,0.164556962025316,0.105485232067511,12.0,0.0,12.0,17.0,3.9
22101137,2022-03-30,NUGGETS at PACERS,77347.0,848.0,151.0,96.0,243.0,0.296296,0.384181,1.0,1,0.127572016460905,,2.0,1.0,3.0,7.0,3.8
22101141,2022-03-30,TIMBERWOLVES at RAPTORS,157038.0,1798.0,394.0,106.0,227.0,0.38326,0.388298,0.0,2,0.123348017621145,,17.0,0.0,17.0,23.0,3.875
22101140,2022-03-30,HORNETS at KNICKS,220716.0,2200.0,174.0,99.5,239.0,0.351464,0.451429,1.0,1,0.138075313807531,0.108786610878661,15.0,0.0,15.0,11.0,5.425
22101139,2022-03-30,HEAT at CELTICS,695243.0,6185.0,921.0,102.0,204.0,0.352941,0.432927,1.0,1,0.166666666666667,0.122549019607843,8.0,4.0,12.0,8.0,5.3
22101143,2022-03-30,HAWKS at THUNDER,68531.0,866.0,127.0,106.5,254.0,0.413386,0.449438,1.0,1,0.153543307086614,0.0984251968503937,7.0,7.0,14.0,18.0,3.9
22101142,2022-03-30,KINGS at ROCKETS,64905.0,862.0,166.0,104.5,239.0,0.251046,0.359788,0.0,0,0.188284518828452,0.133891213389121,16.0,0.0,16.0,3.0,5.075
22101144,2022-03-30,GRIZZLIES at SPURS,178480.0,1741.0,303.0,95.5,223.0,0.403587,0.425287,0.0,1,0.0941704035874439,0.10762331838565,6.0,1.0,7.0,1.0,3.45
22101146,2022-03-30,PELICANS at TRAIL BLAZERS,78255.0,1131.0,135.0,99.0,224.0,0.267857,0.404908,1.0,0,0.205357142857143,0.183035714285714,7.0,1.0,8.0,10.0,3.4750000000000000
22101145,2022-03-30,SUNS at WARRIORS,1286675.0,11341.0,1835.0,105.0,210.0,0.285714,0.377143,0.0,4,0.20952380952381,0.114285714285714,4.0,6.0,10.0,4.0,7.0
22101147,2022-03-31,76ERS at PISTONS,211516.0,2369.0,731.0,91.5,196.0,0.260204,0.403974,1.0,1,0.178571428571429,0.107142857142857,,,,8.0,4.175000000000000
22100452,2022-03-31,CAVALIERS at HAWKS,150749.0,1337.0,153.0,100.5,238.0,0.302521,0.381215,1.0,2,0.19327731092437,0.0966386554621849,11.0,0.0,11.0,24.0,4.325000000000000
22101148,2022-03-31,BUCKS at NETS,1533570.0,16858.0,2701.0,102.79,239.0,0.376569,0.419355,1.0,3,0.163179916317992,,17.0,1.0,18.0,1.0,4.85
22101149,2022-03-31,CLIPPERS at BULLS,663630.0,7792.0,772.0,98.72,265.0,0.29434,0.338542,0.0,2,0.184905660377358,,11.0,1.0,12.0,5.0,5.6
22101150,2022-03-31,LAKERS at JAZZ,866635.0,6008.0,872.0,95.5,231.0,0.285714,0.398844,0.0,2,0.151515151515152,0.0692640692640693,12.0,0.0,12.0,13.0,5.375
22101151,2022-04-01,RAPTORS at MAGIC,121822.0,1457.0,269.0,96.0,191.0,0.376963,0.466667,1.0,1,0.141361256544503,0.136125654450262,7.0,1.0,8.0,13.0,4.025
22101152,2022-04-01,MAVERICKS at WIZARDS,170014.0,1529.0,379.0,98.0,238.0,0.352941,0.422619,0.0,1,0.184873949579832,0.117647058823529,6.0,0.0,6.0,32.0,4.625
22101153,2022-04-01,PACERS at CELTICS,177556.0,1992.0,259.0,99.5,251.0,0.346614,0.420732,0.0,1,0.191235059760956,0.0796812749003984,11.0,5.0,16.0,5.0,4.45
22101156,2022-04-01,CLIPPERS at BUCKS,286697.0,2955.0,643.0,99.5,272.0,0.341912,0.365591,0.0,0,0.106617647058824,0.128676470588235,10.0,9.0,19.0,34.0,4.75
22101157,2022-04-01,PISTONS at THUNDER,52284.0,612.0,124.0,100.0,211.0,0.369668,0.460674,0.0,0,0.156398104265403,,10.0,5.0,15.0,9.0,3.475
22101155,2022-04-01,SUNS at GRIZZLIES,580093.0,5066.0,1178.0,105.0,236.0,0.216102,0.271277,0.0,2,0.139830508474576,0.101694915254237,9.0,2.0,11.0,8.0,3.9
22101154,2022-04-01,KINGS at ROCKETS,74473.0,790.0,214.0,101.5,239.0,0.364017,0.410112,0.0,0,0.184100418410042,,15.0,1.0,16.0,5.0,5.075
22101159,2022-04-01,TIMBERWOLVES at NUGGETS,213869.0,2006.0,375.0,104.5,266.0,0.349624,0.436047,0.0,2,0.214285714285714,,17.0,2.0,19.0,6.0,3.725
22101160,2022-04-01,PELICANS at LAKERS,1345879.0,10579.0,4066.0,103.5,225.0,0.24,0.329193,1.0,1,0.208888888888889,0.146666666666667,8.0,1.0,9.0,3.0,5.15
22101161,2022-04-02,HORNETS at 76ERS,469018.0,3969.0,356.0,104.5,258.0,0.372093,0.41954,0.0,2,0.13953488372093,0.13953488372093,21.0,1.0,22.0,30.0,4.125
22101162,2022-04-02,CAVALIERS at KNICKS,172584.0,1615.0,189.0,94.5,220.0,0.381818,0.405063,1.0,1,0.190909090909091,0.0636363636363636,11.0,2.0,13.0,18.0,5.925
22101163,2022-04-02,NETS at HAWKS,890871.0,8156.0,1314.0,105.5,237.0,0.379747,0.421622,0.0,2,0.215189873417722,0.113924050632911,,,,7.0,4.950000000000000
22101164,2022-04-02,HEAT at BULLS,451086.0,4553.0,566.0,93.5,236.0,0.330508,0.404762,0.0,2,0.203389830508475,0.0847457627118644,1.0,3.0,4.0,18.0,5.450000000000000
22101165,2022-04-02,JAZZ at WARRIORS,1691272.0,21565.0,1607.0,93.5,218.0,0.481651,0.543353,1.0,4,0.123853211009174,0.0871559633027523,9.0,6.0,15.0,4.0,6.575
22101166,2022-04-03,WIZARDS at CELTICS,235789.0,2618.0,304.0,96.0,246.0,0.378049,0.375723,1.0,1,0.109756097560976,0.146341463414634,12.0,3.0,15.0,42.0,4.875
22101167,2022-04-03,MAVERICKS at BUCKS,792950.0,6965.0,851.0,96.5,230.0,0.404348,0.45614,0.0,3,0.160869565217391,0.0434782608695652,10.0,5.0,15.0,6.0,4.55
22101168,2022-04-03,NUGGETS at LAKERS,1299196.0,10099.0,2227.0,102.0,247.0,0.218623,0.293103,0.0,1,0.149797570850202,0.125506072874494,10.0,3.0,13.0,11.0,5.6
22101169,2022-04-03,PISTONS at PACERS,45052.0,629.0,166.0,101.5,238.0,0.415966,0.409326,0.0,0,0.121848739495798,0.176470588235294,13.0,1.0,14.0,4.0,3.425
22101171,2022-04-03,KNICKS at MAGIC,67770.0,799.0,98.0,96.5,206.0,0.393204,0.494382,0.0,0,0.140776699029126,0.106796116504854,12.0,1.0,13.0,30.0,5.525
22101170,2022-04-03,76ERS at CAVALIERS,322439.0,2928.0,622.0,99.0,220.0,0.354545,0.405063,1.0,2,0.263636363636364,0.118181818181818,12.0,10.0,22.0,4.0,4.625
22101174,2022-04-03,SUNS at THUNDER,140698.0,1423.0,464.0,101.0,213.0,0.338028,0.448864,0.0,1,0.136150234741784,0.0657276995305164,9.0,3.0,12.0,21.0,4.05
22101175,2022-04-03,TRAIL BLAZERS at SPURS,72755.0,947.0,142.0,96.5,205.0,0.439024,0.517857,0.0,0,0.160975609756098,0.0878048780487805,8.0,0.0,8.0,21.0,3.675
22101173,2022-04-03,TIMBERWOLVES at ROCKETS,129191.0,1442.0,389.0,108.0,271.0,0.365314,0.473684,1.0,1,0.14760147601476,0.0959409594095941,23.0,0.0,23.0,7.0,4.475
22101172,2022-04-03,HEAT at RAPTORS,374475.0,3845.0,685.0,97.0,223.0,0.403587,0.475309,0.0,1,0.183856502242152,0.130044843049327,5.0,1.0,6.0,5.0,4.8
22101176,2022-04-03,WARRIORS at KINGS,848110.0,9878.0,476.0,95.5,199.0,0.346734,0.41875,0.0,2,0.160804020100503,0.105527638190955,5.0,0.0,5.0,19.0,6.925000000000000
22101177,2022-04-03,PELICANS at CLIPPERS,261246.0,2549.0,214.0,94.0,219.0,0.410959,0.373626,0.0,0,0.132420091324201,0.0639269406392694,7.0,6.0,13.0,19.0,4.35
22101178,2022-04-05,76ERS at PACERS,209575.0,2068.0,333.0,103.5,253.0,0.41502,0.43956,0.0,1,0.134387351778656,0.1699604743083,9.0,3.0,12.0,9.0,4.15
22101179,2022-04-05,CAVALIERS at MAGIC,56900.0,610.0,205.0,99.0,235.0,0.408511,0.396648,0.0,1,0.106382978723404,0.11063829787234,4.0,2.0,6.0,5.0,3.9500000000000000
22101182,2022-04-05,HAWKS at RAPTORS,181123.0,2059.0,272.0,97.5,226.0,0.30531,0.369231,1.0,2,0.128318584070796,0.0973451327433628,9.0,1.0,10.0,10.0,4.4
22101180,2022-04-05,ROCKETS at NETS,742094.0,7238.0,701.0,102.0,223.0,0.349776,0.432432,0.0,1,0.174887892376682,0.165919282511211,17.0,5.0,22.0,13.0,5.65
22101181,2022-04-05,HORNETS at HEAT,383575.0,3726.0,388.0,101.0,259.0,0.405405,0.473373,0.0,1,0.146718146718147,0.0772200772200772,,,,29.0,4.225
22101185,2022-04-05,TRAIL BLAZERS at THUNDER,30322.0,435.0,89.0,97.0,192.0,0.3125,0.371951,0.0,0,0.125,0.0989583333333333,17.0,0.0,17.0,4.0,3.575
22101184,2022-04-05,WIZARDS at TIMBERWOLVES,64435.0,724.0,87.0,105.5,246.0,0.329268,0.369792,0.0,1,0.101626016260163,0.126016260162602,17.0,1.0,18.0,18.0,3.75
22101183,2022-04-05,BUCKS at BULLS,380209.0,3246.0,463.0,102.0,233.0,0.270386,0.367568,1.0,3,0.15450643776824,0.137339055793991,6.0,3.0,9.0,21.0,4.950000000000000
22101186,2022-04-05,SPURS at NUGGETS,147481.0,1661.0,468.0,102.5,213.0,0.267606,0.315508,0.0,1,0.112676056338028,0.140845070422535,,,,19.0,3.95
22101187,2022-04-05,GRIZZLIES at JAZZ,359530.0,3346.0,414.0,105.06,236.0,0.317797,0.350254,0.0,2,0.224576271186441,0.148305084745763,10.0,1.0,11.0,6.0,3.475
22101188,2022-04-05,PELICANS at KINGS,58323.0,758.0,129.0,98.5,232.0,0.297414,0.335366,0.0,0,0.176724137931034,0.0948275862068966,,,,14.0,3.875
22101189,2022-04-05,LAKERS at SUNS,1008737.0,8541.0,2685.0,109.5,231.0,0.298701,0.361702,1.0,2,0.12987012987013,0.151515151515152,14.0,0.0,14.0,11.0,5.8
22101190,2022-04-06,MAVERICKS at PISTONS,210312.0,2282.0,336.0,97.0,244.0,0.319672,0.388889,0.0,1,0.237704918032787,0.102459016393443,8.0,2.0,10.0,18.0,4.225
22101191,2022-04-06,NETS at KNICKS,942991.0,10049.0,880.0,100.5,208.0,0.389423,0.448864,0.0,1,0.168269230769231,0.0865384615384615,9.0,2.0,11.0,12.0,6.55
22101192,2022-04-06,WIZARDS at HAWKS,114129.0,1170.0,112.0,98.0,221.0,0.352941,0.41573,0.0,1,0.113122171945701,0.108597285067873,10.0,0.0,10.0,15.0,4.275
22101193,2022-04-06,CELTICS at BULLS,382991.0,3519.0,432.0,97.5,211.0,0.341232,0.357143,0.0,3,0.146919431279621,0.104265402843602,9.0,0.0,9.0,23.0,5.65
22101194,2022-04-06,THUNDER at JAZZ,103126.0,1036.0,93.0,94.5,238.0,0.390756,0.41954,0.0,1,0.147058823529412,0.0714285714285714,13.0,1.0,14.0,36.0,3.625
22101195,2022-04-06,SUNS at CLIPPERS,675871.0,5712.0,972.0,105.0,222.0,0.391892,0.448087,0.0,0,0.193693693693694,0.0990990990990991,6.0,3.0,9.0,4.0,5.0
22101196,2022-04-07,MAGIC at HORNETS,167952.0,2043.0,212.0,107.0,229.0,0.353712,0.438503,0.0,1,0.131004366812227,,14.0,3.0,17.0,27.0,3.45
22101198,2022-04-07,CELTICS at BUCKS,556832.0,4666.0,775.0,103.5,248.0,0.423387,0.478261,0.0,2,0.116935483870968,,6.0,5.0,11.0,6.0,4.8
22101200,2022-04-07,TRAIL BLAZERS at PELICANS,57533.0,672.0,112.0,93.5,221.0,0.325792,0.419753,0.0,0,0.167420814479638,0.153846153846154,10.0,0.0,10.0,33.0,3.4750000000000000
22101199,2022-04-07,SPURS at TIMBERWOLVES,123115.0,1301.0,128.0,105.0,248.0,0.362903,0.437838,1.0,1,0.201612903225806,0.129032258064516,,,,6.0,3.475
22101201,2022-04-07,GRIZZLIES at NUGGETS,273613.0,2666.0,393.0,101.5,231.0,0.298701,0.343195,0.0,1,0.155844155844156,,10.0,1.0,11.0,13.0,3.7
22101202,2022-04-07,LAKERS at WARRIORS,1714798.0,16637.0,1394.0,106.5,240.0,0.3125,0.355556,0.0,2,0.1625,0.133333333333333,12.0,6.0,18.0,16.0,8.2
22101204,2022-04-08,KNICKS at WIZARDS,76876.0,1051.0,155.0,98.0,206.0,0.364078,0.426752,0.0,0,0.140776699029126,,7.0,2.0,9.0,22.0,5.875
22101203,2022-04-08,BUCKS at PISTONS,133322.0,1515.0,290.0,104.5,232.0,0.271552,0.445026,0.0,2,0.176724137931034,0.0862068965517241,12.0,7.0,19.0,30.0,3.775
22101206,2022-04-08,ROCKETS at RAPTORS,202244.0,2189.0,445.0,103.0,232.0,0.219828,0.327684,0.0,0,0.176724137931034,0.185344827586207,15.0,0.0,15.0,2.0,5.1
22101205,2022-04-08,CAVALIERS at NETS,730404.0,6947.0,713.0,93.0,225.0,0.266667,0.33908,0.0,2,0.173333333333333,0.08,11.0,1.0,12.0,11.0,4.975
22101208,2022-04-08,HORNETS at BULLS,351940.0,3242.0,397.0,94.5,250.0,0.384,0.380952,1.0,3,0.104,0.16,17.0,2.0,19.0,16.0,4.575
22101207,2022-04-08,HAWKS at HEAT,390567.0,3712.0,493.0,97.0,222.0,0.256757,0.375,0.0,1,0.175675675675676,0.121621621621622,5.0,4.0,9.0,4.0,4.700000000000000
22101209,2022-04-08,TRAIL BLAZERS at MAVERICKS,160390.0,1654.0,266.0,98.0,206.0,0.393204,0.475309,0.0,1,0.160194174757282,0.101941747572816,8.0,4.0,12.0,50.0,4.325
22101210,2022-04-08,SUNS at JAZZ,582000.0,5365.0,961.0,98.5,216.0,0.236111,0.316667,0.0,4,0.171296296296296,0.125,10.0,1.0,11.0,6.0,4.175
22101211,2022-04-08,THUNDER at LAKERS,448234.0,4499.0,683.0,100.5,221.0,0.20362,0.352941,0.0,0,0.199095022624434,0.117647058823529,14.0,1.0,15.0,19.0,5.25
22101214,2022-04-09,PACERS at 76ERS,355338.0,2939.0,401.0,103.0,253.0,0.26087,0.339286,1.0,1,0.193675889328063,0.122529644268775,8.0,1.0,9.0,13.0,4.15
22101213,2022-04-09,PELICANS at GRIZZLIES,420078.0,3519.0,344.0,106.0,255.0,0.282353,0.359116,0.0,1,0.168627450980392,0.141176470588235,12.0,0.0,12.0,27.0,3.25
22101215,2022-04-09,WARRIORS at SPURS,787166.0,9107.0,498.0,97.5,194.0,0.278351,0.391304,0.0,2,0.237113402061856,0.0876288659793814,3.0,5.0,8.0,6.0,6.550000000000000
22101212,2022-04-09,KINGS at CLIPPERS,196610.0,2053.0,156.0,99.5,215.0,0.390698,0.412791,0.0,0,0.125581395348837,0.0976744186046512,11.0,2.0,13.0,19.0,4.925000000000000
22101218,2022-04-10,BUCKS at CAVALIERS,233233.0,2148.0,541.0,104.5,248.0,0.375,0.373626,0.0,1,0.149193548387097,0.153225806451613,18.0,10.0,28.0,18.0,4.225
22101217,2022-04-10,WIZARDS at HORNETS,194607.0,2035.0,175.0,99.5,232.0,0.336207,0.306011,0.0,1,0.112068965517241,,12.0,3.0,15.0,16.0,3.8
22101221,2022-04-10,HAWKS at ROCKETS,126363.0,1457.0,231.0,97.5,244.0,0.467213,0.477273,0.0,1,0.139344262295082,0.110655737704918,,,,16.0,5.0
22101216,2022-04-10,PACERS at NETS,632855.0,5915.0,408.0,104.5,260.0,0.311538,0.367568,1.0,1,0.134615384615385,0.169230769230769,16.0,0.0,16.0,8.0,4.5
22101227,2022-04-10,HEAT at MAGIC,144695.0,1287.0,214.0,100.0,236.0,0.533898,0.583784,0.0,0,0.101694915254237,0.127118644067797,6.0,2.0,8.0,14.0,4.325000000000000
22101226,2022-04-10,RAPTORS at KNICKS,129359.0,1500.0,378.0,96.0,199.0,0.407035,0.47486,1.0,0,0.100502512562814,0.155778894472362,11.0,2.0,13.0,11.0,6.0
22101228,2022-04-10,PISTONS at 76ERS,114152.0,1094.0,156.0,96.5,224.0,0.214286,0.345029,0.0,0,0.178571428571429,0.138392857142857,10.0,3.0,13.0,12.0,4.175000000000000
22101223,2022-04-10,CELTICS at GRIZZLIES,322088.0,2838.0,581.0,102.5,249.0,0.39759,0.472637,0.0,1,0.120481927710843,0.14859437751004,12.0,0.0,12.0,29.0,4.35
22101224,2022-04-10,BULLS at TIMBERWOLVES,188794.0,2045.0,210.0,103.0,244.0,0.258197,0.298851,0.0,0,0.176229508196721,0.127049180327869,6.0,0.0,6.0,4.0,4.525
22101222,2022-04-10,THUNDER at CLIPPERS,66128.0,875.0,108.0,99.0,226.0,0.358407,0.353846,0.0,0,0.0752212389380531,0.141592920353982,3.0,3.0,6.0,50.0,4.45
22101219,2022-04-10,SPURS at MAVERICKS,188086.0,1759.0,174.0,100.0,250.0,0.372,0.385057,0.0,2,0.164,0.132,5.0,3.0,8.0,10.0,4.35
22101225,2022-04-10,WARRIORS at PELICANS,1008804.0,9772.0,622.0,95.5,235.0,0.421277,0.405556,0.0,1,0.0851063829787234,0.14468085106383,,,,21.0,6.35
22101229,2022-04-10,KINGS at SUNS,89829.0,890.0,167.0,99.0,225.0,0.373333,0.407821,1.0,0,0.146666666666667,0.0577777777777778,11.0,0.0,11.0,7.0,4.525
22101230,2022-04-10,JAZZ at TRAIL BLAZERS,76596.0,750.0,111.0,98.5,191.0,0.282723,0.424242,0.0,1,0.193717277486911,0.167539267015707,10.0,1.0,11.0,31.0,3.7
22101220,2022-04-10,LAKERS at NUGGETS,966114.0,9956.0,1479.0,103.25,287.0,0.324042,0.463918,0.0,0,0.24390243902439,0.146341463414634,14.0,3.0,17.0,5.0,5.6
22200001,2022-10-18,76ERS at CELTICS,1474762.0,17052.0,1290.0,97.5,243.0,0.308642,0.425926,0.0,3,0.189300411522634,0.106995884773663,5.0,4.0,9.0,9.0,5.2
22200002,2022-10-18,LAKERS at WARRIORS,5423056.0,66555.0,6311.0,113.5,232.0,0.336207,0.440415,0.0,2,0.155172413793103,0.189655172413793,7.0,1.0,8.0,14.0,8.2
22200003,2022-10-19,MAGIC at PISTONS,459166.0,5821.0,767.0,101.5,222.0,0.337838,0.377778,0.0,0,0.148648648648649,0.184684684684685,11.0,4.0,15.0,4.0,3.5
22200004,2022-10-19,WIZARDS at PACERS,179258.0,2402.0,264.0,104.5,221.0,0.352941,0.386243,0.0,1,0.149321266968326,0.167420814479638,12.0,1.0,13.0,7.0,3.825
22200005,2022-10-19,ROCKETS at HAWKS,520244.0,6208.0,506.0,106.0,224.0,0.214286,0.319149,1.0,0,0.151785714285714,0.169642857142857,,,,10.0,5.0
22200006,2022-10-19,PELICANS at NETS,1974133.0,22049.0,2719.0,102.0,238.0,0.277311,0.308901,1.0,3,0.151260504201681,0.130252100840336,6.0,1.0,7.0,22.0,4.450000000000000
22200007,2022-10-19,BULLS at HEAT,1289307.0,12691.0,1702.0,105.0,224.0,0.334821,0.369942,0.0,2,0.191964285714286,0.0714285714285714,9.0,3.0,12.0,8.0,5.450000000000000
22200008,2022-10-19,CAVALIERS at RAPTORS,637976.0,7578.0,806.0,99.0,213.0,0.323944,0.355828,1.0,2,0.197183098591549,0.126760563380282,8.0,2.0,10.0,3.0,4.425
22200011,2022-10-19,HORNETS at SPURS,199405.0,2282.0,336.0,106.0,231.0,0.25974,0.326425,0.0,0,0.151515151515152,0.108225108225108,13.0,1.0,14.0,27.0,3.5250000000000000
22200009,2022-10-19,KNICKS at GRIZZLIES,9672.0,156.0,50.0,96.45,227.0,0.343612,0.400922,1.0,2,0.127753303964758,0.176211453744493,6.0,0.0,6.0,3.0,5.35
22200009,2022-10-19,KNICKS at GRIZZLIES,1065845.0,11999.0,1019.0,96.45,227.0,0.343612,0.400922,1.0,2,0.127753303964758,0.176211453744493,6.0,0.0,6.0,3.0,5.35
22200010,2022-10-19,THUNDER at TIMBERWOLVES,385766.0,4286.0,474.0,106.0,223.0,0.32287,0.430052,0.0,2,0.201793721973094,0.121076233183857,9.0,0.0,9.0,7.0,3.375
22200012,2022-10-19,NUGGETS at JAZZ,473741.0,5899.0,771.0,102.5,225.0,0.28,0.361446,1.0,2,0.177777777777778,0.128888888888889,12.0,1.0,13.0,21.0,3.975
22200014,2022-10-19,TRAIL BLAZERS at KINGS,411393.0,4952.0,700.0,101.0,223.0,0.376682,0.416185,1.0,3,0.174887892376682,0.174887892376682,9.0,0.0,9.0,7.0,4.05
22200013,2022-10-19,MAVERICKS at SUNS,1667232.0,18808.0,2156.0,94.5,212.0,0.311321,0.35625,0.0,1,0.188679245283019,0.0849056603773585,6.0,2.0,8.0,2.0,4.8
22200015,2022-10-20,BUCKS at 76ERS,1287654.0,13526.0,1405.0,95.0,178.0,0.303371,0.39521,0.0,3,0.112359550561798,,,,,2.0,4.5
22200016,2022-10-20,CLIPPERS at LAKERS,2775760.0,29435.0,4025.0,105.0,200.0,0.27,0.425287,1.0,2,0.21,0.155,9.0,4.0,13.0,6.0,6.2
22200017,2022-10-21,PELICANS at HORNETS,453429.0,4843.0,619.0,103.5,236.0,0.266949,0.301075,0.0,1,0.182203389830508,,6.0,0.0,6.0,12.0,3.325
22200019,2022-10-21,BULLS at WIZARDS,303641.0,3654.0,504.0,98.0,202.0,0.252475,0.333333,0.0,1,0.183168316831683,0.0940594059405941,10.0,2.0,12.0,2.0,5.025
22200018,2022-10-21,SPURS at PACERS,105256.0,1456.0,199.0,112.0,271.0,0.309963,0.356757,0.0,1,0.195571955719557,0.14760147601476,11.0,5.0,16.0,3.0,3.55
22200022,2022-10-21,CELTICS at HEAT,609545.0,6585.0,671.0,95.0,215.0,0.306977,0.345029,0.0,3,0.125581395348837,0.0837209302325581,,,,7.0,5.3
22200021,2022-10-21,RAPTORS at NETS,1175558.0,13532.0,1300.0,95.5,214.0,0.336449,0.384146,1.0,3,0.149532710280374,,11.0,0.0,11.0,4.0,5.05
22200023,2022-10-21,PISTONS at KNICKS,214258.0,2894.0,407.0,104.0,236.0,0.317797,0.4,1.0,1,0.139830508474576,0.148305084745763,,,,24.0,5.475
22200020,2022-10-21,MAGIC at HAWKS,155804.0,2315.0,290.0,101.5,206.0,0.305825,0.384615,0.0,0,0.189320388349515,0.16504854368932,14.0,0.0,14.0,10.0,3.925
22200024,2022-10-21,GRIZZLIES at ROCKETS,987278.0,10936.0,972.0,102.5,251.0,0.418327,0.403141,0.0,1,0.151394422310757,0.107569721115538,10.0,3.0,13.0,7.0,4.45
22200025,2022-10-21,JAZZ at TIMBERWOLVES,533116.0,5670.0,884.0,102.34,258.0,0.360465,0.380734,0.0,2,0.12015503875969,,13.0,0.0,13.0,6.0,3.5
22200026,2022-10-21,NUGGETS at WARRIORS,1898364.0,20653.0,2405.0,107.0,251.0,0.358566,0.448276,0.0,2,0.179282868525896,,13.0,2.0,15.0,5.0,6.800000000000000
22200027,2022-10-21,SUNS at TRAIL BLAZERS,692490.0,7852.0,647.0,98.26,224.0,0.267857,0.318182,0.0,1,0.205357142857143,,7.0,5.0,12.0,2.0,4.125
22200028,2022-10-22,SPURS at 76ERS,285561.0,3210.0,914.0,94.0,219.0,0.356164,0.398844,0.0,1,0.150684931506849,0.132420091324201,9.0,2.0,11.0,9.0,4.300000000000000
22200029,2022-10-22,PISTONS at PACERS,115507.0,1696.0,246.0,102.5,239.0,0.426778,0.424242,1.0,1,0.171548117154812,0.121338912133891,11.0,4.0,15.0,9.0,3.425
22200030,2022-10-22,CELTICS at MAGIC,466800.0,5242.0,534.0,99.5,246.0,0.414634,0.445055,0.0,2,0.154471544715447,0.130081300813008,11.0,1.0,12.0,6.0,4.525
22200032,2022-10-22,CAVALIERS at BULLS,796286.0,7613.0,680.0,98.0,224.0,0.308036,0.331361,0.0,2,0.165178571428571,0.125,11.0,3.0,14.0,32.0,5.075000000000000
22200033,2022-10-22,ROCKETS at BUCKS,410997.0,4826.0,454.0,99.0,230.0,0.417391,0.382022,1.0,2,0.130434782608696,0.147826086956522,12.0,11.0,23.0,20.0,4.9
22200031,2022-10-22,RAPTORS at HEAT,334523.0,3446.0,491.0,95.0,221.0,0.339367,0.423313,0.0,2,0.208144796380091,0.0995475113122172,5.0,3.0,8.0,3.0,4.8
22200034,2022-10-22,GRIZZLIES at MAVERICKS,1755808.0,16578.0,2204.0,101.0,233.0,0.334764,0.426036,1.0,2,0.210300429184549,0.145922746781116,,,,41.0,4.1
22200035,2022-10-22,THUNDER at NUGGETS,177130.0,2129.0,371.0,103.5,239.0,0.439331,0.424581,0.0,2,0.150627615062762,0.096234309623431,6.0,0.0,6.0,5.0,3.85
22200036,2022-10-22,CLIPPERS at KINGS,484546.0,5433.0,666.0,98.5,220.0,0.313636,0.343373,0.0,3,0.159090909090909,0.104545454545455,10.0,1.0,11.0,2.0,4.925000000000000
22200037,2022-10-23,TRAIL BLAZERS at LAKERS,2169946.0,23433.0,4779.0,101.5,210.0,0.228571,0.340909,1.0,2,0.180952380952381,0.161904761904762,11.0,2.0,13.0,2.0,5.325
22200038,2022-10-23,HORNETS at HAWKS,302724.0,3040.0,267.0,101.0,235.0,0.242553,0.32973,0.0,0,0.187234042553191,0.0765957446808511,9.0,2.0,11.0,17.0,3.825
22200040,2022-10-23,JAZZ at PELICANS,967109.0,9930.0,1371.0,100.08,243.0,0.259259,0.325,1.0,2,0.164609053497942,,14.0,2.0,16.0,1.0,3.525
22200041,2022-10-23,TIMBERWOLVES at THUNDER,207581.0,1987.0,182.0,100.0,222.0,0.256757,0.412088,0.0,1,0.130630630630631,0.135135135135135,8.0,1.0,9.0,10.0,3.375
22200042,2022-10-23,KINGS at WARRIORS,1718224.0,20300.0,1212.0,110.5,255.0,0.294118,0.406417,0.0,3,0.180392156862745,0.215686274509804,10.0,4.0,14.0,5.0,6.925000000000000
22200043,2022-10-23,SUNS at CLIPPERS,837716.0,8164.0,694.0,97.5,207.0,0.347826,0.422857,0.0,1,0.120772946859903,0.0869565217391304,10.0,2.0,12.0,17.0,5.0
22200044,2022-10-24,PACERS at 76ERS,414701.0,4625.0,364.0,93.5,226.0,0.411504,0.511765,1.0,2,0.190265486725664,0.13716814159292,6.0,9.0,15.0,14.0,4.15
22200045,2022-10-24,RAPTORS at HEAT,298119.0,3207.0,384.0,97.0,188.0,0.351064,0.390533,0.0,2,0.212765957446809,,7.0,2.0,9.0,8.0,4.8
22200046,2022-10-24,MAGIC at KNICKS,320809.0,3388.0,417.0,98.0,217.0,0.248848,0.402235,0.0,1,0.188940092165899,0.0737327188940092,16.0,0.0,16.0,13.0,5.525
22200047,2022-10-24,CELTICS at BULLS,944500.0,10471.0,862.0,101.5,222.0,0.378378,0.368984,0.0,3,0.162162162162162,0.108108108108108,6.0,3.0,9.0,18.0,5.65
22200050,2022-10-24,SPURS at TIMBERWOLVES,204513.0,2366.0,413.0,103.0,221.0,0.271493,0.356021,1.0,1,0.131221719457014,0.171945701357466,7.0,1.0,8.0,9.0,3.475
22200049,2022-10-24,NETS at GRIZZLIES,2369733.0,24677.0,1993.0,98.0,258.0,0.290698,0.348066,0.0,3,0.174418604651163,0.12015503875969,16.0,2.0,18.0,10.0,4.4
22200048,2022-10-24,JAZZ at ROCKETS,704392.0,6572.0,477.0,99.5,222.0,0.297297,0.36612,0.0,1,0.162162162162162,0.0630630630630631,12.0,2.0,14.0,6.0,4.725
22200051,2022-10-24,NUGGETS at TRAIL BLAZERS,452156.0,5214.0,692.0,96.0,245.0,0.342857,0.37931,1.0,2,0.126530612244898,0.159183673469388,13.0,9.0,22.0,25.0,3.925
22200052,2022-10-25,PISTONS at WIZARDS,205762.0,2290.0,281.0,99.0,219.0,0.246575,0.352601,1.0,0,0.187214611872146,0.114155251141553,,,,21.0,3.85
22200053,2022-10-25,MAVERICKS at PELICANS,946579.0,8952.0,872.0,93.5,224.0,0.321429,0.417722,0.0,1,0.133928571428571,0.0758928571428571,11.0,3.0,14.0,2.0,4.15
22200054,2022-10-25,CLIPPERS at THUNDER,443078.0,4079.0,424.0,103.5,202.0,0.207921,0.316062,0.0,1,0.168316831683168,0.128712871287129,10.0,0.0,10.0,14.0,4.45
22200055,2022-10-25,WARRIORS at SUNS,2195999.0,22106.0,2003.0,103.5,239.0,0.276151,0.349727,1.0,1,0.171548117154812,0.104602510460251,,,,29.0,7.0
22200057,2022-10-26,HAWKS at PISTONS,189065.0,2327.0,278.0,99.0,231.0,0.285714,0.296703,0.0,0,0.151515151515152,0.0822510822510823,10.0,1.0,11.0,5.0,3.875
22200059,2022-10-26,76ERS at RAPTORS,371743.0,4132.0,729.0,93.5,228.0,0.421053,0.447853,1.0,2,0.105263157894737,0.201754385964912,12.0,4.0,16.0,10.0,4.7
22200056,2022-10-26,MAGIC at CAVALIERS,306024.0,3064.0,290.0,96.5,195.0,0.246154,0.339286,0.0,1,0.18974358974359,0.0512820512820513,17.0,1.0,18.0,11.0,3.9500000000000000
22200062,2022-10-26,SPURS at TIMBERWOLVES,167366.0,1714.0,237.0,105.0,256.0,0.421875,0.4,0.0,1,0.1171875,0.0546875,10.0,0.0,10.0,12.0,3.475
22200060,2022-10-26,NETS at BUCKS,1482957.0,14735.0,1737.0,103.5,209.0,0.244019,0.362069,0.0,4,0.220095693779904,0.129186602870813,4.0,1.0,5.0,11.0,4.85
22200058,2022-10-26,HORNETS at KNICKS,349301.0,3964.0,520.0,101.43,265.0,0.271698,0.311224,0.0,1,0.147169811320755,0.0641509433962264,9.0,0.0,9.0,3.0,5.425
22200061,2022-10-26,PACERS at BULLS,253788.0,2849.0,233.0,103.0,233.0,0.412017,0.404624,0.0,2,0.175965665236052,0.171673819742489,,,,15.0,4.6
22200063,2022-10-26,ROCKETS at JAZZ,419142.0,4521.0,460.0,108.5,210.0,0.342857,0.461957,0.0,1,0.180952380952381,0.157142857142857,12.0,3.0,15.0,8.0,4.725
22200065,2022-10-26,HEAT at TRAIL BLAZERS,581674.0,5778.0,411.0,96.5,217.0,0.373272,0.454545,0.0,2,0.15668202764977,0.19815668202765,13.0,5.0,18.0,21.0,4.375
22200064,2022-10-26,LAKERS at NUGGETS,1764886.0,14598.0,4300.0,103.5,209.0,0.244019,0.351648,1.0,2,0.133971291866029,0.253588516746412,14.0,0.0,14.0,11.0,5.6
22200067,2022-10-27,CLIPPERS at THUNDER,321483.0,2987.0,408.0,99.5,228.0,0.342105,0.372881,1.0,2,0.087719298245614,0.149122807017544,12.0,7.0,19.0,8.0,4.45
22200066,2022-10-27,MAVERICKS at NETS,1481622.0,16197.0,2211.0,97.36,254.0,0.377953,0.431034,0.0,3,0.21259842519685,0.161417322834646,5.0,0.0,5.0,4.0,5.3
22200069,2022-10-27,GRIZZLIES at KINGS,622950.0,5588.0,444.0,99.0,235.0,0.331915,0.405714,0.0,3,0.131914893617021,0.11063829787234,8.0,0.0,8.0,15.0,3.825
22200068,2022-10-27,HEAT at WARRIORS,2423416.0,26722.0,1765.0,100.0,233.0,0.412017,0.494444,0.0,2,0.133047210300429,0.133047210300429,11.0,9.0,20.0,13.0,7.25
22200071,2022-10-28,HORNETS  at MAGIC,147584.0,1705.0,310.0,100.5,206.0,0.305825,0.438596,0.0,0,0.169902912621359,0.106796116504854,12.0,2.0,14.0,20.0,3.45
22200070,2022-10-28,HAWKS at PISTONS,138799.0,1768.0,271.0,98.5,248.0,0.229839,0.333333,0.0,0,0.181451612903226,0.0564516129032258,12.0,5.0,17.0,24.0,3.875
22200073,2022-10-28,76ERS at RAPTORS,236985.0,2640.0,397.0,92.5,202.0,0.371287,0.458333,1.0,1,0.123762376237624,0.153465346534653,2.0,2.0,4.0,22.0,4.7
22200074,2022-10-28,PACERS at WIZARDS,83618.0,1222.0,146.0,101.0,244.0,0.331967,0.353293,0.0,1,0.217213114754098,0.069672131147541,7.0,6.0,13.0,10.0,3.825
22200072,2022-10-28,CAVALIERS at CELTICS,1193383.0,12346.0,1356.0,98.72,255.0,0.341176,0.402367,0.0,3,0.203921568627451,0.105882352941176,9.0,4.0,13.0,9.0,4.925
22200075,2022-10-28,KNICKS at BUCKS,409507.0,4541.0,372.0,104.0,227.0,0.330396,0.39604,1.0,3,0.193832599118943,0.154185022026432,11.0,5.0,16.0,11.0,5.8
22200076,2022-10-28,LAKERS at TIMBERWOLVES,1550817.0,12997.0,3431.0,108.5,213.0,0.309859,0.367021,0.0,2,0.164319248826291,0.178403755868545,4.0,0.0,4.0,9.0,5.125
22200077,2022-10-28,BULLS at SPURS,242896.0,2759.0,306.0,106.0,253.0,0.296443,0.351351,0.0,1,0.16600790513834,0.138339920948617,15.0,1.0,16.0,5.0,4.75
22200078,2022-10-28,JAZZ at NUGGETS,329694.0,3027.0,804.0,96.0,218.0,0.37156,0.431818,0.0,2,0.169724770642202,0.201834862385321,10.0,2.0,12.0,16.0,3.975
22200079,2022-10-28,PELICANS at SUNS,385644.0,3648.0,449.0,99.0,235.0,0.319149,0.393258,1.0,0,0.161702127659574,0.140425531914894,15.0,4.0,19.0,13.0,3.9500000000000000
22200081,2022-10-29,HEAT at KINGS,217941.0,2176.0,293.0,101.0,232.0,0.323276,0.357576,1.0,3,0.202586206896552,0.107758620689655,8.0,0.0,8.0,6.0,4.775
22200082,2022-10-29,WARRIORS at HORNETS,1446814.0,14442.0,1611.0,96.0,233.0,0.296137,0.371287,0.0,1,0.15450643776824,0.0429184549356223,6.0,4.0,10.0,7.0,6.375
22200083,2022-10-29,PACERS at NETS,598488.0,5870.0,1137.0,96.5,241.0,0.460581,0.482955,1.0,3,0.174273858921162,0.116182572614108,13.0,6.0,19.0,9.0,4.5
22200085,2022-10-29,HAWKS at BUCKS,474324.0,5893.0,954.0,101.0,238.0,0.340336,0.349462,0.0,2,0.130252100840336,0.0798319327731092,11.0,6.0,17.0,8.0,4.200000000000000
22200084,2022-10-29,76ERS at BULLS,451557.0,4339.0,445.0,101.5,223.0,0.336323,0.377358,0.0,2,0.2152466367713,0.0672645739910314,6.0,1.0,7.0,5.0,5.35
22200087,2022-10-29,GRIZZLIES at JAZZ,721077.0,7312.0,846.0,103.0,247.0,0.376518,0.405714,0.0,1,0.105263157894737,0.182186234817814,9.0,2.0,11.0,1.0,3.475
22200086,2022-10-29,THUNDER at MAVERICKS,355627.0,3868.0,503.0,97.81,228.0,0.171053,0.353261,0.0,2,0.223684210526316,,12.0,2.0,14.0,6.0,4.25
22200088,2022-10-30,PELICANS at CLIPPERS,1018518.0,8095.0,795.0,94.5,203.0,0.384236,0.418994,0.0,2,0.0640394088669951,0.16256157635468,10.0,4.0,14.0,21.0,4.35
22200089,2022-10-30,WIZARDS at CELTICS,294802.0,3049.0,207.0,97.0,206.0,0.407767,0.446328,0.0,2,0.145631067961165,0.0825242718446602,2.0,1.0,3.0,18.0,4.875
22200090,2022-10-30,KNICKS at CAVALIERS,589436.0,6100.0,865.0,98.5,229.0,0.432314,0.425414,1.0,2,0.104803493449782,0.183406113537118,11.0,4.0,15.0,13.0,5.925
22200091,2022-10-30,WARRIORS at PISTONS,1382615.0,12554.0,1387.0,103.0,242.0,0.322314,0.411429,0.0,1,0.239669421487603,0.0785123966942149,,,,14.0,6.425000000000000
22200092,2022-10-30,TIMBERWOLVES at SPURS,177599.0,2060.0,318.0,99.0,205.0,0.292683,0.372973,0.0,1,0.160975609756098,0.160975609756098,5.0,0.0,5.0,9.0,3.475
22200093,2022-10-30,MAGIC at MAVERICKS,447939.0,4434.0,478.0,91.5,219.0,0.30137,0.390244,0.0,1,0.187214611872146,0.091324200913242,4.0,1.0,5.0,9.0,4.275
22200094,2022-10-30,ROCKETS at SUNS,232569.0,2434.0,243.0,98.0,233.0,0.296137,0.432749,0.0,0,0.188841201716738,0.128755364806867,8.0,0.0,8.0,15.0,5.15
22200095,2022-10-30,NUGGETS at LAKERS,2625040.0,30532.0,3224.0,99.5,231.0,0.363636,0.364583,0.0,2,0.125541125541126,0.0995670995670996,9.0,1.0,10.0,11.0,5.6
22200097,2022-10-31,76ERS at WIZARDS,432870.0,3789.0,291.0,99.0,229.0,0.28821,0.335366,0.0,0,0.170305676855895,0.152838427947598,6.0,5.0,11.0,7.0,4.575
22200096,2022-10-31,KINGS at HORNETS,171284.0,1706.0,260.0,102.5,223.0,0.41704,0.431953,0.0,2,0.143497757847534,0.0807174887892377,7.0,5.0,12.0,7.0,3.9000000000000000
22200099,2022-10-31,HAWKS at RAPTORS,262897.0,2810.0,425.0,103.0,248.0,0.302419,0.357955,0.0,1,0.213709677419355,0.213709677419355,,,,30.0,4.4
22200098,2022-10-31,PACERS  at NETS,838682.0,7713.0,763.0,104.5,225.0,0.293333,0.413174,1.0,3,0.155555555555556,0.133333333333333,13.0,4.0,17.0,7.0,4.5
22200100,2022-10-31,PISTONS at BUCKS,395945.0,3818.0,387.0,99.0,218.0,0.261468,0.385475,1.0,2,0.188073394495413,0.100917431192661,11.0,1.0,12.0,2.0,3.775
22200101,2022-10-31,GRIZZLIES at JAZZ,1100489.0,9620.0,1059.0,104.0,226.0,0.331858,0.403315,0.0,2,0.18141592920354,0.0619469026548673,7.0,0.0,7.0,16.0,3.475
22200102,2022-10-31,ROCKETS at CLIPPERS,464189.0,5246.0,427.0,99.5,188.0,0.271277,0.365714,1.0,1,0.154255319148936,,16.0,3.0,19.0,2.0,5.550000000000000
22200103,2022-11-01,BULLS at NETS,1217572.0,10338.0,966.0,95.5,207.0,0.347826,0.380368,1.0,3,0.159420289855072,0.106280193236715,5.0,3.0,8.0,9.0,5.700000000000000
22200104,2022-11-01,WARRIORS at HEAT,1925374.0,18261.0,1884.0,97.5,225.0,0.453333,0.52907,0.0,2,0.146666666666667,0.0355555555555556,10.0,4.0,14.0,7.0,7.25
22200105,2022-11-01,MAGIC at THUNDER,210019.0,2127.0,254.0,107.5,224.0,0.267857,0.346154,0.0,1,0.160714285714286,0.0982142857142857,12.0,2.0,14.0,8.0,3.525
22200106,2022-11-01,TIMBERWOLVES at SUNS,396278.0,3424.0,440.0,99.0,223.0,0.403587,0.4375,0.0,1,0.165919282511211,0.0807174887892377,4.0,2.0,6.0,9.0,3.925
22200108,2022-11-02,WIZARDS at 76ERS,339517.0,3048.0,267.0,94.0,232.0,0.310345,0.351852,0.0,0,0.172413793103448,0.0560344827586207,5.0,5.0,10.0,10.0,4.575
22200110,2022-11-02,HAWKS at KNICKS,230294.0,2849.0,394.0,101.0,211.0,0.312796,0.35533,1.0,1,0.127962085308057,0.170616113744076,11.0,1.0,12.0,13.0,5.9
22200109,2022-11-02,KINGS at HEAT,263490.0,2946.0,338.0,96.5,217.0,0.331797,0.4,1.0,2,0.105990783410138,0.0829493087557604,7.0,3.0,10.0,3.0,4.775
22200114,2022-11-02,RAPTORS at SPURS,166538.0,1900.0,433.0,110.5,243.0,0.345679,0.38,1.0,1,0.111111111111111,0.218106995884774,15.0,2.0,17.0,43.0,4.1
22200111,2022-11-02,HORNETS  at BULLS,196179.0,2216.0,184.0,102.0,194.0,0.324742,0.35,0.0,1,0.128865979381443,0.195876288659794,10.0,1.0,11.0,18.0,4.575
22200107,2022-11-02,CELTICS at CAVALIERS,920413.0,9060.0,1161.0,99.62,227.0,0.290749,0.414508,0.0,3,0.198237885462555,0.145374449339207,11.0,4.0,15.0,1.0,4.925
22200113,2022-11-02,PISTONS at BUCKS,271765.0,2970.0,331.0,103.5,207.0,0.304348,0.403509,0.0,2,0.164251207729469,0.130434782608696,10.0,0.0,10.0,25.0,3.775
22200112,2022-11-02,CLIPPERS at ROCKETS,222176.0,2178.0,157.0,98.5,210.0,0.328571,0.412791,0.0,1,0.147619047619048,,12.0,2.0,14.0,8.0,5.550000000000000
22200115,2022-11-02,JAZZ at MAVERICKS,1056344.0,8525.0,718.0,92.5,203.0,0.310345,0.404762,1.0,2,0.0985221674876847,0.103448275862069,11.0,0.0,11.0,3.0,4.375
22200116,2022-11-02,GRIZZLIES at TRAIL BLAZERS,579523.0,4783.0,269.0,101.0,217.0,0.359447,0.354651,1.0,1,0.19815668202765,0.0875576036866359,9.0,4.0,13.0,5.0,3.425
22200117,2022-11-02,PELICANS at LAKERS,2923865.0,32235.0,3446.0,104.6,237.0,0.227848,0.305,1.0,2,0.147679324894515,0.156118143459916,17.0,2.0,19.0,3.0,5.15
22200118,2022-11-03,WARRIORS at MAGIC,1764561.0,16378.0,2295.0,104.0,259.0,0.370656,0.417143,0.0,1,0.166023166023166,0.0772200772200772,,,,1.0,6.475
22200119,2022-11-03,NUGGETS at THUNDER,355543.0,2995.0,252.0,102.5,232.0,0.310345,0.338983,1.0,2,0.120689655172414,0.129310344827586,11.0,0.0,11.0,12.0,3.85
22200120,2022-11-04,CAVALIERS at PISTONS,201872.0,2400.0,394.0,96.0,200.0,0.36,0.384146,1.0,0,0.13,0.105,12.0,5.0,17.0,24.0,3.9
22200123,2022-11-04,NETS at WIZARDS,508925.0,5428.0,617.0,97.5,214.0,0.308411,0.358382,0.0,1,0.149532710280374,0.0934579439252336,8.0,8.0,16.0,42.0,4.925
22200122,2022-11-04,KNICKS at 76ERS,212813.0,2230.0,340.0,104.0,210.0,0.314286,0.449438,0.0,1,0.19047619047619,0.19047619047619,12.0,2.0,14.0,2.0,6.2
22200121,2022-11-04,HEAT at PACERS,161028.0,1638.0,167.0,102.0,200.0,0.345,0.484472,0.0,2,0.205,0.17,6.0,10.0,16.0,2.0,4.25
22200124,2022-11-04,BULLS at CELTICS,471018.0,4510.0,441.0,103.5,242.0,0.247934,0.355422,0.0,3,0.223140495867769,0.0826446280991736,7.0,4.0,11.0,4.0,5.65
22200125,2022-11-04,HORNETS at GRIZZLIES,186068.0,1701.0,128.0,107.5,229.0,0.31441,0.342391,0.0,1,0.170305676855895,0.174672489082969,11.0,2.0,13.0,31.0,3.2750000000000000
22200126,2022-11-04,CLIPPERS at SPURS,171256.0,1849.0,196.0,100.5,219.0,0.369863,0.380952,1.0,1,0.10958904109589,0.141552511415525,7.0,1.0,8.0,7.0,4.550000000000000
22200127,2022-11-04,RAPTORS at MAVERICKS,430873.0,3973.0,559.0,96.5,221.0,0.312217,0.412121,1.0,2,0.190045248868778,0.144796380090498,9.0,1.0,10.0,1.0,4.75
22200128,2022-11-04,WARRIORS at PELICANS,1410377.0,10975.0,1420.0,99.0,219.0,0.328767,0.401316,0.0,1,0.19634703196347,0.136986301369863,17.0,6.0,23.0,9.0,6.35
22200130,2022-11-04,TRAIL BLAZERS at SUNS,217576.0,2561.0,538.0,95.0,214.0,0.336449,0.339286,0.0,0,0.149532710280374,,8.0,1.0,9.0,2.0,4.125
22200129,2022-11-04,BUCKS at TIMBERWOLVES,478552.0,5848.0,688.0,104.0,217.0,0.387097,0.446328,0.0,3,0.133640552995392,0.119815668202765,6.0,1.0,7.0,13.0,3.675
22200131,2022-11-04,JAZZ at LAKERS,2373122.0,19067.0,3094.0,96.5,246.0,0.341463,0.354839,1.0,2,0.138211382113821,0.150406504065041,,,,14.0,5.375
22200132,2022-11-05,KINGS at MAGIC,213090.0,2874.0,486.0,100.08,249.0,0.228916,0.340541,1.0,2,0.144578313253012,0.100401606425703,14.0,1.0,15.0,3.0,4.0
22200133,2022-11-05,NETS at HORNETS,888056.0,7433.0,845.0,93.5,192.0,0.40625,0.458824,0.0,1,0.1875,0.0989583333333333,7.0,0.0,7.0,4.0,4.475
22200135,2022-11-05,CELTICS at KNICKS,400041.0,3890.0,417.0,98.5,251.0,0.454183,0.438202,0.0,3,0.107569721115538,0.103585657370518,6.0,0.0,6.0,15.0,6.5
22200134,2022-11-05,PELICANS at HAWKS,453123.0,4346.0,439.0,102.79,245.0,0.195918,0.279621,0.0,1,0.16734693877551,0.146938775510204,13.0,2.0,15.0,3.0,3.8
22200136,2022-11-05,THUNDER at BUCKS,196373.0,2239.0,263.0,97.0,202.0,0.430693,0.471264,0.0,2,0.123762376237624,0.118811881188119,2.0,1.0,3.0,14.0,3.8
22200137,2022-11-05,ROCKETS at TIMBERWOLVES,128669.0,1345.0,125.0,103.0,246.0,0.378049,0.432927,0.0,1,0.150406504065041,0.138211382113821,12.0,2.0,14.0,12.0,4.475
22200138,2022-11-05,SPURS at NUGGETS,178845.0,1570.0,221.0,98.0,227.0,0.356828,0.353293,0.0,1,0.0704845814977974,0.149779735682819,11.0,3.0,14.0,25.0,3.95
22200139,2022-11-05,TRAIL BLAZERS at SUNS,230767.0,2177.0,329.0,95.0,184.0,0.293478,0.279503,0.0,0,0.195652173913044,0.119565217391304,6.0,3.0,9.0,20.0,4.125
22200140,2022-11-06,CAVALIERS at LAKERS,2381079.0,19435.0,2923.0,101.0,214.0,0.224299,0.345029,1.0,2,0.205607476635514,0.144859813084112,,,,14.0,5.675
22200141,2022-11-06,BULLS at RAPTORS,351379.0,3588.0,543.0,95.5,217.0,0.317972,0.382199,0.0,1,0.119815668202765,,15.0,1.0,16.0,9.0,5.15
22200142,2022-11-06,WIZARDS at GRIZZLIES,517626.0,3967.0,214.0,94.5,200.0,0.255,0.374332,0.0,1,0.115,0.15,4.0,2.0,6.0,6.0,3.725
22200143,2022-11-06,JAZZ at CLIPPERS,852843.0,7816.0,668.0,99.0,212.0,0.325472,0.450617,1.0,2,0.155660377358491,0.132075471698113,10.0,2.0,12.0,8.0,4.575
22200144,2022-11-07,WIZARDS at HORNETS,84904.0,1220.0,81.0,97.5,208.0,0.144231,0.281768,0.0,0,0.144230769230769,0.139423076923077,16.0,1.0,17.0,8.0,3.8
22200145,2022-11-07,ROCKETS at MAGIC,141890.0,1712.0,177.0,101.5,261.0,0.413793,0.431953,0.0,0,0.164750957854406,0.0842911877394636,15.0,1.0,16.0,7.0,4.625
22200146,2022-11-07,THUNDER at PISTONS,68066.0,1022.0,120.0,102.0,215.0,0.265116,0.338462,0.0,1,0.167441860465116,0.102325581395349,9.0,0.0,9.0,9.0,3.475
22200147,2022-11-07,PELICANS at PACERS,174066.0,1804.0,172.0,101.5,251.0,0.430279,0.448087,0.0,2,0.131474103585657,0.163346613545817,,,,7.0,3.3500000000000000
22200148,2022-11-07,SUNS at 76ERS,387674.0,3265.0,231.0,92.5,188.0,0.287234,0.333333,1.0,1,0.234042553191489,0.148936170212766,2.0,4.0,6.0,12.0,4.75
22200149,2022-11-07,BUCKS at HAWKS,451945.0,4781.0,776.0,102.5,215.0,0.334884,0.370968,0.0,2,0.125581395348837,,10.0,2.0,12.0,19.0,4.200000000000000
22200150,2022-11-07,TRAIL BLAZERS at HEAT,313891.0,3721.0,476.0,94.5,217.0,0.414747,0.487179,0.0,2,0.142857142857143,,9.0,1.0,10.0,3.0,4.375
22200151,2022-11-07,RAPTORS at BULLS,148884.0,1844.0,226.0,103.0,208.0,0.259615,0.339394,0.0,1,0.163461538461538,0.139423076923077,10.0,1.0,11.0,14.0,5.15
22200152,2022-11-07,CELTICS at GRIZZLIES,1262298.0,9388.0,739.0,100.0,215.0,0.376744,0.468208,0.0,3,0.13953488372093,0.12093023255814,8.0,1.0,9.0,3.0,4.35
22200153,2022-11-07,KNICKS at TIMBERWOLVES,155119.0,1715.0,301.0,104.0,227.0,0.396476,0.523529,0.0,2,0.18942731277533,0.158590308370044,7.0,0.0,7.0,13.0,5.375
22200155,2022-11-07,NETS at MAVERICKS,1216931.0,10701.0,1165.0,88.5,190.0,0.347368,0.375,1.0,2,0.178947368421053,0.0842105263157895,9.0,1.0,10.0,2.0,5.3
22200154,2022-11-07,NUGGETS at SPURS,111121.0,1254.0,116.0,103.0,224.0,0.267857,0.335294,0.0,1,0.107142857142857,0.151785714285714,9.0,2.0,11.0,6.0,3.95
22200157,2022-11-07,LAKERS at JAZZ,1375162.0,11698.0,1983.0,104.0,255.0,0.294118,0.350282,1.0,1,0.172549019607843,0.12156862745098,,,,23.0,5.375
22200156,2022-11-07,KINGS at WARRIORS,1798540.0,18740.0,2131.0,104.0,229.0,0.366812,0.435754,1.0,3,0.170305676855895,0.100436681222707,7.0,7.0,14.0,3.0,6.925000000000000
22200158,2022-11-07,CAVALIERS at CLIPPERS,597196.0,5965.0,738.0,98.5,236.0,0.419492,0.438272,0.0,2,0.156779661016949,0.105932203389831,12.0,6.0,18.0,2.0,4.875
22200161,2022-11-09,MAVERICKS at MAGIC,320984.0,3155.0,302.0,94.0,181.0,0.314917,0.398734,0.0,1,0.143646408839779,0.0994475138121547,9.0,1.0,10.0,7.0,4.275
22200159,2022-11-09,TRAIL BLAZERS at HORNETS,160569.0,1791.0,191.0,91.5,200.0,0.315,0.445783,0.0,1,0.155,0.17,12.0,1.0,13.0,10.0,3.5
22200160,2022-11-09,NUGGETS at PACERS,142883.0,1585.0,289.0,110.0,241.0,0.323651,0.380435,0.0,2,0.161825726141079,0.12448132780083,9.0,3.0,12.0,3.0,3.8
22200162,2022-11-09,JAZZ at HAWKS,622995.0,6336.0,703.0,104.5,244.0,0.307377,0.330049,0.0,1,0.118852459016393,0.118852459016393,9.0,1.0,10.0,6.0,4.025
22200165,2022-11-09,ROCKETS at RAPTORS,155452.0,1800.0,270.0,97.5,225.0,0.32,0.424731,1.0,0,0.191111111111111,0.186666666666667,14.0,4.0,18.0,7.0,5.1
22200163,2022-11-09,PISTONS at CELTICS,206620.0,2511.0,278.0,102.0,240.0,0.3125,0.446328,1.0,2,0.195833333333333,0.075,10.0,1.0,11.0,16.0,4.475
22200164,2022-11-09,KNICKS at NETS,489018.0,4693.0,566.0,100.0,197.0,0.395939,0.442529,0.0,2,0.157360406091371,0.131979695431472,5.0,4.0,9.0,27.0,6.55
22200167,2022-11-09,SUNS at TIMBERWOLVES,212248.0,1988.0,244.0,103.5,246.0,0.304878,0.354286,0.0,1,0.182926829268293,0.0934959349593496,13.0,0.0,13.0,12.0,3.925
22200166,2022-11-09,PELICANS at BULLS,456138.0,4191.0,396.0,102.5,226.0,0.132743,0.269006,1.0,2,0.194690265486726,0.150442477876106,10.0,0.0,10.0,4.0,4.55
22200169,2022-11-09,GRIZZLIES at SPURS,358269.0,3098.0,332.0,95.09,246.0,0.317073,0.352041,1.0,1,0.105691056910569,0.134146341463415,10.0,0.0,10.0,2.0,3.45
22200168,2022-11-09,BUCKS at THUNDER,235891.0,2968.0,350.0,97.66,268.0,0.391791,0.373272,0.0,1,0.123134328358209,0.0783582089552239,8.0,2.0,10.0,4.0,3.8
22200170,2022-11-09,LAKERS at CLIPPERS,1472937.0,11276.0,2062.0,101.5,215.0,0.306977,0.384615,0.0,2,0.144186046511628,0.134883720930233,8.0,2.0,10.0,13.0,6.2
22200171,2022-11-09,CAVALIERS at KINGS,288706.0,3060.0,406.0,98.0,247.0,0.340081,0.401235,1.0,3,0.190283400809717,,10.0,0.0,10.0,7.0,4.4
22200172,2022-11-10,MAVERICKS at WIZARDS,346094.0,3146.0,426.0,102.5,218.0,0.412844,0.452941,0.0,1,0.146788990825688,0.073394495412844,7.0,8.0,15.0,8.0,4.625
22200173,2022-11-10,76ERS at HAWKS,532189.0,4372.0,357.0,106.0,199.0,0.180905,0.327485,1.0,1,0.226130653266332,0.120603015075377,7.0,1.0,8.0,9.0,4.6
22200175,2022-11-10,TRAIL BLAZERS at PELICANS,366819.0,3259.0,368.0,95.0,201.0,0.328358,0.378049,0.0,1,0.194029850746269,,,,,11.0,3.4750000000000000
22200174,2022-11-10,HORNETS at HEAT,346783.0,3074.0,279.0,96.91,229.0,0.31441,0.421348,0.0,1,0.179039301310044,0.0611353711790393,10.0,3.0,13.0,5.0,4.225
22200177,2022-11-11,SUNS at MAGIC,217079.0,2118.0,284.0,93.0,211.0,0.398104,0.423729,0.0,0,0.0995260663507109,0.0568720379146919,7.0,0.0,7.0,17.0,4.075000000000000
22200176,2022-11-11,NUGGETS at CELTICS,624509.0,5641.0,546.0,93.0,243.0,0.345679,0.362637,0.0,3,0.127572016460905,,9.0,2.0,11.0,19.0,4.85
22200179,2022-11-11,RAPTORS at THUNDER,114622.0,1405.0,194.0,103.5,245.0,0.318367,0.364641,1.0,1,0.159183673469388,0.102040816326531,16.0,2.0,18.0,19.0,4.0
22200180,2022-11-11,BUCKS at SPURS,237204.0,2281.0,364.0,97.5,204.0,0.352941,0.404372,0.0,0,0.147058823529412,0.102941176470588,9.0,3.0,12.0,18.0,3.9
22200178,2022-11-11,PISTONS at KNICKS,122005.0,1406.0,166.0,100.0,233.0,0.218884,0.408046,0.0,1,0.248927038626609,0.0772532188841202,5.0,0.0,5.0,9.0,5.475
22200181,2022-11-11,TIMBERWOLVES at GRIZZLIES,662694.0,5312.0,428.0,94.5,217.0,0.235023,0.377246,0.0,2,0.175115207373272,0.0691244239631337,9.0,0.0,9.0,11.0,3.225
22200182,2022-11-11,CAVALIERS at WARRIORS,2582332.0,28404.0,2763.0,97.5,207.0,0.333333,0.37931,1.0,2,0.144927536231884,0.120772946859903,9.0,0.0,9.0,5.0,6.875
22200183,2022-11-11,KINGS at LAKERS,951025.0,7467.0,1921.0,99.5,234.0,0.282051,0.348571,0.0,2,0.162393162393162,,8.0,1.0,9.0,6.0,5.725
22200184,2022-11-12,NETS at CLIPPERS,1125007.0,9444.0,896.0,98.0,205.0,0.395122,0.392857,1.0,2,0.146341463414634,0.0682926829268293,5.0,6.0,11.0,15.0,5.5
22200185,2022-11-12,JAZZ at WIZARDS,378901.0,3313.0,240.0,101.0,233.0,0.386266,0.417582,0.0,1,0.11587982832618,,9.0,8.0,17.0,9.0,4.0
22200186,2022-11-12,CELTICS at PISTONS,299226.0,3041.0,438.0,98.5,225.0,0.453333,0.477778,1.0,1,0.173333333333333,0.0844444444444445,4.0,0.0,4.0,9.0,4.475
22200187,2022-11-12,RAPTORS at PACERS,98286.0,1141.0,206.0,101.5,222.0,0.351351,0.443182,0.0,1,0.18018018018018,0.135135135135135,9.0,4.0,13.0,14.0,3.95
22200188,2022-11-12,HAWKS at 76ERS,184217.0,2009.0,170.0,101.0,230.0,0.182609,0.284024,0.0,1,0.208695652173913,0.156521739130435,7.0,2.0,9.0,12.0,4.6
22200190,2022-11-12,TRAIL BLAZERS at MAVERICKS,563179.0,5526.0,428.0,95.0,229.0,0.353712,0.459627,0.0,2,0.209606986899563,0.0786026200873363,9.0,1.0,10.0,5.0,4.325
22200189,2022-11-12,HORNETS at HEAT,324602.0,3125.0,167.0,102.5,247.0,0.303644,0.393443,0.0,1,0.129554655870445,0.097165991902834,14.0,1.0,15.0,17.0,4.225
22200191,2022-11-12,ROCKETS at PELICANS,267680.0,2626.0,273.0,101.0,225.0,0.266667,0.393939,0.0,1,0.182222222222222,0.0888888888888889,10.0,2.0,12.0,13.0,4.5
22200192,2022-11-13,THUNDER at KNICKS,179143.0,1992.0,333.0,108.5,280.0,0.289286,0.335135,1.0,2,0.167857142857143,0.1,8.0,1.0,9.0,10.0,5.5
22200194,2022-11-13,GRIZZLIES at WIZARDS,186185.0,1686.0,157.0,99.5,194.0,0.43299,0.373626,0.0,0,0.0927835051546392,0.128865979381443,3.0,7.0,10.0,10.0,3.725
22200193,2022-11-13,TIMBERWOLVES at CAVALIERS,327048.0,3481.0,318.0,100.0,253.0,0.343874,0.339181,0.0,1,0.205533596837945,0.0790513833992095,10.0,7.0,17.0,5.0,3.8
22200195,2022-11-13,JAZZ at 76ERS,547424.0,5192.0,534.0,97.5,203.0,0.221675,0.338983,1.0,2,0.167487684729064,0.137931034482759,10.0,2.0,12.0,7.0,4.325
22200196,2022-11-13,NUGGETS at BULLS,275597.0,2065.0,231.0,100.5,229.0,0.248908,0.304348,1.0,2,0.148471615720524,0.104803493449782,7.0,2.0,9.0,23.0,5.0
22200197,2022-11-13,WARRIORS at KINGS,1106333.0,9824.0,1206.0,104.0,237.0,0.405063,0.464088,1.0,3,0.113924050632911,0.0928270042194093,8.0,2.0,10.0,7.0,6.925000000000000
22200198,2022-11-13,NETS at LAKERS,2510536.0,24060.0,2589.0,95.5,219.0,0.246575,0.315789,0.0,1,0.187214611872146,0.0821917808219178,10.0,0.0,10.0,13.0,6.3
22200200,2022-11-14,HORNETS at MAGIC,158207.0,1551.0,109.0,95.5,217.0,0.290323,0.403409,0.0,0,0.184331797235023,0.101382488479263,14.0,2.0,16.0,7.0,3.45
22200199,2022-11-14,RAPTORS at PISTONS,156071.0,1554.0,327.0,99.5,226.0,0.238938,0.36478,0.0,0,0.256637168141593,0.084070796460177,13.0,1.0,14.0,4.0,3.975
22200202,2022-11-14,SUNS at HEAT,704060.0,7605.0,759.0,91.0,225.0,0.386667,0.379121,0.0,1,0.106666666666667,,5.0,0.0,5.0,1.0,4.85
22200201,2022-11-14,THUNDER at CELTICS,432976.0,4417.0,534.0,112.5,248.0,0.254032,0.345361,1.0,3,0.165322580645161,0.165322580645161,11.0,4.0,15.0,4.0,4.5
22200204,2022-11-14,HAWKS at BUCKS,508578.0,4799.0,528.0,101.5,227.0,0.171806,0.281609,0.0,1,0.255506607929515,0.149779735682819,11.0,1.0,12.0,15.0,4.200000000000000
22200203,2022-11-14,CLIPPERS at ROCKETS,231799.0,2155.0,194.0,101.0,228.0,0.302632,0.407186,0.0,1,0.197368421052632,,12.0,1.0,13.0,16.0,5.550000000000000
22200205,2022-11-14,SPURS at WARRIORS,1484587.0,14109.0,1006.0,101.0,227.0,0.436123,0.452128,0.0,1,0.123348017621145,0.101321585903084,,,,37.0,6.550000000000000
22200206,2022-11-15,GRIZZLIES at PELICANS,789672.0,7053.0,752.0,98.5,215.0,0.376744,0.398907,0.0,2,0.12093023255814,0.106976744186047,11.0,3.0,14.0,11.0,3.25
22200207,2022-11-15,CLIPPERS at MAVERICKS,749148.0,7824.0,730.0,94.5,204.0,0.426471,0.493056,1.0,2,0.181372549019608,0.0931372549019608,1.0,1.0,2.0,2.0,5.2
22200208,2022-11-15,KNICKS at JAZZ,319210.0,2982.0,351.0,103.0,229.0,0.327511,0.426136,0.0,2,0.192139737991266,0.187772925764192,,,,7.0,5.625
22200210,2022-11-15,NETS at KINGS,541100.0,5124.0,993.0,109.0,274.0,0.339416,0.394286,0.0,3,0.186131386861314,0.131386861313869,11.0,1.0,12.0,32.0,5.025
22200209,2022-11-15,SPURS at TRAIL BLAZERS,137289.0,1780.0,334.0,97.5,227.0,0.317181,0.371951,0.0,1,0.145374449339207,0.101321585903084,7.0,5.0,12.0,7.0,3.675
22200212,2022-11-16,TIMBERWOLVES at MAGIC,156134.0,1687.0,173.0,101.0,234.0,0.269231,0.392265,0.0,1,0.158119658119658,0.166666666666667,17.0,1.0,18.0,18.0,3.4
22200213,2022-11-16,THUNDER at WIZARDS,132776.0,1736.0,241.0,101.0,241.0,0.410788,0.389222,0.0,1,0.132780082987552,,6.0,10.0,16.0,1.0,3.875
22200211,2022-11-16,PACERS at HORNETS,147849.0,1431.0,199.0,104.5,238.0,0.289916,0.346591,0.0,1,0.172268907563025,0.100840336134454,13.0,3.0,16.0,12.0,3.375
22200214,2022-11-16,CELTICS at HAWKS,417829.0,4255.0,451.0,102.0,227.0,0.370044,0.412698,1.0,2,0.0837004405286344,0.118942731277533,10.0,2.0,12.0,25.0,4.9
22200215,2022-11-16,HEAT at RAPTORS,227447.0,2394.0,388.0,93.5,216.0,0.277778,0.401316,0.0,0,0.166666666666667,,13.0,3.0,16.0,8.0,4.8
22200217,2022-11-16,BULLS at PELICANS,223050.0,1975.0,280.0,98.5,234.0,0.358974,0.373563,0.0,1,0.136752136752137,,9.0,3.0,12.0,14.0,4.55
22200216,2022-11-16,CAVALIERS at BUCKS,820275.0,6772.0,498.0,94.5,211.0,0.398104,0.394118,1.0,2,0.137440758293839,,10.0,7.0,17.0,15.0,4.225
22200218,2022-11-16,ROCKETS at MAVERICKS,197206.0,1943.0,395.0,98.0,193.0,0.341969,0.435028,1.0,0,0.202072538860104,0.160621761658031,6.0,0.0,6.0,9.0,5.35
22200219,2022-11-16,KNICKS at NUGGETS,269113.0,2614.0,473.0,94.0,209.0,0.315789,0.433735,1.0,1,0.196172248803828,0.157894736842105,8.0,2.0,10.0,3.0,5.85
22200220,2022-11-16,WARRIORS at SUNS,1620002.0,14144.0,2357.0,107.0,249.0,0.46988,0.460674,0.0,1,0.152610441767068,0.100401606425703,6.0,4.0,10.0,11.0,7.0
22200222,2022-11-17,SPURS at KINGS,139785.0,1711.0,230.0,99.0,242.0,0.285124,0.335329,0.0,2,0.128099173553719,0.148760330578512,9.0,2.0,11.0,18.0,4.075
22200221,2022-11-17,NETS at TRAIL BLAZERS,851834.0,8780.0,708.0,100.0,216.0,0.333333,0.377907,1.0,2,0.185185185185185,0.231481481481481,9.0,3.0,12.0,2.0,4.625
22200223,2022-11-17,PISTONS at CLIPPERS,248609.0,2522.0,187.0,97.0,187.0,0.272727,0.360947,1.0,1,0.203208556149733,,11.0,6.0,17.0,5.0,4.425000000000000
22200224,2022-11-18,HEAT at WIZARDS,156671.0,1727.0,161.0,97.81,213.0,0.366197,0.458763,0.0,0,0.164319248826291,0.0610328638497653,3.0,10.0,13.0,1.0,4.675
22200226,2022-11-18,BUCKS at 76ERS,579594.0,5180.0,551.0,102.0,212.0,0.353774,0.380952,0.0,3,0.117924528301887,0.0849056603773585,4.0,3.0,7.0,8.0,4.5
22200229,2022-11-18,THUNDER at GRIZZLIES,204461.0,1657.0,102.0,102.5,231.0,0.324675,0.386243,0.0,3,0.164502164502165,0.155844155844156,,,,11.0,3.35
22200227,2022-11-18,MAGIC at BULLS,140433.0,1634.0,433.0,97.5,215.0,0.237209,0.295181,1.0,1,0.186046511627907,,10.0,2.0,12.0,1.0,4.675
22200225,2022-11-18,HORNETS at CAVALIERS,194838.0,2165.0,207.0,96.0,254.0,0.259843,0.356436,0.0,1,0.181102362204724,,16.0,3.0,19.0,10.0,3.8500000000000000
22200231,2022-11-18,CELTICS at PELICANS,394028.0,3828.0,558.0,99.5,226.0,0.438053,0.47093,0.0,2,0.110619469026549,0.154867256637168,9.0,1.0,10.0,8.0,4.4
22200230,2022-11-18,NUGGETS at MAVERICKS,357118.0,3181.0,356.0,95.0,226.0,0.30531,0.371257,1.0,1,0.154867256637168,0.0929203539823009,10.0,2.0,12.0,28.0,4.6
22200228,2022-11-18,PACERS at ROCKETS,57957.0,802.0,101.0,97.0,190.0,0.284211,0.410714,1.0,1,0.252631578947368,0.115789473684211,,,,8.0,4.55
22200232,2022-11-18,SUNS at JAZZ,761088.0,7280.0,685.0,103.0,267.0,0.280899,0.32973,1.0,1,0.157303370786517,0.101123595505618,12.0,1.0,13.0,1.0,4.175
22200233,2022-11-18,KNICKS at WARRIORS,1360999.0,14206.0,771.0,102.5,212.0,0.382075,0.47191,0.0,2,0.202830188679245,0.188679245283019,7.0,3.0,10.0,10.0,8.45
22200234,2022-11-18,PISTONS at LAKERS,1852094.0,18208.0,1833.0,106.0,249.0,0.216867,0.317647,0.0,0,0.236947791164659,0.116465863453815,13.0,0.0,13.0,7.0,5.225
22200235,2022-11-19,RAPTORS at HAWKS,282268.0,3238.0,660.0,101.43,246.0,0.182927,0.31,0.0,0,0.17479674796748,0.17479674796748,19.0,0.0,19.0,2.0,4.4
22200236,2022-11-19,MAGIC at PACERS,125733.0,1415.0,186.0,97.5,227.0,0.449339,0.486188,0.0,1,0.145374449339207,,6.0,10.0,16.0,1.0,3.4750000000000000
22200237,2022-11-19,TIMBERWOLVES at 76ERS,314078.0,2710.0,361.0,104.5,221.0,0.352941,0.435897,0.0,2,0.212669683257919,0.122171945701357,5.0,4.0,9.0,3.0,4.075
22200238,2022-11-19,JAZZ at TRAIL BLAZERS,610277.0,6243.0,736.0,101.0,231.0,0.350649,0.465517,0.0,2,0.181818181818182,0.116883116883117,9.0,4.0,13.0,5.0,3.7
22200239,2022-11-19,SPURS at CLIPPERS,303806.0,2844.0,260.0,95.5,216.0,0.388889,0.392857,0.0,1,0.12962962962963,0.101851851851852,4.0,1.0,5.0,22.0,4.550000000000000
22200240,2022-11-20,KNICKS at SUNS,207307.0,2041.0,223.0,95.5,211.0,0.341232,0.344086,1.0,1,0.156398104265403,0.118483412322275,,,,21.0,6.05
22200241,2022-11-20,HORNETS at WIZARDS,115442.0,1259.0,97.0,101.5,208.0,0.302885,0.341969,0.0,0,0.139423076923077,0.0673076923076923,7.0,3.0,10.0,4.0,3.8
22200242,2022-11-20,PISTONS at KINGS,120436.0,1481.0,341.0,101.5,266.0,0.304511,0.367816,0.0,2,0.191729323308271,0.093984962406015,17.0,0.0,17.0,8.0,3.95
22200245,2022-11-20,WARRIORS at ROCKETS,1648174.0,20007.0,1828.0,102.0,247.0,0.473684,0.522727,0.0,1,0.137651821862348,0.137651821862348,,,,7.0,7.550000000000000
22200243,2022-11-20,GRIZZLIES at NETS,1026060.0,9063.0,949.0,105.0,242.0,0.347107,0.39011,0.0,2,0.115702479338843,0.15702479338843,,,,12.0,4.4
22200246,2022-11-20,NUGGETS at MAVERICKS,415295.0,3434.0,739.0,95.0,195.0,0.369231,0.442308,0.0,1,0.138461538461538,,6.0,2.0,8.0,1.0,4.6
22200247,2022-11-20,SPURS at LAKERS,1503166.0,14819.0,1770.0,104.0,215.0,0.265116,0.357895,0.0,0,0.111627906976744,0.13953488372093,15.0,1.0,16.0,31.0,5.35
22200249,2022-11-21,MAGIC at PACERS,90566.0,1097.0,129.0,100.5,225.0,0.32,0.473684,0.0,1,0.191111111111111,0.16,5.0,3.0,8.0,21.0,3.4750000000000000
22200248,2022-11-21,HAWKS at CAVALIERS,354431.0,3479.0,335.0,98.5,216.0,0.291667,0.33758,1.0,1,0.162037037037037,0.162037037037037,8.0,2.0,10.0,12.0,4.325000000000000
22200250,2022-11-21,CELTICS at BULLS,556547.0,5352.0,471.0,102.5,228.0,0.434211,0.448864,1.0,3,0.118421052631579,0.171052631578947,8.0,2.0,10.0,14.0,5.65
22200254,2022-11-21,KNICKS at THUNDER,121717.0,1391.0,177.0,103.5,248.0,0.229839,0.313514,0.0,2,0.165322580645161,0.0766129032258065,10.0,0.0,10.0,10.0,5.5
22200251,2022-11-21,TRAIL BLAZERS at BUCKS,329082.0,3101.0,164.0,103.0,230.0,0.221739,0.318436,0.0,2,0.134782608695652,0.126086956521739,11.0,3.0,14.0,8.0,3.875
22200253,2022-11-21,WARRIORS at PELICANS,1062708.0,8221.0,1526.0,102.0,211.0,0.35545,0.515152,1.0,1,0.151658767772512,0.151658767772512,10.0,3.0,13.0,45.0,6.35
22200252,2022-11-21,HEAT at TIMBERWOLVES,228448.0,2269.0,221.0,104.0,206.0,0.364078,0.485714,0.0,2,0.179611650485437,0.174757281553398,6.0,0.0,6.0,4.0,4.175
22200255,2022-11-21,JAZZ at CLIPPERS,635269.0,5509.0,438.0,98.5,235.0,0.268085,0.344444,0.0,1,0.170212765957447,0.140425531914894,8.0,3.0,11.0,7.0,4.575
22200256,2022-11-22,NETS at 76ERS,773582.0,6504.0,1037.0,94.0,221.0,0.339367,0.335196,0.0,2,0.0995475113122172,0.135746606334842,11.0,4.0,15.0,9.0,5.25
22200257,2022-11-22,KINGS at GRIZZLIES,446469.0,3909.0,523.0,108.0,222.0,0.310811,0.414365,0.0,4,0.175675675675676,0.135135135135135,10.0,1.0,11.0,4.0,3.825
22200258,2022-11-22,PISTONS at NUGGETS,139386.0,1304.0,240.0,96.0,218.0,0.178899,0.270115,0.0,1,0.13302752293578,0.197247706422018,11.0,0.0,11.0,2.0,3.825
22200259,2022-11-22,LAKERS at SUNS,1223181.0,9665.0,1302.0,109.0,220.0,0.272727,0.299465,0.0,0,0.145454545454545,0.122727272727273,,,,10.0,5.8
22200261,2022-11-23,TRAIL BLAZERS at CAVALIERS,276114.0,2642.0,214.0,89.5,210.0,0.357143,0.381579,0.0,1,0.157142857142857,0.133333333333333,11.0,7.0,18.0,18.0,4.0
22200260,2022-11-23,76ERS at HORNETS,118353.0,1341.0,98.0,101.5,208.0,0.216346,0.342697,0.0,0,0.139423076923077,0.100961538461538,9.0,0.0,9.0,6.0,4.125
22200262,2022-11-23,TIMBERWOLVES at PACERS,82195.0,1048.0,116.0,100.0,216.0,0.333333,0.381503,0.0,2,0.111111111111111,0.166666666666667,18.0,10.0,28.0,14.0,3.325
22200263,2022-11-23,KINGS at HAWKS,161951.0,1826.0,186.0,103.5,221.0,0.271493,0.337017,1.0,2,0.167420814479638,0.0723981900452489,11.0,0.0,11.0,9.0,4.375
22200266,2022-11-23,NETS at RAPTORS,496723.0,4261.0,504.0,97.5,210.0,0.342857,0.36612,1.0,2,0.114285714285714,0.223809523809524,17.0,5.0,22.0,14.0,5.05
22200265,2022-11-23,WIZARDS at HEAT,166178.0,1755.0,90.0,99.5,218.0,0.357798,0.434066,0.0,1,0.137614678899083,0.0779816513761468,9.0,2.0,11.0,8.0,4.675
22200264,2022-11-23,MAVERICKS at CELTICS,935024.0,7734.0,1147.0,97.5,237.0,0.35443,0.391566,0.0,3,0.130801687763713,0.0843881856540084,7.0,2.0,9.0,13.0,5.25
22200269,2022-11-23,PELICANS at SPURS,169612.0,1721.0,232.0,106.5,239.0,0.301255,0.401198,0.0,1,0.163179916317992,0.0753138075313808,10.0,2.0,12.0,19.0,3.5
22200267,2022-11-23,BULLS at BUCKS,441491.0,4480.0,441.0,103.5,231.0,0.38961,0.451977,0.0,3,0.142857142857143,0.134199134199134,,,,5.0,4.950000000000000
22200268,2022-11-23,NUGGETS at THUNDER,137707.0,1512.0,180.0,96.91,257.0,0.373541,0.421622,0.0,2,0.221789883268482,0.0739299610894942,2.0,1.0,3.0,5.0,3.85
22200270,2022-11-23,PISTONS at JAZZ,294724.0,2294.0,205.0,95.5,241.0,0.373444,0.377907,0.0,1,0.170124481327801,0.120331950207469,6.0,0.0,6.0,9.0,3.6
22200271,2022-11-23,CLIPPERS at WARRIORS,1343804.0,12651.0,787.0,102.0,231.0,0.38961,0.437158,0.0,1,0.116883116883117,0.121212121212121,15.0,5.0,20.0,17.0,7.4
22200272,2022-11-25,TIMBERWOLVES at HORNETS,155740.0,1898.0,188.0,108.5,218.0,0.233945,0.356757,0.0,1,0.178899082568807,0.123853211009174,12.0,0.0,12.0,2.0,3.3
22200273,2022-11-25,76ERS at MAGIC,136047.0,1446.0,126.0,94.0,206.0,0.334951,0.438272,1.0,0,0.179611650485437,,10.0,4.0,14.0,8.0,4.225
22200275,2022-11-25,KINGS at CELTICS,319489.0,3489.0,534.0,100.0,226.0,0.331858,0.429412,1.0,4,0.207964601769912,0.132743362831858,7.0,5.0,12.0,18.0,4.975
22200282,2022-11-25,LAKERS at SPURS,1377770.0,13120.0,1130.0,102.0,199.0,0.211055,0.327869,0.0,1,0.14572864321608,0.190954773869347,11.0,0.0,11.0,11.0,5.35
22200280,2022-11-25,CAVALIERS at BUCKS,626553.0,4960.0,390.0,96.0,219.0,0.369863,0.382353,1.0,3,0.182648401826484,0.19634703196347,14.0,4.0,18.0,15.0,4.225
22200279,2022-11-25,PELICANS at GRIZZLIES,744272.0,4972.0,351.0,101.5,243.0,0.345679,0.389831,1.0,3,0.193415637860082,0.135802469135802,13.0,2.0,15.0,21.0,3.25
22200274,2022-11-25,TRAIL BLAZERS at KNICKS,104347.0,1270.0,281.0,99.17,261.0,0.264368,0.384211,0.0,1,0.237547892720307,0.0727969348659004,10.0,1.0,11.0,3.0,5.575
22200277,2022-11-25,WASHINGTON at HEAT,140823.0,1686.0,130.0,97.5,217.0,0.248848,0.357143,0.0,1,0.161290322580645,0.101382488479263,9.0,1.0,10.0,3.0,4.675
22200276,2022-11-25,NETS at PACERS,400306.0,3565.0,457.0,105.0,245.0,0.330612,0.431034,0.0,3,0.155102040816327,0.110204081632653,,,,11.0,4.5
22200281,2022-11-25,BULLS at THUNDER,118083.0,1483.0,216.0,99.62,242.0,0.235537,0.316327,1.0,2,0.194214876033058,,6.0,4.0,10.0,4.0,4.65
22200278,2022-11-25,HAWKS at ROCKETS,276602.0,3575.0,671.0,105.0,250.0,0.324,0.43787,0.0,0,0.252,0.088,14.0,3.0,17.0,6.0,5.0
22200283,2022-11-25,PISTONS at SUNS,95232.0,1070.0,163.0,99.5,210.0,0.228571,0.307263,0.0,0,0.152380952380952,0.0619047619047619,12.0,1.0,13.0,6.0,4.025
22200284,2022-11-25,JAZZ at WARRIORS,1656526.0,16966.0,963.0,103.5,247.0,0.376518,0.454545,1.0,2,0.0809716599190283,0.186234817813765,13.0,10.0,23.0,11.0,6.575
22200285,2022-11-25,NUGGETS at CLIPPERS,206584.0,1770.0,181.0,93.0,218.0,0.288991,0.33121,0.0,1,0.160550458715596,0.0917431192660551,9.0,1.0,10.0,10.0,4.800000000000000
22200286,2022-11-26,MAVERICKS at RAPTORS,434042.0,3952.0,494.0,94.5,205.0,0.278049,0.403727,0.0,1,0.195121951219512,,8.0,2.0,10.0,5.0,4.75
22200287,2022-11-26,THUNDER at ROCKETS,154455.0,1854.0,356.0,105.5,223.0,0.376682,0.437158,0.0,1,0.130044843049327,0.165919282511211,8.0,4.0,12.0,13.0,4.6
22200288,2022-11-26,LAKERS at SPURS,1451457.0,14458.0,1426.0,107.5,281.0,0.373665,0.376344,0.0,1,0.163701067615658,0.209964412811388,,,,5.0,5.35
22200289,2022-11-26,JAZZ at SUNS,639153.0,4948.0,417.0,94.0,225.0,0.253333,0.315789,0.0,1,0.186666666666667,0.0355555555555556,8.0,3.0,11.0,1.0,4.175
22200290,2022-11-27,TRAIL BLAZERS at NETS,577584.0,5604.0,500.0,90.0,208.0,0.389423,0.433121,0.0,2,0.139423076923077,0.0913461538461538,7.0,0.0,7.0,14.0,4.625
22200291,2022-11-27,WARRIORS at TIMBERWOLVES,1552205.0,17654.0,1383.0,105.0,251.0,0.406375,0.468571,1.0,2,0.155378486055777,0.123505976095618,10.0,3.0,13.0,23.0,6.325
22200292,2022-11-27,PACERS at CLIPPERS,150593.0,1695.0,188.0,107.5,214.0,0.21028,0.393617,0.0,1,0.200934579439252,0.168224299065421,16.0,0.0,16.0,14.0,4.4
22200297,2022-11-27,76ERS at MAGIC,97444.0,1111.0,146.0,98.0,236.0,0.292373,0.429487,1.0,0,0.173728813559322,0.177966101694915,,,,30.0,4.225
22200294,2022-11-27,WIZARDS at CELTICS,260248.0,2747.0,311.0,94.0,251.0,0.2749,0.382716,0.0,1,0.207171314741036,0.0637450199203187,7.0,4.0,11.0,9.0,4.875
22200295,2022-11-27,CAVALIERS at PISTONS,182856.0,1836.0,145.0,93.0,196.0,0.244898,0.358974,0.0,1,0.214285714285714,0.0816326530612245,6.0,0.0,6.0,8.0,3.9
22200296,2022-11-27,GRIZZLIES at KNICKS,453172.0,3809.0,344.0,99.0,250.0,0.264,0.340659,0.0,3,0.192,,15.0,0.0,15.0,4.0,5.35
22200298,2022-11-27,MAVERICKS at BUCKS,929150.0,8370.0,807.0,98.0,239.0,0.426778,0.46988,0.0,3,0.112970711297071,0.108786610878661,12.0,4.0,16.0,9.0,4.55
22200299,2022-11-28,HAWKS at 76ERS,204879.0,2201.0,269.0,96.0,205.0,0.321951,0.34375,1.0,1,0.151219512195122,0.102439024390244,8.0,2.0,10.0,3.0,4.6
22200300,2022-11-28,TIMBERWOLVES at WIZARDS,92167.0,1089.0,131.0,103.5,269.0,0.245353,0.331429,0.0,1,0.219330855018587,0.107806691449814,18.0,2.0,20.0,15.0,3.75
22200303,2022-11-28,CAVALIERS at RAPTORS,187266.0,2023.0,318.0,92.5,188.0,0.303191,0.37931,0.0,2,0.143617021276596,0.196808510638298,7.0,3.0,10.0,12.0,4.425
22200301,2022-11-28,HORNETS at CELTICS,344542.0,3833.0,602.0,100.0,245.0,0.428571,0.452514,1.0,1,0.0653061224489796,0.130612244897959,9.0,6.0,15.0,35.0,4.425
22200302,2022-11-28,MAGIC at NETS,705846.0,6373.0,623.0,95.0,211.0,0.312796,0.36646,1.0,2,0.118483412322275,0.251184834123223,11.0,1.0,12.0,7.0,4.575000000000000
22200304,2022-11-28,THUNDER at PELICANS,219669.0,2083.0,216.0,102.0,206.0,0.305825,0.391061,0.0,2,0.189320388349515,,12.0,1.0,13.0,4.0,3.4
22200306,2022-11-28,BULLS at JAZZ,413791.0,3539.0,276.0,97.5,221.0,0.339367,0.398876,1.0,2,0.126696832579186,0.117647058823529,11.0,3.0,14.0,7.0,4.775
22200305,2022-11-28,ROCKETS at NUGGETS,134588.0,1377.0,195.0,97.0,242.0,0.347107,0.427746,1.0,1,0.148760330578512,0.0826446280991736,,,,16.0,4.95
22200307,2022-11-28,SUNS at KINGS,268434.0,2434.0,305.0,104.5,239.0,0.238494,0.313187,0.0,2,0.117154811715481,0.0878661087866109,10.0,1.0,11.0,5.0,4.525
22200308,2022-11-28,PACERS at LAKERS,1438714.0,13114.0,3100.0,102.5,231.0,0.363636,0.40404,0.0,2,0.16017316017316,,10.0,2.0,12.0,1.0,5.2
22200309,2022-11-29,KNICKS at PISTONS,159921.0,1597.0,183.0,102.0,250.0,0.348,0.413408,0.0,1,0.116,0.092,14.0,2.0,16.0,30.0,5.475
22200310,2022-11-29,WARRIORS at MAVERICKS,1784896.0,18354.0,2368.0,104.0,229.0,0.340611,0.486034,0.0,2,0.152838427947598,0.126637554585153,14.0,3.0,17.0,3.0,7.2
22200311,2022-11-29,CLIPPERS at TRAIL BLAZERS,284156.0,2636.0,325.0,96.0,230.0,0.391304,0.368715,1.0,0,0.147826086956522,0.134782608695652,3.0,6.0,9.0,6.0,4.525
22200313,2022-11-30,HAWKS at MAGIC,92706.0,1244.0,108.0,102.0,233.0,0.206009,0.34104,1.0,0,0.158798283261803,,11.0,1.0,12.0,17.0,3.925
22200312,2022-11-30,76ERS at CAVALIERS,278695.0,2661.0,270.0,92.0,198.0,0.318182,0.364238,0.0,2,0.116161616161616,0.101010101010101,,,,28.0,4.625
22200314,2022-11-30,HEAT at CELTICS,615787.0,6194.0,931.0,98.5,255.0,0.470588,0.491329,1.0,3,0.113725490196078,0.0941176470588235,,,,13.0,5.3
22200316,2022-11-30,BUCKS at KNICKS,275196.0,2893.0,331.0,95.5,212.0,0.226415,0.342105,0.0,3,0.160377358490566,0.080188679245283,10.0,0.0,10.0,6.0,5.8
22200315,2022-11-30,WIZARDS at NETS,521352.0,4734.0,378.0,100.5,220.0,0.231818,0.289017,0.0,2,0.213636363636364,0.109090909090909,12.0,0.0,12.0,6.0,4.925
22200319,2022-11-30,SPURS at THUNDER,46609.0,629.0,77.0,101.0,230.0,0.247826,0.344086,0.0,0,0.143478260869565,0.0826086956521739,10.0,5.0,15.0,8.0,3.6
22200318,2022-11-30,RAPTORS at PELICANS,204410.0,2197.0,430.0,104.5,234.0,0.320513,0.408046,0.0,2,0.14957264957265,0.111111111111111,15.0,3.0,18.0,18.0,3.9
22200317,2022-11-30,GRIZZLIES at TIMBERWOLVES,549440.0,4161.0,387.0,101.5,210.0,0.3,0.369318,0.0,3,0.157142857142857,,,,,8.0,3.225
22200320,2022-11-30,ROCKETS at NUGGETS,112006.0,1205.0,161.0,94.0,220.0,0.395455,0.426901,1.0,1,0.131818181818182,0.159090909090909,13.0,0.0,13.0,20.0,4.95
22200321,2022-11-30,BULLS at SUNS,339617.0,3395.0,411.0,104.0,245.0,0.232653,0.331429,0.0,1,0.187755102040816,0.106122448979592,8.0,2.0,10.0,19.0,5.200000000000000
22200322,2022-11-30,CLIPPERS at JAZZ,602011.0,4866.0,246.0,97.5,237.0,0.303797,0.356322,0.0,1,0.206751054852321,,10.0,4.0,14.0,13.0,4.575
22200323,2022-11-30,PACERS at KINGS,106614.0,1340.0,261.0,114.0,251.0,0.334661,0.410256,0.0,3,0.187250996015936,0.155378486055777,,,,23.0,3.925
22200324,2022-11-30,TRAIL BLAZERS at LAKERS,1621233.0,16638.0,1280.0,99.0,237.0,0.278481,0.326203,0.0,1,0.147679324894515,0.109704641350211,8.0,6.0,14.0,19.0,5.325
22200325,2022-12-01,MAVERICKS at PISTONS,510913.0,4536.0,717.0,96.45,256.0,0.398438,0.45,1.0,1,0.109375,0.05078125,,,,6.0,4.225
22200326,2022-12-02,WIZARDS at HORNETS,73377.0,946.0,102.0,94.0,233.0,0.309013,0.342541,0.0,0,0.218884120171674,0.0901287553648069,7.0,0.0,7.0,1.0,3.8
22200327,2022-12-02,NUGGETS at HAWKS,114939.0,1326.0,192.0,96.0,226.0,0.292035,0.346821,1.0,1,0.0707964601769912,0.115044247787611,11.0,0.0,11.0,8.0,4.25
22200330,2022-12-02,MAGIC at CAVALIERS,150468.0,1630.0,163.0,92.5,203.0,0.35468,0.393939,0.0,1,0.083743842364532,0.123152709359606,10.0,1.0,11.0,11.0,3.9500000000000000
22200329,2022-12-02,RAPTORS at NETS,449130.0,4397.0,472.0,101.0,219.0,0.246575,0.331361,1.0,3,0.168949771689498,0.118721461187215,9.0,0.0,9.0,9.0,5.05
22200331,2022-12-02,LAKERS at BUCKS,3318570.0,37980.0,4841.0,99.5,262.0,0.320611,0.363158,0.0,3,0.114503816793893,0.099236641221374,14.0,5.0,19.0,4.0,5.55
22200333,2022-12-02,PELICANS at SPURS,108908.0,1260.0,214.0,104.0,216.0,0.319444,0.426316,0.0,1,0.171296296296296,,11.0,1.0,12.0,18.0,3.5
22200328,2022-12-02,HEAT at CELTICS,626808.0,6134.0,1102.0,100.98,236.0,0.330508,0.425532,0.0,3,0.14406779661017,0.122881355932203,7.0,7.0,14.0,4.0,5.3
22200332,2022-12-02,76ERS at GRIZZLIES,508088.0,3449.0,216.0,100.0,226.0,0.331858,0.335106,0.0,3,0.163716814159292,0.146017699115044,8.0,0.0,8.0,8.0,4.050000000000000
22200334,2022-12-02,ROCKETS at SUNS,196520.0,2657.0,704.0,99.5,243.0,0.308642,0.36747,0.0,0,0.197530864197531,0.156378600823045,9.0,4.0,13.0,1.0,5.15
22200335,2022-12-02,PACERS at JAZZ,273093.0,2547.0,128.0,115.5,258.0,0.313953,0.388571,0.0,2,0.228682170542636,0.124031007751938,10.0,1.0,11.0,20.0,3.575
22200336,2022-12-02,BULLS at WARRIORS,1471487.0,15044.0,876.0,108.5,230.0,0.378261,0.427778,0.0,2,0.134782608695652,0.134782608695652,6.0,5.0,11.0,8.0,7.6
22200337,2022-12-03,MAVERICKS at KNICKS,381626.0,3549.0,303.0,102.0,221.0,0.461538,0.519774,0.0,2,0.14027149321267,0.126696832579186,5.0,0.0,5.0,21.0,6.25
22200338,2022-12-03,KINGS at CLIPPERS,192688.0,1773.0,200.0,101.0,219.0,0.273973,0.357143,1.0,2,0.187214611872146,0.114155251141553,8.0,5.0,13.0,27.0,4.925000000000000
22200339,2022-12-03,BUCKS at HORNETS,192815.0,1807.0,144.0,105.0,201.0,0.253731,0.329412,0.0,0,0.189054726368159,0.0995024875621891,2.0,1.0,3.0,9.0,3.7250000000000000
22200340,2022-12-03,MAGIC at RAPTORS,160406.0,1530.0,236.0,98.5,229.0,0.262009,0.351852,0.0,1,0.170305676855895,0.161572052401747,11.0,3.0,14.0,13.0,4.025
22200341,2022-12-03,THUNDER at TIMBERWOLVES,131767.0,1403.0,197.0,113.5,263.0,0.239544,0.307692,0.0,2,0.197718631178707,0.178707224334601,5.0,0.0,5.0,7.0,3.375
22200342,2022-12-03,ROCKETS at WARRIORS,1310786.0,14097.0,921.0,97.0,221.0,0.38009,0.454545,0.0,1,0.104072398190045,0.158371040723982,12.0,8.0,20.0,19.0,7.550000000000000
22200343,2022-12-03,TRAIL BLAZERS at JAZZ,362536.0,3034.0,267.0,99.0,227.0,0.303965,0.360947,0.0,1,0.202643171806167,,5.0,1.0,6.0,5.0,3.7
22200344,2022-12-04,NUGGETS at PELICANS,356270.0,3586.0,447.0,100.5,227.0,0.251101,0.351852,0.0,2,0.193832599118943,0.110132158590308,8.0,2.0,10.0,15.0,3.75
22200345,2022-12-04,SUNS at SPURS,128846.0,1373.0,324.0,99.0,228.0,0.328947,0.375691,0.0,0,0.12719298245614,0.0833333333333333,9.0,0.0,9.0,38.0,4.15
22200346,2022-12-04,CELTICS at NETS,1322629.0,10750.0,1402.0,97.0,195.0,0.369231,0.387879,0.0,4,0.169230769230769,0.2,4.0,0.0,4.0,11.0,5.55
22200349,2022-12-04,LAKERS at WIZARDS,2091249.0,24336.0,2890.0,107.5,249.0,0.240964,0.323383,1.0,1,0.108433734939759,0.100401606425703,20.0,2.0,22.0,11.0,5.625
22200348,2022-12-04,CAVALIERS at KNICKS,217745.0,2196.0,206.0,99.0,173.0,0.225434,0.378698,0.0,2,0.184971098265896,0.167630057803468,10.0,0.0,10.0,11.0,5.925
22200350,2022-12-04,BULLS at KINGS,183378.0,1941.0,249.0,103.0,211.0,0.312796,0.395349,1.0,3,0.156398104265403,0.180094786729858,,,,9.0,5.125
22200347,2022-12-04,GRIZZLIES at PISTONS,316957.0,2492.0,127.0,102.5,234.0,0.358974,0.397727,0.0,2,0.196581196581197,0.141025641025641,,,,10.0,3.325
22200351,2022-12-04,PACERS at TRAIL BLAZERS,159054.0,1775.0,96.0,98.5,216.0,0.375,0.412429,0.0,1,0.115740740740741,0.226851851851852,11.0,7.0,18.0,16.0,3.525
22200352,2022-12-05,CLIPPERS at HORNETS,292574.0,3021.0,278.0,98.5,236.0,0.34322,0.366492,0.0,1,0.105932203389831,,10.0,1.0,11.0,2.0,4.375
22200353,2022-12-05,BUCKS at MAGIC,234121.0,2298.0,194.0,103.0,211.0,0.298578,0.404494,1.0,2,0.218009478672986,0.132701421800948,6.0,1.0,7.0,7.0,3.8250000000000000
22200354,2022-12-05,THUNDER at HAWKS,93802.0,1220.0,183.0,108.5,235.0,0.319149,0.365482,1.0,1,0.153191489361702,0.148936170212766,15.0,2.0,17.0,7.0,3.9
22200355,2022-12-05,CELTICS at RAPTORS,346591.0,3440.0,460.0,98.0,226.0,0.30531,0.365714,1.0,3,0.163716814159292,0.146017699115044,9.0,0.0,9.0,6.0,5.0
22200357,2022-12-05,HEAT at GRIZZLIES,361361.0,2763.0,173.0,95.5,194.0,0.340206,0.426036,0.0,1,0.134020618556701,,6.0,2.0,8.0,8.0,4.15
22200358,2022-12-05,SUNS at MAVERICKS,757304.0,7020.0,1047.0,97.0,241.0,0.410788,0.445714,1.0,1,0.16597510373444,0.0788381742738589,6.0,3.0,9.0,19.0,4.8
22200356,2022-12-05,76ERS at ROCKETS,372780.0,3597.0,406.0,91.86,255.0,0.364706,0.414365,1.0,1,0.243137254901961,0.0156862745098039,4.0,3.0,7.0,9.0,5.300000000000000
22200359,2022-12-05,PACERS at WARRIORS,1075639.0,9657.0,989.0,100.0,216.0,0.388889,0.451087,1.0,1,0.12037037037037,0.12962962962963,10.0,9.0,19.0,8.0,6.4
22200360,2022-12-06,LAKERS at CAVALIERS,1658511.0,13729.0,1958.0,99.0,218.0,0.178899,0.346154,0.0,2,0.151376146788991,,12.0,1.0,13.0,14.0,5.675
22200361,2022-12-06,PISTONS at HEAT,185420.0,1681.0,208.0,95.5,212.0,0.410377,0.445122,0.0,1,0.14622641509434,0.132075471698113,4.0,0.0,4.0,20.0,4.275
22200362,2022-12-06,MAVERICKS at NUGGETS,547674.0,5068.0,440.0,98.0,231.0,0.38961,0.453333,0.0,2,0.212121212121212,0.142857142857143,8.0,3.0,11.0,1.0,4.6
22200363,2022-12-07,CLIPPERS at MAGIC,146947.0,1618.0,229.0,93.74,227.0,0.303965,0.363158,0.0,1,0.202643171806167,,15.0,1.0,16.0,5.0,4.475
22200364,2022-12-07,HORNETS at NETS,598520.0,5486.0,377.0,97.0,238.0,0.277311,0.316092,0.0,2,0.100840336134454,0.109243697478992,15.0,0.0,15.0,6.0,4.475
22200366,2022-12-07,LAKERS at RAPTORS,790118.0,5754.0,882.0,107.5,239.0,0.238494,0.393782,0.0,1,0.217573221757322,0.213389121338912,,,,13.0,5.75
22200365,2022-12-07,HAWKS at KNICKS,146036.0,1606.0,235.0,93.5,202.0,0.341584,0.428571,1.0,1,0.202970297029703,0.0594059405940594,,,,24.0,5.9
22200369,2022-12-07,KINGS at BUCKS,254372.0,2390.0,158.0,96.0,239.0,0.32636,0.379679,0.0,4,0.146443514644351,0.0753138075313808,7.0,5.0,12.0,13.0,4.275
22200368,2022-12-07,THUNDER at GRIZZLIES,370530.0,3127.0,183.0,105.0,225.0,0.373333,0.408602,1.0,3,0.146666666666667,0.12,12.0,2.0,14.0,21.0,3.35
22200371,2022-12-07,PISTONS at PELICANS,216178.0,2167.0,298.0,99.5,202.0,0.341584,0.394286,1.0,1,0.153465346534653,0.0742574257425743,11.0,1.0,12.0,6.0,3.375
22200367,2022-12-07,WIZARDS at BULLS,110938.0,1402.0,111.0,106.5,226.0,0.252212,0.310345,0.0,1,0.154867256637168,0.119469026548673,10.0,0.0,10.0,4.0,5.025
22200370,2022-12-07,PACERS at TIMBERWOLVES,86875.0,1057.0,111.0,105.5,236.0,0.34322,0.373563,0.0,2,0.182203389830508,0.165254237288136,12.0,0.0,12.0,6.0,3.325
22200372,2022-12-07,WARRIORS at JAZZ,1569618.0,15214.0,2317.0,103.5,247.0,0.352227,0.418478,0.0,0,0.145748987854251,,15.0,0.0,15.0,1.0,6.575
22200373,2022-12-07,CELTICS at SUNS,827014.0,7858.0,1337.0,106.0,223.0,0.32287,0.396907,0.0,2,0.121076233183857,0.062780269058296,7.0,1.0,8.0,27.0,5.05
22200374,2022-12-08,CLIPPERS at HEAT,488194.0,4357.0,361.0,97.0,225.0,0.386667,0.4,1.0,2,0.133333333333333,0.0888888888888889,8.0,4.0,12.0,5.0,5.25
22200375,2022-12-08,ROCKETS at SPURS,124143.0,1286.0,140.0,98.5,227.0,0.303965,0.359116,0.0,0,0.105726872246696,0.110132158590308,10.0,2.0,12.0,9.0,4.7
22200376,2022-12-08,NUGGETS at TRAIL BLAZERS,376421.0,4200.0,420.0,97.5,241.0,0.348548,0.384615,0.0,2,0.128630705394191,,9.0,6.0,15.0,1.0,3.925
22200379,2022-12-09,RAPTORS at MAGIC,80647.0,964.0,245.0,97.5,222.0,0.27027,0.391026,0.0,1,0.207207207207207,0.166666666666667,8.0,2.0,10.0,4.0,4.025
22200377,2022-12-09,KNICKS at HORNETS,120502.0,1430.0,150.0,98.0,223.0,0.255605,0.338983,0.0,1,0.2152466367713,0.139013452914798,16.0,0.0,16.0,19.0,5.425
22200378,2022-12-09,WIZARDS at PACERS,56765.0,737.0,63.0,91.5,232.0,0.362069,0.432099,1.0,1,0.155172413793103,0.116379310344828,6.0,3.0,9.0,10.0,3.825
22200380,2022-12-09,HAWKS at NETS,595792.0,6548.0,489.0,103.0,236.0,0.292373,0.335227,1.0,2,0.13135593220339,0.169491525423729,7.0,2.0,9.0,4.0,4.950000000000000
22200381,2022-12-09,KINGS at CAVALIERS,164615.0,1830.0,302.0,96.5,201.0,0.38806,0.434483,1.0,1,0.18407960199005,,7.0,2.0,9.0,11.0,4.4
22200383,2022-12-09,PISTONS at GRIZZLIES,194279.0,1762.0,79.0,105.0,217.0,0.276498,0.370166,1.0,2,0.170506912442396,,,,,11.0,3.325
22200382,2022-12-09,LAKERS at 76ERS,1242388.0,9996.0,1428.0,102.79,255.0,0.341176,0.398876,1.0,2,0.164705882352941,,,,,11.0,5.95
22200384,2022-12-09,SUNS at PELICANS,877292.0,9336.0,1783.0,100.0,245.0,0.367347,0.403409,0.0,1,0.151020408163265,0.130612244897959,16.0,1.0,17.0,11.0,3.9500000000000000
22200385,2022-12-09,TIMBERWOLVES at JAZZ,343334.0,2597.0,156.0,100.0,226.0,0.358407,0.467456,0.0,1,0.163716814159292,0.079646017699115,9.0,4.0,13.0,10.0,3.5
22200386,2022-12-09,BUCKS at MAVERICKS,909877.0,8981.0,1394.0,97.0,211.0,0.341232,0.411429,1.0,3,0.137440758293839,,10.0,0.0,10.0,1.0,4.55
22200387,2022-12-10,SPURS at HEAT,107922.0,1203.0,173.0,96.0,226.0,0.265487,0.345912,1.0,1,0.194690265486726,,6.0,4.0,10.0,4.0,4.4
22200389,2022-12-10,CLIPPERS at WIZARDS,257655.0,2590.0,252.0,100.5,221.0,0.475113,0.458101,0.0,1,0.144796380090498,0.171945701357466,,,,7.0,4.825
22200388,2022-12-10,NETS at PACERS,349187.0,3729.0,558.0,105.0,269.0,0.334572,0.389189,0.0,1,0.152416356877323,0.156133828996283,9.0,3.0,12.0,3.0,4.5
22200390,2022-12-10,THUNDER at CAVALIERS,126169.0,1363.0,92.0,95.5,212.0,0.311321,0.363095,0.0,1,0.160377358490566,0.10377358490566,8.0,1.0,9.0,8.0,3.925
22200391,2022-12-10,MAVERICKS at BULLS,288915.0,2854.0,528.0,101.0,259.0,0.34749,0.445714,0.0,1,0.150579150579151,0.142857142857143,15.0,1.0,16.0,29.0,5.4
22200392,2022-12-10,CELTICS at WARRIORS,2137958.0,21907.0,2380.0,103.5,230.0,0.326087,0.441341,1.0,3,0.152173913043478,0.130434782608696,6.0,4.0,10.0,16.0,7.45
22200393,2022-12-10,JAZZ at NUGGETS,287974.0,2200.0,174.0,96.5,225.0,0.306667,0.391813,1.0,1,0.133333333333333,0.142222222222222,10.0,0.0,10.0,5.0,3.975
22200394,2022-12-10,TIMBERWOLVES at TRAIL BLAZERS,205134.0,2295.0,187.0,99.0,242.0,0.285124,0.343373,0.0,2,0.177685950413223,0.0867768595041322,,,,6.0,3.45
22200395,2022-12-11,SUNS at PELICANS,999283.0,10034.0,1467.0,95.55,253.0,0.249012,0.329843,0.0,1,0.134387351778656,0.118577075098814,9.0,2.0,11.0,5.0,3.9500000000000000
22200399,2022-12-11,HORNETS at 76ERS,185900.0,1853.0,195.0,101.5,244.0,0.295082,0.323864,0.0,1,0.213114754098361,0.168032786885246,11.0,2.0,13.0,18.0,4.125
22200396,2022-12-11,LAKERS at PISTONS,1687375.0,15555.0,1137.0,100.0,241.0,0.348548,0.40113,0.0,1,0.145228215767635,0.107883817427386,6.0,5.0,11.0,7.0,5.225
22200397,2022-12-11,KINGS at KNICKS,144340.0,1588.0,220.0,103.0,211.0,0.255924,0.430233,0.0,2,0.222748815165877,0.0663507109004739,7.0,1.0,8.0,13.0,5.975
22200398,2022-12-11,RAPTORS at MAGIC,102514.0,1102.0,228.0,92.5,210.0,0.285714,0.368421,0.0,1,0.276190476190476,0.104761904761905,6.0,0.0,6.0,12.0,4.025
22200401,2022-12-11,BUCKS at ROCKETS,321169.0,3919.0,562.0,98.0,189.0,0.285714,0.38674,1.0,2,0.132275132275132,0.158730158730159,17.0,1.0,18.0,5.0,4.9
22200400,2022-12-11,BULLS at HAWKS,232974.0,3125.0,422.0,101.89,245.0,0.244898,0.333333,1.0,1,0.142857142857143,,18.0,2.0,20.0,1.0,5.05
22200403,2022-12-12,NETS at WIZARDS,613314.0,5464.0,379.0,101.0,212.0,0.268868,0.345238,1.0,2,0.14622641509434,0.141509433962264,5.0,2.0,7.0,12.0,4.925
22200402,2022-12-12,HEAT at PACERS,179308.0,1960.0,177.0,93.5,169.0,0.35503,0.450617,0.0,2,0.171597633136095,0.106508875739645,2.0,2.0,4.0,5.0,4.25
22200406,2022-12-12,CAVALIERS at SPURS,170682.0,1832.0,244.0,97.5,223.0,0.188341,0.26455,0.0,1,0.121076233183857,0.0717488789237668,12.0,0.0,12.0,1.0,4.025
22200405,2022-12-12,THUNDER at MAVERICKS,332807.0,3099.0,292.0,99.5,235.0,0.408511,0.469613,0.0,2,0.174468085106383,0.11063829787234,7.0,1.0,8.0,7.0,4.25
22200407,2022-12-12,TIMBERWOLVES at TRAIL BLAZERS,183155.0,1935.0,179.0,106.0,245.0,0.379592,0.401099,0.0,2,0.106122448979592,0.16734693877551,12.0,7.0,19.0,21.0,3.45
22200408,2022-12-12,CELTICS at CLIPPERS,871063.0,7929.0,952.0,98.0,206.0,0.276699,0.385542,0.0,3,0.160194174757282,,3.0,2.0,5.0,20.0,5.45
22200409,2022-12-13,KINGS at 76ERS,214218.0,2229.0,201.0,104.5,226.0,0.345133,0.4375,0.0,3,0.168141592920354,0.194690265486726,6.0,0.0,6.0,20.0,4.675000000000000
22200410,2022-12-13,WARRIORS at BUCKS,1351798.0,11414.0,1199.0,108.0,239.0,0.401674,0.446328,0.0,2,0.171548117154812,0.096234309623431,1.0,10.0,11.0,17.0,6.75
22200411,2022-12-13,SUNS at ROCKETS,253656.0,2606.0,368.0,100.5,208.0,0.360577,0.467391,0.0,0,0.235576923076923,0.201923076923077,8.0,1.0,9.0,14.0,5.15
22200412,2022-12-13,PELICANS at JAZZ,468166.0,4141.0,235.0,105.5,221.0,0.257919,0.377551,0.0,2,0.135746606334842,0.0995475113122172,11.0,1.0,12.0,21.0,3.525
22200413,2022-12-13,CELTICS at LAKERS,1810713.0,16623.0,2657.0,100.98,240.0,0.3375,0.390863,1.0,3,0.1375,0.175,12.0,3.0,15.0,4.0,6.25
22200416,2022-12-14,HAWKS at MAGIC,127484.0,1499.0,266.0,102.5,259.0,0.324324,0.392265,0.0,0,0.189189189189189,0.0888030888030888,11.0,1.0,12.0,11.0,3.925
22200415,2022-12-14,WARRIORS at PACERS,710562.0,5587.0,919.0,108.5,244.0,0.368852,0.416185,0.0,2,0.188524590163934,0.135245901639344,5.0,4.0,9.0,6.0,6.4
22200414,2022-12-14,PISTONS at HORNETS,177457.0,2010.0,230.0,101.43,275.0,0.381818,0.439614,0.0,0,0.181818181818182,,7.0,8.0,15.0,7.0,3.4000000000000000
22200417,2022-12-14,KINGS at RAPTORS,116989.0,1427.0,263.0,102.0,247.0,0.279352,0.358289,1.0,3,0.161943319838057,0.190283400809717,8.0,3.0,11.0,1.0,4.475
22200420,2022-12-14,TRAIL BLAZERS at SPURS,90995.0,1066.0,117.0,98.0,240.0,0.3625,0.38764,0.0,1,0.0958333333333333,0.129166666666667,9.0,8.0,17.0,16.0,3.675
22200419,2022-12-14,HEAT at THUNDER,182068.0,1969.0,213.0,98.5,218.0,0.454128,0.47619,0.0,2,0.13302752293578,,6.0,1.0,7.0,2.0,4.3
22200418,2022-12-14,KNICKS at BULLS,226492.0,2366.0,472.0,94.19,248.0,0.326613,0.354286,1.0,2,0.157258064516129,0.120967741935484,12.0,1.0,13.0,8.0,6.65
22200421,2022-12-14,CAVALIERS at MAVERICKS,636336.0,5158.0,543.0,88.0,195.0,0.323077,0.407895,0.0,2,0.174358974358974,0.0358974358974359,11.0,0.0,11.0,15.0,4.675
22200422,2022-12-14,WIZARDS at NUGGETS,117606.0,1354.0,199.0,109.5,269.0,0.256506,0.316092,0.0,1,0.156133828996283,0.148698884758364,18.0,1.0,19.0,13.0,4.225
22200423,2022-12-14,TIMBERWOLVES at CLIPPERS,364984.0,3226.0,215.0,98.0,187.0,0.28877,0.417178,1.0,2,0.20855614973262,0.117647058823529,7.0,0.0,7.0,11.0,4.325
22200425,2022-12-15,BUCKS at GRIZZLIES,1001203.0,8102.0,995.0,102.5,243.0,0.308642,0.418367,0.0,3,0.148148148148148,0.168724279835391,5.0,0.0,5.0,41.0,3.65
22200424,2022-12-15,HEAT at ROCKETS,278472.0,2950.0,225.0,97.5,219.0,0.342466,0.43956,0.0,0,0.127853881278539,0.100456621004566,13.0,4.0,17.0,3.0,5.4
22200426,2022-12-15,PELICANS at JAZZ,663735.0,6192.0,616.0,96.91,261.0,0.344828,0.403141,0.0,2,0.203065134099617,0.0766283524904215,9.0,3.0,12.0,3.0,3.525
22200427,2022-12-15,SUNS at CLIPPERS,284422.0,2334.0,307.0,94.0,206.0,0.305825,0.351351,0.0,0,0.140776699029126,0.0970873786407767,7.0,1.0,8.0,16.0,5.0
22200428,2022-12-16,HAWKS at HORNETS,167023.0,1630.0,186.0,98.5,231.0,0.38961,0.416185,0.0,0,0.177489177489178,0.103896103896104,9.0,6.0,15.0,19.0,3.825
22200429,2022-12-16,KINGS at PISTONS,72614.0,873.0,135.0,100.5,235.0,0.280851,0.359281,0.0,2,0.208510638297872,0.102127659574468,9.0,5.0,14.0,9.0,3.95
22200432,2022-12-16,WARRIORS at 76ERS,1024682.0,7496.0,653.0,103.0,224.0,0.428571,0.452514,0.0,1,0.160714285714286,0.142857142857143,6.0,7.0,13.0,12.0,7.15
22200430,2022-12-16,MAGIC at CELTICS,337806.0,3132.0,617.0,103.0,226.0,0.265487,0.451429,1.0,2,0.230088495575221,0.0663716814159292,13.0,2.0,15.0,8.0,4.525
22200433,2022-12-16,NETS at RAPTORS,581642.0,7250.0,988.0,95.5,235.0,0.229787,0.3125,0.0,3,0.182978723404255,0.127659574468085,11.0,3.0,14.0,3.0,5.05
22200431,2022-12-16,PACERS at CAVALIERS,150261.0,1741.0,163.0,92.5,230.0,0.326087,0.429487,0.0,2,0.195652173913044,0.126086956521739,8.0,5.0,13.0,6.0,3.875
22200434,2022-12-16,KNICKS at BULLS,146760.0,1713.0,363.0,99.0,205.0,0.42439,0.43787,1.0,2,0.146341463414634,0.15609756097561,2.0,0.0,2.0,23.0,6.65
22200435,2022-12-16,TIMBERWOLVES at THUNDER,71253.0,804.0,115.0,103.0,222.0,0.310811,0.354286,0.0,2,0.13963963963964,,10.0,2.0,12.0,2.0,3.375
22200436,2022-12-16,TRAIL BLAZERS at MAVERICKS,315666.0,3835.0,265.0,99.5,240.0,0.3875,0.470588,0.0,2,0.170833333333333,0.129166666666667,11.0,1.0,12.0,20.0,4.325
22200437,2022-12-16,NUGGETS at LAKERS,2189265.0,20095.0,1697.0,103.5,234.0,0.269231,0.348837,0.0,2,0.166666666666667,0.205128205128205,15.0,2.0,17.0,18.0,5.6
22200438,2022-12-17,WIZARDS at CLIPPERS,302790.0,3002.0,319.0,97.5,195.0,0.323077,0.317647,0.0,0,0.143589743589744,0.21025641025641,7.0,2.0,9.0,9.0,4.825
22200439,2022-12-17,HEAT at SPURS,162128.0,1781.0,146.0,97.5,212.0,0.29717,0.358491,1.0,1,0.193396226415094,0.132075471698113,11.0,2.0,13.0,10.0,4.4
22200442,2022-12-17,JAZZ at BUCKS,387136.0,3066.0,173.0,95.5,220.0,0.463636,0.482955,0.0,2,0.0545454545454545,0.05,7.0,5.0,12.0,26.0,3.925
22200441,2022-12-17,TRAIL BLAZERS at ROCKETS,95402.0,1157.0,72.0,95.0,202.0,0.237624,0.371429,1.0,1,0.168316831683168,0.0940594059405941,9.0,2.0,11.0,12.0,4.675
22200443,2022-12-17,GRIZZLIES at THUNDER,138175.0,1348.0,237.0,106.5,224.0,0.415179,0.494505,0.0,2,0.21875,0.0535714285714286,7.0,1.0,8.0,6.0,3.35
22200440,2022-12-17,MAVERICKS at CAVALIERS,350105.0,3467.0,314.0,91.02,199.0,0.331658,0.467033,0.0,1,0.125628140703518,,5.0,3.0,8.0,1.0,4.675
22200444,2022-12-17,PELICANS at SUNS,614304.0,5485.0,1115.0,94.5,232.0,0.375,0.44375,1.0,1,0.150862068965517,0.0560344827586207,3.0,2.0,5.0,4.0,3.9500000000000000
22200445,2022-12-18,MAGIC at CELTICS,312726.0,2794.0,673.0,101.5,187.0,0.385027,0.434286,1.0,1,0.18716577540107,0.155080213903743,7.0,0.0,7.0,3.0,4.525
22200446,2022-12-18,KNICKS at PACERS,132202.0,1714.0,270.0,98.5,215.0,0.293023,0.369942,0.0,2,0.176744186046512,0.158139534883721,10.0,6.0,16.0,3.0,5.45
22200447,2022-12-18,NETS at PISTONS,660360.0,6678.0,562.0,98.5,245.0,0.281633,0.35119,1.0,2,0.204081632653061,0.118367346938776,10.0,2.0,12.0,3.0,4.525
22200448,2022-12-18,WARRIORS at RAPTORS,953887.0,9457.0,582.0,97.0,236.0,0.394068,0.409091,1.0,1,0.165254237288136,0.0974576271186441,6.0,6.0,12.0,16.0,6.95
22200449,2022-12-18,BULLS at TIMBERWOLVES,156538.0,1633.0,276.0,101.0,276.0,0.423913,0.462857,1.0,2,0.11231884057971,0.0543478260869565,,,,24.0,4.525
22200450,2022-12-18,HORNETS at NUGGETS,187855.0,2081.0,368.0,106.5,234.0,0.294872,0.373684,0.0,1,0.183760683760684,0.162393162393162,13.0,1.0,14.0,4.0,3.7750000000000000
22200451,2022-12-18,WIZARDS at LAKERS,1642650.0,17386.0,1617.0,103.0,236.0,0.266949,0.352941,1.0,1,0.148305084745763,0.148305084745763,18.0,2.0,20.0,2.0,5.625
22200452,2022-12-19,JAZZ at CAVALIERS,331235.0,3055.0,197.0,101.0,221.0,0.339367,0.368098,1.0,2,0.171945701357466,0.14027149321267,17.0,4.0,21.0,23.0,4.05
22200453,2022-12-19,RAPTORS at 76ERS,181855.0,1747.0,250.0,92.83,205.0,0.380488,0.488095,0.0,2,0.2,0.151219512195122,4.0,1.0,5.0,3.0,4.7
22200454,2022-12-19,MAGIC at HAWKS,153934.0,1552.0,268.0,100.5,251.0,0.286853,0.349206,1.0,0,0.163346613545817,,9.0,1.0,10.0,1.0,3.925
22200455,2022-12-19,SPURS at ROCKETS,63345.0,761.0,85.0,100.5,229.0,0.28821,0.327684,0.0,0,0.152838427947598,,13.0,1.0,14.0,19.0,4.7
22200456,2022-12-19,MAVERICKS at TIMBERWOLVES,227149.0,2063.0,424.0,97.0,222.0,0.418919,0.460606,0.0,2,0.202702702702703,0.0855855855855856,6.0,1.0,7.0,10.0,4.125
22200458,2022-12-19,TRAIL BLAZERS at THUNDER,118620.0,1635.0,161.0,100.5,244.0,0.331967,0.386364,0.0,2,0.200819672131148,0.0942622950819672,12.0,5.0,17.0,2.0,3.575
22200457,2022-12-19,BUCKS at PELICANS,748085.0,6502.0,696.0,105.0,247.0,0.376518,0.472222,0.0,3,0.17004048582996,0.097165991902834,,,,9.0,3.7000000000000000
22200459,2022-12-19,LAKERS at SUNS,1065922.0,7050.0,1014.0,96.5,234.0,0.410256,0.372222,0.0,0,0.136752136752137,,4.0,0.0,4.0,26.0,5.8
22200460,2022-12-19,HORNETS at KINGS,101895.0,1498.0,173.0,106.5,244.0,0.270492,0.336842,1.0,2,0.139344262295082,0.110655737704918,16.0,0.0,16.0,6.0,3.9000000000000000
22200461,2022-12-20,JAZZ at PISTONS,229097.0,1943.0,115.0,95.5,237.0,0.367089,0.408046,0.0,1,0.135021097046414,0.0506329113924051,15.0,1.0,16.0,15.0,3.6
22200462,2022-12-20,BULLS at HEAT,264291.0,2532.0,159.0,95.0,216.0,0.388889,0.487013,1.0,2,0.148148148148148,0.0462962962962963,5.0,1.0,6.0,10.0,5.450000000000000
22200463,2022-12-20,WARRIORS at KNICKS,835136.0,6805.0,910.0,97.0,226.0,0.384956,0.465839,0.0,1,0.163716814159292,0.0929203539823009,11.0,0.0,11.0,38.0,8.45
22200464,2022-12-20,WIZARDS at SUNS,200152.0,1777.0,258.0,96.5,223.0,0.32287,0.349112,0.0,0,0.183856502242152,0.0941704035874439,12.0,2.0,14.0,3.0,4.425
22200465,2022-12-20,GRIZZLIES at NUGGETS,534153.0,4384.0,735.0,100.5,196.0,0.229592,0.311765,1.0,3,0.147959183673469,0.137755102040816,18.0,0.0,18.0,14.0,3.7
22200467,2022-12-21,PISTONS at 76ERS,107432.0,1241.0,133.0,103.0,206.0,0.247573,0.348837,0.0,1,0.218446601941748,0.140776699029126,,,,20.0,4.175000000000000
22200466,2022-12-21,BUCKS at CAVALIERS,450697.0,4131.0,643.0,98.0,220.0,0.313636,0.369048,0.0,3,0.168181818181818,0.0954545454545455,10.0,5.0,15.0,8.0,4.225
22200470,2022-12-21,WARRIORS at NETS,1222034.0,10672.0,1348.0,104.0,256.0,0.386719,0.39521,0.0,1,0.12890625,0.13671875,15.0,1.0,16.0,30.0,7.5
22200469,2022-12-21,PACERS at CELTICS,258160.0,2469.0,514.0,103.0,229.0,0.406114,0.40201,1.0,3,0.122270742358079,0.165938864628821,14.0,1.0,15.0,5.0,4.45
22200471,2022-12-21,RAPTORS at KNICKS,168397.0,1823.0,537.0,89.5,219.0,0.273973,0.352941,1.0,2,0.141552511415525,0.132420091324201,8.0,0.0,8.0,7.0,6.0
22200468,2022-12-21,BULLS at HAWKS,200910.0,2364.0,270.0,101.0,218.0,0.288991,0.344633,0.0,1,0.151376146788991,0.0963302752293578,,,,2.0,5.05
22200474,2022-12-21,TRAIL BLAZERS at THUNDER,85395.0,1031.0,160.0,94.0,199.0,0.331658,0.384615,1.0,2,0.135678391959799,,14.0,3.0,17.0,3.0,3.575
22200472,2022-12-21,MAGIC at ROCKETS,99133.0,1157.0,167.0,101.5,226.0,0.371681,0.446927,1.0,0,0.150442477876106,0.119469026548673,14.0,11.0,25.0,6.0,4.625
22200473,2022-12-21,MAVERICKS at TIMBERWOLVES,299860.0,2806.0,235.0,91.5,203.0,0.310345,0.43125,1.0,2,0.147783251231527,,,,,5.0,4.125
22200475,2022-12-21,LAKERS at KINGS,966226.0,7464.0,1255.0,106.0,254.0,0.330709,0.396648,0.0,3,0.181102362204724,0.102362204724409,15.0,0.0,15.0,14.0,5.725
22200476,2022-12-21,HORNETS at CLIPPERS,331323.0,3088.0,261.0,111.0,231.0,0.415584,0.462428,0.0,1,0.186147186147186,0.147186147186147,9.0,4.0,13.0,21.0,4.375
22200477,2022-12-22,SPURS at PELICANS,242974.0,1956.0,123.0,102.5,243.0,0.271605,0.342541,0.0,0,0.193415637860082,,8.0,0.0,8.0,9.0,3.5
22200478,2022-12-22,WIZARDS at JAZZ,460594.0,3492.0,162.0,99.0,232.0,0.297414,0.333333,0.0,1,0.142241379310345,0.181034482758621,11.0,3.0,14.0,8.0,4.0
22200480,2022-12-23,CLIPPERS at 76ERS,408510.0,4088.0,509.0,94.0,233.0,0.334764,0.39645,0.0,2,0.133047210300429,0.111587982832618,4.0,1.0,5.0,5.0,5.15
22200479,2022-12-23,SPURS at MAGIC,84679.0,965.0,146.0,103.5,246.0,0.353659,0.380435,1.0,0,0.117886178861789,0.0975609756097561,10.0,0.0,10.0,20.0,3.625
22200482,2022-12-23,TIMBERWOLVES at CELTICS,312799.0,3091.0,269.0,101.5,230.0,0.3,0.408377,0.0,3,0.134782608695652,,9.0,4.0,13.0,12.0,4.375
22200484,2022-12-23,RAPTORS at CAVALIERS,142826.0,1415.0,319.0,97.0,225.0,0.4,0.4375,0.0,2,0.146666666666667,0.173333333333333,8.0,5.0,13.0,11.0,4.425
22200483,2022-12-23,BUCKS at NETS,1342829.0,12239.0,1634.0,96.5,218.0,0.316514,0.389831,0.0,4,0.13302752293578,,13.0,0.0,13.0,18.0,4.85
22200481,2022-12-23,PISTONS at HAWKS,56504.0,774.0,93.0,103.0,235.0,0.268085,0.368132,0.0,0,0.178723404255319,0.106382978723404,9.0,1.0,10.0,25.0,3.875
22200485,2022-12-23,BULLS at KNICKS,204489.0,2656.0,370.0,92.5,235.0,0.382979,0.368715,1.0,2,0.123404255319149,,6.0,1.0,7.0,1.0,6.65
22200486,2022-12-23,PACERS at HEAT,136597.0,1529.0,290.0,93.5,219.0,0.465753,0.449438,0.0,2,0.105022831050228,0.150684931506849,2.0,6.0,8.0,3.0,4.25
22200487,2022-12-23,MAVERICKS at ROCKETS,227993.0,2593.0,327.0,96.5,218.0,0.330275,0.434783,1.0,1,0.220183486238532,0.0871559633027523,9.0,1.0,10.0,6.0,5.35
22200488,2022-12-23,PELICANS at THUNDER,121008.0,1386.0,171.0,108.23,253.0,0.3083,0.367347,0.0,1,0.201581027667984,0.114624505928854,14.0,3.0,17.0,3.0,3.4
22200489,2022-12-23,TRAIL BLAZERS at NUGGETS,157518.0,1715.0,247.0,98.0,227.0,0.251101,0.333333,0.0,2,0.158590308370044,0.136563876651982,13.0,3.0,16.0,13.0,3.925
22200491,2022-12-23,WIZARDS at KINGS,72746.0,820.0,102.0,101.0,236.0,0.254237,0.372093,0.0,2,0.186440677966102,0.177966101694915,10.0,0.0,10.0,14.0,4.35
22200490,2022-12-23,GRIZZLIES at SUNS,426329.0,3332.0,376.0,99.5,225.0,0.213333,0.325843,1.0,2,0.191111111111111,0.08,14.0,0.0,14.0,25.0,3.9
22200492,2022-12-23,HORNETS at LAKERS,1081212.0,9058.0,2185.0,107.0,264.0,0.397727,0.456989,0.0,1,0.109848484848485,0.147727272727273,10.0,2.0,12.0,4.0,5.175
22200493,2022-12-25,76ERS at KNICKS,309225.0,3367.0,426.0,91.0,231.0,0.38961,0.42515,1.0,2,0.16017316017316,0.0779220779220779,10.0,4.0,14.0,7.0,6.2
22200494,2022-12-25,LAKERS at MAVERICKS,1316497.0,10453.0,1644.0,94.5,239.0,0.338912,0.439024,0.0,2,0.192468619246862,0.0920502092050209,,,,9.0,6.0
22200495,2022-12-25,BUCKS at CELTICS,1032694.0,8352.0,1037.0,103.5,257.0,0.373541,0.443787,0.0,4,0.159533073929961,,6.0,8.0,14.0,21.0,4.8
22200496,2022-12-25,GRIZZLIES at WARRIORS,2121849.0,20494.0,2198.0,106.0,232.0,0.349138,0.448649,0.0,2,0.176724137931034,0.150862068965517,5.0,6.0,11.0,14.0,6.300000000000000
22200497,2022-12-25,SUNS at NUGGETS,470107.0,5666.0,825.0,96.91,253.0,0.355731,0.37766,0.0,1,0.1699604743083,0.0632411067193676,9.0,0.0,9.0,3.0,4.4
22200498,2022-12-26,NETS at CAVALIERS,1003204.0,9550.0,1046.0,97.5,242.0,0.384298,0.402439,1.0,3,0.161157024793388,0.165289256198347,11.0,10.0,21.0,8.0,4.975
22200499,2022-12-26,CLIPPERS at PISTONS,208376.0,2532.0,262.0,102.79,273.0,0.384615,0.408377,0.0,1,0.19047619047619,0.0586080586080586,11.0,5.0,16.0,11.0,4.425000000000000
22200500,2022-12-26,TIMBERWOLVES at HEAT,231098.0,2340.0,145.0,98.0,223.0,0.376682,0.458564,0.0,1,0.0672645739910314,0.0582959641255605,5.0,2.0,7.0,3.0,4.175
22200501,2022-12-26,ROCKETS at BULLS,171770.0,1908.0,262.0,100.5,251.0,0.358566,0.434066,0.0,1,0.123505976095618,0.155378486055777,14.0,2.0,16.0,15.0,5.75
22200502,2022-12-26,PACERS at PELICANS,136481.0,1391.0,160.0,97.5,206.0,0.305825,0.433526,0.0,1,0.160194174757282,0.174757281553398,7.0,1.0,8.0,20.0,3.3500000000000000
22200503,2022-12-26,JAZZ at SPURS,157086.0,1431.0,98.0,105.0,248.0,0.229839,0.331522,1.0,1,0.221774193548387,0.137096774193548,5.0,0.0,5.0,4.0,3.725
22200504,2022-12-26,HORNETS at TRAIL BLAZERS,222154.0,2112.0,173.0,104.0,237.0,0.329114,0.391534,0.0,1,0.181434599156118,0.172995780590717,10.0,3.0,13.0,11.0,3.5
22200505,2022-12-27,LAKERS at MAGIC,1232275.0,11968.0,1136.0,100.5,239.0,0.338912,0.408046,0.0,1,0.125523012552301,,9.0,0.0,9.0,19.0,5.275
22200506,2022-12-27,76ERS at WIZARDS,140424.0,1606.0,248.0,100.0,227.0,0.22467,0.378698,1.0,1,0.237885462555066,,7.0,6.0,13.0,5.0,4.575
22200507,2022-12-27,ROCKETS at CELTICS,331973.0,3870.0,358.0,101.0,228.0,0.447368,0.543011,0.0,2,0.140350877192982,0.179824561403509,15.0,1.0,16.0,24.0,5.6
22200508,2022-12-27,HAWKS at PACERS,73962.0,941.0,118.0,105.0,243.0,0.308642,0.359116,0.0,1,0.181069958847737,0.156378600823045,,,,15.0,3.8500000000000000
22200509,2022-12-27,CLIPPERS at RAPTORS,204401.0,1986.0,154.0,98.0,237.0,0.265823,0.344633,0.0,2,0.168776371308017,0.147679324894515,9.0,1.0,10.0,11.0,4.95
22200511,2022-12-27,SPURS at THUNDER,42802.0,636.0,83.0,99.5,244.0,0.282787,0.286486,1.0,1,0.151639344262295,,9.0,5.0,14.0,16.0,3.6
22200510,2022-12-27,SUNS at GRIZZLIES,483665.0,3824.0,823.0,103.0,233.0,0.321888,0.342697,0.0,2,0.214592274678112,0.120171673819742,9.0,0.0,9.0,17.0,3.9
22200512,2022-12-27,KNICKS at MAVERICKS,1853215.0,31078.0,2753.0,95.09,247.0,0.352227,0.497409,0.0,2,0.161943319838057,0.109311740890688,9.0,1.0,10.0,5.0,6.25
22200513,2022-12-27,HORNETS at WARRIORS,1069062.0,11606.0,782.0,105.5,215.0,0.251163,0.40107,0.0,0,0.181395348837209,0.0976744186046512,,,,5.0,6.375
22200514,2022-12-27,NUGGETS at KINGS,129486.0,1528.0,195.0,99.0,219.0,0.315068,0.428571,1.0,2,0.155251141552511,0.0821917808219178,4.0,0.0,4.0,7.0,4.325
22200516,2022-12-28,SUNS at WIZARDS,115556.0,1351.0,200.0,91.5,229.0,0.275109,0.337278,0.0,0,0.157205240174673,0.104803493449782,7.0,6.0,13.0,25.0,4.425
22200515,2022-12-28,MAGIC at PISTONS,83689.0,1032.0,126.0,99.0,222.0,0.310811,0.387879,1.0,0,0.256756756756757,0.0405405405405405,10.0,2.0,12.0,20.0,3.5
22200517,2022-12-28,NETS at HAWKS,670015.0,7438.0,1013.0,96.5,215.0,0.251163,0.266667,1.0,2,0.134883720930233,,9.0,1.0,10.0,1.0,4.950000000000000
22200518,2022-12-28,LAKERS at HEAT,1102543.0,8486.0,1153.0,94.0,210.0,0.342857,0.420118,0.0,2,0.114285714285714,0.0571428571428571,6.0,1.0,7.0,14.0,6.05
22200520,2022-12-28,TIMBERWOLVES at PELICANS,486470.0,5551.0,725.0,100.5,237.0,0.265823,0.317073,1.0,2,0.227848101265823,0.0843881856540084,8.0,2.0,10.0,1.0,3.275
22200519,2022-12-28,BUCKS at BULLS,496519.0,5783.0,800.0,100.98,232.0,0.232759,0.331683,1.0,2,0.206896551724138,0.0775862068965517,9.0,3.0,12.0,6.0,4.950000000000000
22200522,2022-12-28,NUGGETS at KINGS,203514.0,2098.0,446.0,100.0,253.0,0.3083,0.333333,0.0,3,0.138339920948617,0.118577075098814,8.0,0.0,8.0,1.0,4.325
22200521,2022-12-28,JAZZ at WARRIORS,1123051.0,11499.0,907.0,103.5,219.0,0.424658,0.511236,0.0,1,0.182648401826484,0.114155251141553,6.0,8.0,14.0,5.0,6.575
22200524,2022-12-29,CAVALIERS at PACERS,212831.0,2216.0,239.0,98.5,261.0,0.356322,0.325967,1.0,2,0.130268199233716,0.157088122605364,,,,9.0,3.875
22200523,2022-12-29,THUNDER at HORNETS,137807.0,1587.0,150.0,103.5,234.0,0.269231,0.371585,1.0,1,0.158119658119658,0.0897435897435897,10.0,5.0,15.0,8.0,3.425
22200526,2022-12-29,GRIZZLIES at RAPTORS,258690.0,2374.0,194.0,96.5,225.0,0.306667,0.298429,0.0,3,0.124444444444444,0.173333333333333,19.0,1.0,20.0,13.0,3.85
22200525,2022-12-29,CLIPPERS at CELTICS,868399.0,7625.0,749.0,100.0,226.0,0.345133,0.433333,1.0,3,0.115044247787611,0.123893805309735,7.0,1.0,8.0,6.0,5.45
22200527,2022-12-29,KNICKS at SPURS,93537.0,1025.0,159.0,99.0,237.0,0.329114,0.38764,0.0,1,0.189873417721519,0.0632911392405063,4.0,0.0,4.0,7.0,5.6
22200528,2022-12-29,ROCKETS at MAVERICKS,387473.0,3547.0,334.0,101.5,243.0,0.37037,0.446328,1.0,1,0.176954732510288,0.123456790123457,,,,15.0,5.35
22200529,2022-12-30,WIZARDS at MAGIC,86477.0,1011.0,103.0,107.0,219.0,0.273973,0.354286,0.0,0,0.141552511415525,0.141552511415525,11.0,3.0,14.0,19.0,3.9
22200530,2022-12-30,LAKERS at HAWKS,1593356.0,17636.0,1962.0,105.5,251.0,0.250996,0.35533,0.0,1,0.119521912350598,,8.0,0.0,8.0,9.0,5.65
22200531,2022-12-30,SUNS at RAPTORS,160751.0,1500.0,206.0,97.0,217.0,0.345622,0.414474,0.0,1,0.193548387096774,0.152073732718894,,,,9.0,4.55
22200532,2022-12-30,PISTONS at BULLS,142181.0,1888.0,166.0,97.0,250.0,0.348,0.370787,1.0,1,0.132,0.088,7.0,1.0,8.0,14.0,4.625
22200533,2022-12-30,TIMBERWOLVES at BUCKS,242505.0,2229.0,234.0,107.0,237.0,0.278481,0.372973,1.0,2,0.206751054852321,0.147679324894515,7.0,7.0,14.0,9.0,3.675
22200534,2022-12-30,76ERS at PELICANS,379209.0,3839.0,519.0,97.5,243.0,0.358025,0.419355,0.0,2,0.181069958847737,0.156378600823045,9.0,1.0,10.0,11.0,4.1
22200535,2022-12-30,HEAT at NUGGETS,508768.0,3385.0,475.0,101.0,243.0,0.382716,0.386503,1.0,2,0.181069958847737,0.119341563786008,8.0,3.0,11.0,5.0,4.65
22200536,2022-12-30,TRAIL BLAZERS at WARRIORS,1282979.0,15162.0,1428.0,97.5,230.0,0.378261,0.450549,0.0,1,0.143478260869565,0.11304347826087,10.0,9.0,19.0,6.0,6.525
22200537,2022-12-30,JAZZ at KINGS,210663.0,2426.0,319.0,101.0,251.0,0.239044,0.356322,0.0,3,0.155378486055777,,15.0,0.0,15.0,1.0,4.1
22200538,2022-12-31,CLIPPERS at PACERS,255123.0,2389.0,371.0,101.5,261.0,0.344828,0.428571,1.0,2,0.203065134099617,,5.0,2.0,7.0,1.0,4.4
22200539,2022-12-31,NETS at HORNETS,576793.0,5799.0,592.0,100.5,229.0,0.31441,0.426136,1.0,2,0.14410480349345,0.126637554585153,7.0,3.0,10.0,17.0,4.475
22200540,2022-12-31,CAVALIERS at BULLS,315574.0,2713.0,258.0,98.5,205.0,0.292683,0.355422,0.0,2,0.141463414634146,,6.0,2.0,8.0,1.0,5.075000000000000
22200541,2022-12-31,KNICKS at ROCKETS,107481.0,1131.0,153.0,97.5,196.0,0.443878,0.580838,0.0,1,0.198979591836735,0.076530612244898,9.0,3.0,12.0,20.0,6.6
22200542,2022-12-31,MAVERICKS at SPURS,369524.0,3751.0,522.0,95.5,251.0,0.262948,0.309942,1.0,1,0.139442231075697,0.0717131474103586,8.0,1.0,9.0,1.0,4.35
22200545,2022-12-31,76ERS at THUNDER,108173.0,1188.0,138.0,102.0,211.0,0.327014,0.366492,0.0,2,0.123222748815166,0.0900473933649289,4.0,4.0,8.0,19.0,4.2
22200544,2022-12-31,PISTONS at TIMBERWOLVES,59953.0,740.0,171.0,101.5,220.0,0.272727,0.354651,0.0,1,0.190909090909091,0.159090909090909,7.0,0.0,7.0,12.0,3.35
22200543,2022-12-31,PELICANS at GRIZZLIES,942512.0,6585.0,436.0,106.5,217.0,0.179724,0.322404,1.0,3,0.211981566820277,0.179723502304147,8.0,1.0,9.0,15.0,3.25
22200546,2022-12-31,HEAT at JAZZ,349367.0,3310.0,295.0,98.5,249.0,0.361446,0.464706,0.0,2,0.236947791164659,0.0763052208835341,7.0,1.0,8.0,3.0,4.425
22200548,2023-01-01,WIZARDS at BUCKS,224679.0,1926.0,248.0,103.0,213.0,0.28169,0.4,0.0,0,0.117370892018779,0.140845070422535,,,,23.0,4.175
22200547,2023-01-01,KINGS at GRIZZLIES,471979.0,3896.0,242.0,100.5,226.0,0.331858,0.382653,0.0,4,0.13716814159292,0.154867256637168,5.0,0.0,5.0,10.0,3.825
22200549,2023-01-01,CELTICS at NUGGETS,809455.0,6328.0,882.0,101.0,234.0,0.333333,0.379518,0.0,3,0.162393162393162,0.0982905982905983,11.0,0.0,11.0,12.0,4.85
22200550,2023-01-02,SUNS at KNICKS,246357.0,2352.0,348.0,87.0,185.0,0.372973,0.434783,0.0,1,0.118918918918919,0.0108108108108108,7.0,0.0,7.0,19.0,6.05
22200551,2023-01-02,LAKERS at HORNETS,1776812.0,16901.0,1310.0,109.5,236.0,0.266949,0.333333,1.0,1,0.173728813559322,0.152542372881356,11.0,1.0,12.0,6.0,5.175
22200554,2023-01-02,PELICANS at 76ERS,435921.0,3655.0,296.0,98.0,231.0,0.337662,0.376471,0.0,2,0.168831168831169,0.199134199134199,,,,9.0,4.1
22200553,2023-01-02,RAPTORS at PACERS,84965.0,998.0,180.0,98.5,236.0,0.305085,0.375,0.0,2,0.169491525423729,0.139830508474576,12.0,2.0,14.0,8.0,3.95
22200555,2023-01-02,SPURS at NETS,597365.0,6831.0,758.0,105.5,242.0,0.235537,0.268421,0.0,2,0.0950413223140496,0.190082644628099,,,,36.0,4.65
22200557,2023-01-02,NUGGETS at TIMBERWOLVES,147055.0,1555.0,132.0,98.0,235.0,0.306383,0.365169,0.0,2,0.157446808510638,,14.0,0.0,14.0,13.0,3.725
22200556,2023-01-02,MAVERICKS at ROCKETS,248879.0,2392.0,326.0,96.0,217.0,0.304147,0.441718,0.0,1,0.235023041474654,0.0552995391705069,7.0,2.0,9.0,5.0,5.35
22200559,2023-01-02,PISTONS at TRAIL BLAZERS,84346.0,973.0,104.0,111.0,241.0,0.248963,0.295181,0.0,1,0.236514522821577,0.211618257261411,,,,29.0,3.55
22200560,2023-01-02,HEAT at CLIPPERS,355414.0,3210.0,255.0,95.0,210.0,0.342857,0.427632,0.0,2,0.238095238095238,,,,,10.0,5.25
22200558,2023-01-02,HAWKS at WARRIORS,1693990.0,22553.0,2054.0,105.93,284.0,0.316901,0.408696,1.0,0,0.140845070422535,0.0950704225352113,10.0,5.0,15.0,2.0,6.85
22200562,2023-01-03,CELTICS at THUNDER,407162.0,3746.0,928.0,106.5,267.0,0.359551,0.430108,1.0,2,0.146067415730337,0.112359550561798,12.0,1.0,13.0,33.0,4.5
22200561,2023-01-03,WIZARDS at BUCKS,321554.0,3178.0,242.0,102.0,236.0,0.241525,0.340102,0.0,2,0.156779661016949,0.148305084745763,14.0,2.0,16.0,10.0,4.175
22200563,2023-01-03,KINGS at JAZZ,261923.0,2344.0,281.0,101.5,232.0,0.284483,0.436782,1.0,3,0.181034482758621,0.0517241379310345,10.0,1.0,11.0,2.0,4.1
22200564,2023-01-04,GRIZZLIES at HORNETS,700488.0,4866.0,266.0,107.5,238.0,0.252101,0.361702,1.0,2,0.201680672268908,0.180672268907563,11.0,3.0,14.0,24.0,3.2750000000000000
22200565,2023-01-04,SUNS at CAVALIERS,423846.0,3747.0,404.0,94.0,178.0,0.353933,0.405063,0.0,1,0.185393258426966,0.050561797752809,3.0,2.0,5.0,2.0,4.475
22200566,2023-01-04,THUNDER at MAGIC,64590.0,774.0,71.0,99.5,241.0,0.348548,0.411765,0.0,1,0.236514522821577,0.0746887966804979,5.0,3.0,8.0,11.0,3.525
22200567,2023-01-04,PACERS at 76ERS,218806.0,2152.0,311.0,95.09,255.0,0.317647,0.373057,0.0,1,0.164705882352941,,12.0,2.0,14.0,3.0,4.15
22200568,2023-01-04,SPURS at KNICKS,88384.0,1182.0,145.0,101.0,231.0,0.272727,0.335227,1.0,1,0.164502164502165,,8.0,0.0,8.0,3.0,5.6
22200572,2023-01-04,ROCKETS at PELICANS,104486.0,1131.0,83.0,98.5,227.0,0.343612,0.429379,1.0,0,0.180616740088106,0.140969162995595,14.0,2.0,16.0,11.0,4.5
22200570,2023-01-04,NETS at BULLS,593303.0,6037.0,705.0,105.5,233.0,0.257511,0.331395,1.0,3,0.184549356223176,0.0944206008583691,10.0,1.0,11.0,9.0,5.700000000000000
22200569,2023-01-04,BUCKS at RAPTORS,266758.0,2637.0,599.0,104.15,205.0,0.321951,0.416667,1.0,2,0.180487804878049,0.190243902439024,7.0,2.0,9.0,3.0,4.3
22200571,2023-01-04,TRAIL BLAZERS at TIMBERWOLVES,85320.0,977.0,97.0,95.5,219.0,0.246575,0.350993,0.0,2,0.26027397260274,0.091324200913242,7.0,0.0,7.0,7.0,3.45
22200573,2023-01-04,PISTONS at WARRIORS,862078.0,7948.0,1532.0,99.0,241.0,0.385892,0.424581,0.0,0,0.12448132780083,0.12448132780083,10.0,7.0,17.0,3.0,6.425000000000000
22200575,2023-01-04,HAWKS at KINGS,99501.0,1230.0,218.0,102.0,237.0,0.253165,0.319767,0.0,2,0.189873417721519,,9.0,1.0,10.0,3.0,4.375
22200574,2023-01-04,HEAT at LAKERS,1725733.0,16511.0,1631.0,99.0,221.0,0.217195,0.318182,1.0,1,0.176470588235294,0.0950226244343891,10.0,3.0,13.0,3.0,6.05
22200576,2023-01-05,GRIZZLIES at MAGIC,251140.0,2408.0,182.0,101.0,238.0,0.289916,0.409091,1.0,2,0.172268907563025,,11.0,1.0,12.0,8.0,3.375
22200577,2023-01-05,CELTICS at MAVERICKS,886196.0,6477.0,921.0,98.0,219.0,0.315068,0.431034,1.0,3,0.210045662100457,0.0958904109589041,7.0,1.0,8.0,29.0,5.25
22200578,2023-01-05,JAZZ at ROCKETS,201965.0,1959.0,161.0,102.0,245.0,0.416327,0.486486,0.0,1,0.175510204081633,0.118367346938776,12.0,4.0,16.0,17.0,4.725
22200579,2023-01-05,CLIPPERS at NUGGETS,397084.0,3242.0,539.0,99.5,213.0,0.267606,0.405556,1.0,2,0.169014084507042,0.211267605633803,17.0,0.0,17.0,31.0,4.800000000000000
22200581,2023-01-06,BULLS at 76ERS,287788.0,2770.0,339.0,96.0,238.0,0.478992,0.426136,0.0,1,0.100840336134454,0.142857142857143,7.0,5.0,12.0,14.0,5.35
22200580,2023-01-06,TRAIL BLAZERS at PACERS,85539.0,1034.0,125.0,106.0,207.0,0.231884,0.325843,0.0,2,0.188405797101449,0.183574879227053,14.0,5.0,19.0,9.0,3.525
22200582,2023-01-06,KNICKS at RAPTORS,142151.0,1668.0,261.0,94.5,220.0,0.354545,0.39759,0.0,2,0.209090909090909,0.1,9.0,0.0,9.0,4.0,6.0
22200586,2023-01-06,NETS at PELICANS,718863.0,6876.0,610.0,96.5,210.0,0.385714,0.358382,0.0,2,0.185714285714286,0.142857142857143,3.0,2.0,5.0,6.0,4.450000000000000
22200583,2023-01-06,HORNETS at BUCKS,273203.0,2532.0,612.0,101.5,247.0,0.48583,0.516129,0.0,2,0.109311740890688,,6.0,8.0,14.0,29.0,3.7250000000000000
22200585,2023-01-06,PISTONS at SPURS,49921.0,624.0,48.0,102.0,230.0,0.26087,0.316092,0.0,0,0.139130434782609,0.091304347826087,10.0,3.0,13.0,12.0,3.575
22200584,2023-01-06,WIZARDS at THUNDER,51685.0,704.0,60.0,103.5,237.0,0.303797,0.344633,1.0,1,0.156118143459916,,14.0,2.0,16.0,17.0,3.875
22200587,2023-01-06,CLIPPERS at TIMBERWOLVES,115784.0,1089.0,170.0,101.5,243.0,0.271605,0.331492,0.0,1,0.168724279835391,0.1440329218107,12.0,0.0,12.0,13.0,4.325
22200588,2023-01-06,CAVALIERS at NUGGETS,262129.0,2522.0,329.0,89.5,229.0,0.353712,0.360947,0.0,1,0.157205240174673,0.139737991266376,,,,13.0,4.275
22200589,2023-01-06,HEAT at SUNS,213079.0,2209.0,259.0,96.0,200.0,0.27,0.38125,0.0,1,0.24,0.07,1.0,2.0,3.0,8.0,4.85
22200590,2023-01-06,HAWKS at LAKERS,1544752.0,15683.0,1268.0,109.0,244.0,0.307377,0.349206,0.0,1,0.118852459016393,0.155737704918033,10.0,2.0,12.0,16.0,5.65
22200591,2023-01-07,CELTICS at SPURS,255937.0,2596.0,488.0,104.5,237.0,0.278481,0.302564,1.0,2,0.0970464135021097,0.0548523206751055,6.0,1.0,7.0,5.0,4.6
22200592,2023-01-07,JAZZ at BULLS,297071.0,3003.0,269.0,101.0,244.0,0.307377,0.392045,0.0,2,0.159836065573771,0.114754098360656,17.0,1.0,18.0,8.0,4.775
22200593,2023-01-07,PELICANS at MAVERICKS,429039.0,3513.0,464.0,104.5,244.0,0.221311,0.345238,0.0,1,0.213114754098361,0.0983606557377049,14.0,2.0,16.0,10.0,4.15
22200594,2023-01-07,MAGIC at WARRIORS,767378.0,5812.0,790.0,100.5,216.0,0.430556,0.514286,0.0,0,0.143518518518519,0.12962962962963,3.0,7.0,10.0,14.0,6.475
22200595,2023-01-07,LAKERS at KINGS,1607801.0,17072.0,1802.0,101.5,270.0,0.255556,0.315476,0.0,3,0.211111111111111,0.0555555555555556,10.0,0.0,10.0,2.0,5.725
22200596,2023-01-08,76ERS at PISTONS,160949.0,1545.0,96.0,105.0,234.0,0.24359,0.331492,1.0,0,0.14957264957265,,9.0,0.0,9.0,12.0,4.175000000000000
22200597,2023-01-08,TRAIL BLAZERS at RAPTORS,169576.0,1662.0,170.0,102.0,222.0,0.283784,0.365269,1.0,2,0.238738738738739,0.157657657657658,9.0,6.0,15.0,12.0,4.075
22200598,2023-01-08,HORNETS at PACERS,92008.0,997.0,103.0,103.5,227.0,0.317181,0.405714,0.0,1,0.224669603524229,0.145374449339207,,,,5.0,3.375
22200600,2023-01-08,JAZZ at GRIZZLIES,296129.0,2449.0,129.0,105.5,241.0,0.311203,0.368421,0.0,2,0.141078838174274,0.178423236514523,16.0,2.0,18.0,5.0,3.475
22200599,2023-01-08,NETS at HEAT,1030757.0,8363.0,855.0,92.0,203.0,0.369458,0.404762,0.0,3,0.118226600985222,,5.0,1.0,6.0,1.0,5.35
22200601,2023-01-08,TIMBERWOLVES at ROCKETS,91085.0,972.0,86.0,98.5,200.0,0.315,0.378698,0.0,1,0.135,0.245,17.0,1.0,18.0,8.0,4.475
22200602,2023-01-08,MAVERICKS at THUNDER,129015.0,1248.0,178.0,97.0,229.0,0.340611,0.39881,1.0,1,0.213973799126638,0.0305676855895197,3.0,1.0,4.0,11.0,4.25
22200603,2023-01-08,CAVALIERS at SUNS,316933.0,2823.0,274.0,96.0,210.0,0.357143,0.339506,0.0,1,0.1,0.080952380952381,11.0,1.0,12.0,14.0,4.475
22200604,2023-01-08,HAWKS at CLIPPERS,367360.0,2911.0,407.0,101.0,220.0,0.245455,0.304348,1.0,0,0.181818181818182,0.145454545454545,9.0,1.0,10.0,4.0,4.85
22200605,2023-01-09,PELICANS at WIZARDS,154980.0,1421.0,75.0,101.0,244.0,0.295082,0.342857,0.0,0,0.155737704918033,0.14344262295082,14.0,5.0,19.0,20.0,3.775
22200607,2023-01-09,BUCKS at KNICKS,360312.0,3482.0,381.0,95.0,218.0,0.412844,0.47619,0.0,3,0.155963302752294,0.036697247706422,6.0,0.0,6.0,4.0,5.8
22200606,2023-01-09,BULLS at CELTICS,520120.0,4376.0,376.0,95.0,206.0,0.334951,0.439306,0.0,3,0.140776699029126,0.0679611650485437,6.0,4.0,10.0,8.0,5.65
22200608,2023-01-09,SPURS at GRIZZLIES,112274.0,1232.0,99.0,106.5,234.0,0.282051,0.308511,0.0,1,0.145299145299145,0.183760683760684,0.0,1.0,1.0,8.0,3.45
22200609,2023-01-09,LAKERS at NUGGETS,1230354.0,8467.0,1288.0,107.5,231.0,0.298701,0.364583,0.0,1,0.147186147186147,0.138528138528139,7.0,1.0,8.0,13.0,5.6
22200610,2023-01-09,MAGIC at KINGS,106208.0,1188.0,107.0,102.0,247.0,0.449393,0.481283,0.0,2,0.097165991902834,0.0850202429149798,7.0,2.0,9.0,25.0,4.0
22200612,2023-01-10,PISTONS at 76ERS,165209.0,1581.0,193.0,109.0,263.0,0.285171,0.393258,1.0,1,0.220532319391635,0.178707224334601,9.0,1.0,10.0,31.0,4.175000000000000
22200613,2023-01-10,HORNETS at RAPTORS,194819.0,1845.0,129.0,96.0,252.0,0.416667,0.446328,0.0,1,0.130952380952381,0.119047619047619,13.0,4.0,17.0,12.0,3.925
22200611,2023-01-10,THUNDER at HEAT,206009.0,2070.0,301.0,100.5,223.0,0.255605,0.4,1.0,1,0.242152466367713,,7.0,0.0,7.0,1.0,4.3
22200614,2023-01-10,CAVALIERS at JAZZ,497501.0,3984.0,447.0,99.5,230.0,0.26087,0.412429,0.0,2,0.217391304347826,0.0826086956521739,9.0,3.0,12.0,2.0,4.05
22200616,2023-01-10,MAGIC at TRAIL BLAZERS,127807.0,1328.0,186.0,96.5,215.0,0.209302,0.357576,0.0,1,0.167441860465116,0.167441860465116,14.0,4.0,18.0,3.0,3.6000000000000000
22200615,2023-01-10,SUNS at WARRIORS,1097796.0,8314.0,1110.0,107.5,238.0,0.403361,0.424731,0.0,1,0.210084033613445,0.121848739495798,7.0,6.0,13.0,12.0,7.0
22200617,2023-01-10,MAVERICKS at CLIPPERS,589225.0,4767.0,686.0,91.5,214.0,0.336449,0.445161,1.0,1,0.242990654205607,0.0607476635514019,4.0,4.0,8.0,12.0,5.2
22200619,2023-01-11,BULLS at WIZARDS,144635.0,1396.0,262.0,96.0,197.0,0.243655,0.305882,0.0,0,0.116751269035533,0.0812182741116751,5.0,6.0,11.0,3.0,5.025
22200618,2023-01-11,TIMBERWOLVES at PISTONS,85669.0,1020.0,122.0,101.5,253.0,0.391304,0.386905,1.0,1,0.150197628458498,,11.0,3.0,14.0,17.0,3.35
22200621,2023-01-11,PELICANS at CELTICS,556247.0,4395.0,381.0,100.5,239.0,0.32636,0.41573,0.0,2,0.146443514644351,0.138075313807531,9.0,3.0,12.0,11.0,4.4
22200620,2023-01-11,BUCKS at HAWKS,186547.0,1675.0,259.0,100.5,219.0,0.39726,0.421622,0.0,2,0.100456621004566,0.141552511415525,4.0,1.0,5.0,9.0,4.200000000000000
22200622,2023-01-11,PACERS at KNICKS,128309.0,1420.0,262.0,103.0,232.0,0.349138,0.465517,0.0,2,0.185344827586207,0.112068965517241,6.0,0.0,6.0,6.0,5.45
22200623,2023-01-11,SPURS at GRIZZLIES,310558.0,2617.0,160.0,108.0,264.0,0.284091,0.269231,0.0,2,0.132575757575758,0.132575757575758,,,,6.0,3.45
22200625,2023-01-11,ROCKETS at KINGS,169695.0,1377.0,182.0,105.0,250.0,0.42,0.468421,0.0,2,0.148,0.092,11.0,2.0,13.0,20.0,5.075
22200624,2023-01-11,SUNS at NUGGETS,259771.0,1962.0,267.0,96.5,223.0,0.32287,0.377143,0.0,1,0.112107623318386,0.134529147982063,,,,29.0,4.4
22200626,2023-01-12,THUNDER at 76ERS,145923.0,1560.0,239.0,105.5,247.0,0.303644,0.396552,1.0,2,0.226720647773279,0.133603238866397,7.0,5.0,12.0,19.0,4.2
22200628,2023-01-12,BUCKS at HEAT,349157.0,3075.0,226.0,96.5,210.0,0.442857,0.5,1.0,2,0.119047619047619,0.0857142857142857,,,,6.0,4.6
22200627,2023-01-12,CELTICS at NETS,1226444.0,9446.0,1070.0,94.5,207.0,0.362319,0.411765,0.0,2,0.115942028985507,0.164251207729469,6.0,0.0,6.0,11.0,5.55
22200629,2023-01-12,HORNETS at RAPTORS,155009.0,1557.0,117.0,98.5,238.0,0.289916,0.38125,0.0,1,0.197478991596639,0.117647058823529,15.0,5.0,20.0,10.0,3.925
22200631,2023-01-12,CAVALIERS at TRAIL BLAZERS,242603.0,2499.0,220.0,102.0,232.0,0.232759,0.329341,1.0,2,0.198275862068966,0.120689655172414,15.0,4.0,19.0,6.0,4.0
22200630,2023-01-12,MAVERICKS at LAKERS,1280676.0,11729.0,2181.0,98.48,234.0,0.307692,0.399038,0.0,2,0.111111111111111,0.111111111111111,9.0,1.0,10.0,4.0,6.0
22200632,2023-01-13,PELICANS at PISTONS,76869.0,980.0,121.0,107.0,226.0,0.238938,0.346591,1.0,0,0.168141592920354,0.207964601769912,12.0,4.0,16.0,6.0,3.375
22200634,2023-01-13,KNICKS at WIZARDS,138616.0,1474.0,229.0,95.5,220.0,0.286364,0.383784,0.0,1,0.204545454545455,,8.0,2.0,10.0,4.0,5.875
22200633,2023-01-13,HAWKS at PACERS,96467.0,1081.0,141.0,99.5,224.0,0.308036,0.323077,0.0,0,0.174107142857143,0.21875,10.0,5.0,15.0,2.0,3.8500000000000000
22200635,2023-01-13,WARRIORS at SPURS,1191196.0,11281.0,1091.0,110.5,257.0,0.303502,0.37037,0.0,1,0.159533073929961,0.132295719844358,11.0,3.0,14.0,31.0,6.550000000000000
22200636,2023-01-13,THUNDER at BULLS,130297.0,1358.0,189.0,100.0,234.0,0.294872,0.40113,0.0,1,0.175213675213675,0.145299145299145,8.0,2.0,10.0,14.0,4.65
22200637,2023-01-13,SUNS at TIMBERWOLVES,129066.0,1198.0,171.0,106.0,237.0,0.303797,0.289773,0.0,1,0.156118143459916,0.151898734177215,9.0,0.0,9.0,5.0,3.925
22200638,2023-01-13,MAGIC at JAZZ,210793.0,1869.0,128.0,105.5,220.0,0.340909,0.396648,0.0,1,0.177272727272727,,5.0,2.0,7.0,4.0,3.65
22200639,2023-01-13,NUGGETS at CLIPPERS,371566.0,2925.0,387.0,94.0,218.0,0.330275,0.366864,0.0,0,0.137614678899083,0.169724770642202,9.0,2.0,11.0,12.0,4.800000000000000
22200640,2023-01-13,ROCKETS at KINGS,97318.0,1144.0,199.0,99.0,253.0,0.379447,0.435028,0.0,2,0.162055335968379,0.118577075098814,9.0,2.0,11.0,25.0,5.075
22200641,2023-01-14,BUCKS at HEAT,289340.0,2558.0,336.0,91.0,206.0,0.436893,0.409357,0.0,2,0.087378640776699,0.0533980582524272,5.0,3.0,8.0,16.0,4.6
22200642,2023-01-14,CELTICS at HORNETS,452205.0,3873.0,361.0,96.0,228.0,0.355263,0.427807,0.0,1,0.109649122807018,,,,,16.0,4.425
22200643,2023-01-14,GRIZZLIES at PACERS,293061.0,3094.0,264.0,112.0,242.0,0.285124,0.415789,0.0,2,0.194214876033058,0.210743801652893,,,,18.0,3.3
22200644,2023-01-14,HAWKS at RAPTORS,107180.0,1132.0,164.0,98.5,217.0,0.248848,0.327485,0.0,1,0.188940092165899,0.133640552995392,12.0,1.0,13.0,11.0,4.4
22200645,2023-01-14,CAVALIERS at TIMBERWOLVES,193132.0,1841.0,219.0,96.5,212.0,0.240566,0.358974,0.0,2,0.14622641509434,0.155660377358491,18.0,2.0,20.0,8.0,3.8
22200646,2023-01-14,76ERS at JAZZ,408329.0,3328.0,306.0,99.5,235.0,0.370213,0.441341,0.0,1,0.170212765957447,,8.0,2.0,10.0,1.0,4.325
22200647,2023-01-14,MAVERICKS at TRAIL BLAZERS,236986.0,2127.0,293.0,98.0,255.0,0.458824,0.511765,1.0,2,0.125490196078431,,,,,17.0,4.325
22200648,2023-01-15,KNICKS at PISTONS,102276.0,1188.0,157.0,92.5,221.0,0.40724,0.432749,0.0,1,0.167420814479638,0.0497737556561086,7.0,3.0,10.0,13.0,5.475
22200649,2023-01-15,ROCKETS at CLIPPERS,187590.0,1722.0,173.0,102.0,221.0,0.285068,0.366279,1.0,0,0.144796380090498,0.0995475113122172,13.0,1.0,14.0,21.0,5.550000000000000
22200650,2023-01-15,WARRIORS at BULLS,818132.0,6665.0,801.0,107.0,250.0,0.432,0.505618,0.0,1,0.144,0.172,7.0,4.0,11.0,14.0,7.6
22200651,2023-01-15,THUNDER at NETS,427323.0,3388.0,420.0,99.5,214.0,0.336449,0.39779,0.0,2,0.149532710280374,0.0560747663551402,9.0,3.0,12.0,10.0,4.55
22200652,2023-01-15,KINGS at SPURS,73399.0,977.0,138.0,96.5,251.0,0.286853,0.307692,0.0,2,0.131474103585657,,,,,13.0,4.075
22200653,2023-01-15,MAGIC at NUGGETS,145866.0,1833.0,324.0,100.0,235.0,0.255319,0.393064,1.0,1,0.157446808510638,0.157446808510638,17.0,0.0,17.0,3.0,3.875
22200654,2023-01-15,MAVERICKS at TRAIL BLAZERS,164628.0,1561.0,145.0,98.0,263.0,0.353612,0.494253,1.0,1,0.243346007604563,0.0798479087452472,8.0,2.0,10.0,17.0,4.325
22200655,2023-01-15,76ERS at LAKERS,1072151.0,8488.0,2950.0,96.5,225.0,0.24,0.313953,0.0,2,0.111111111111111,0.102222222222222,14.0,1.0,15.0,1.0,5.95
22200656,2023-01-16,CELTICS at HORNETS,407619.0,3986.0,563.0,94.5,248.0,0.399194,0.418079,0.0,1,0.189516129032258,0.0967741935483871,13.0,4.0,17.0,12.0,4.425
22200657,2023-01-16,PACERS at BUCKS,132442.0,1331.0,128.0,101.5,251.0,0.501992,0.491429,1.0,1,0.107569721115538,0.119521912350598,4.0,11.0,15.0,13.0,3.75
22200660,2023-01-16,WARRIORS at WIZARDS,1328177.0,13407.0,772.0,103.0,245.0,0.391837,0.446328,0.0,1,0.159183673469388,0.122448979591837,,,,9.0,6.825
22200658,2023-01-16,PELICANS at CAVALIERS,191765.0,1788.0,147.0,96.5,216.0,0.263889,0.354839,0.0,1,0.199074074074074,0.0925925925925926,15.0,4.0,19.0,10.0,3.8250000000000000
22200659,2023-01-16,RAPTORS at KNICKS,184126.0,1830.0,539.0,91.47,244.0,0.270492,0.384615,0.0,2,0.254098360655738,0.0737704918032787,15.0,1.0,16.0,2.0,6.0
22200661,2023-01-16,HEAT at HAWKS,176906.0,1910.0,177.0,99.0,234.0,0.269231,0.351515,0.0,1,0.158119658119658,,13.0,0.0,13.0,8.0,4.700000000000000
22200662,2023-01-16,JAZZ at TIMBERWOLVES,291441.0,2427.0,164.0,97.5,251.0,0.370518,0.405405,0.0,1,0.151394422310757,0.123505976095618,6.0,0.0,6.0,1.0,3.5
22200663,2023-01-16,SUNS at GRIZZLIES,466085.0,3491.0,248.0,101.5,242.0,0.322314,0.374332,0.0,2,0.140495867768595,0.0909090909090909,5.0,2.0,7.0,30.0,3.9
22200664,2023-01-16,ROCKETS at LAKERS,1498216.0,13939.0,1522.0,99.0,272.0,0.253676,0.329843,0.0,1,0.194852941176471,0.125,8.0,2.0,10.0,8.0,6.35
22200665,2023-01-17,RAPTORS at BUCKS,259066.0,2280.0,200.0,99.5,252.0,0.380952,0.395722,0.0,2,0.142857142857143,0.138888888888889,8.0,7.0,15.0,8.0,4.3
22200666,2023-01-17,NETS at SPURS,313633.0,2647.0,348.0,108.5,204.0,0.147059,0.308108,0.0,0,0.225490196078431,0.156862745098039,,,,8.0,4.65
22200667,2023-01-17,TRAIL BLAZERS at NUGGETS,263399.0,2425.0,359.0,97.5,235.0,0.306383,0.421053,1.0,2,0.2,0.11063829787234,7.0,1.0,8.0,9.0,3.925
22200668,2023-01-17,76ERS at CLIPPERS,524236.0,4191.0,388.0,95.0,230.0,0.326087,0.419355,0.0,2,0.195652173913044,0.160869565217391,9.0,0.0,9.0,10.0,5.15
22200669,2023-01-18,WIZARDS at KNICKS,111259.0,1185.0,173.0,94.0,221.0,0.312217,0.356021,1.0,1,0.153846153846154,0.0588235294117647,9.0,1.0,10.0,11.0,5.875
22200670,2023-01-18,HAWKS at MAVERICKS,377601.0,3132.0,511.0,98.0,252.0,0.345238,0.4,1.0,1,0.146825396825397,0.107142857142857,,,,8.0,4.65
22200673,2023-01-18,HEAT at PELICANS,169367.0,1671.0,157.0,95.0,222.0,0.337838,0.373563,1.0,1,0.103603603603604,0.117117117117117,3.0,0.0,3.0,26.0,4.200000000000000
22200672,2023-01-18,CAVALIERS at GRIZZLIES,541838.0,5040.0,489.0,96.5,229.0,0.353712,0.385475,1.0,2,0.131004366812227,,14.0,0.0,14.0,1.0,3.775
22200674,2023-01-18,PACERS at THUNDER,70147.0,900.0,105.0,106.0,232.0,0.362069,0.379679,0.0,1,0.137931034482759,0.0818965517241379,8.0,4.0,12.0,20.0,3.45
22200671,2023-01-18,HORNETS at ROCKETS,88103.0,920.0,140.0,105.0,239.0,0.238494,0.363636,0.0,0,0.133891213389121,0.133891213389121,17.0,1.0,18.0,5.0,4.525
22200675,2023-01-18,CLIPPERS at JAZZ,264032.0,2176.0,195.0,94.5,229.0,0.445415,0.368715,1.0,1,0.135371179039301,,,,,23.0,4.575
22200676,2023-01-18,TIMBERWOLVES at NUGGETS,168681.0,1745.0,318.0,100.5,240.0,0.25,0.319277,1.0,2,0.191666666666667,,7.0,1.0,8.0,4.0,3.725
22200677,2023-01-18,KINGS at LAKERS,998189.0,7349.0,1427.0,95.5,227.0,0.264317,0.363636,0.0,2,0.154185022026432,,7.0,2.0,9.0,5.0,5.725
22200679,2023-01-19,WARRIORS at CELTICS,1478920.0,13931.0,1920.0,105.51,239.0,0.389121,0.447115,0.0,3,0.175732217573222,0.0711297071129707,9.0,4.0,13.0,3.0,7.45
22200680,2023-01-19,RAPTORS at TIMBERWOLVES,160935.0,1500.0,208.0,103.0,254.0,0.366142,0.386364,1.0,2,0.161417322834646,0.137795275590551,9.0,1.0,10.0,2.0,3.875
22200682,2023-01-19,76ERS at TRAIL BLAZERS,215962.0,2096.0,189.0,97.0,200.0,0.255,0.379518,0.0,2,0.185,0.155,11.0,2.0,13.0,10.0,4.275
22200681,2023-01-19,NETS at SUNS,581136.0,4504.0,444.0,102.5,229.0,0.28821,0.323353,1.0,1,0.187772925764192,0.100436681222707,7.0,0.0,7.0,5.0,5.1
22200683,2023-01-20,PELICANS at MAGIC,87751.0,938.0,117.0,99.5,233.0,0.321888,0.391566,0.0,0,0.206008583690987,0.0815450643776824,16.0,3.0,19.0,13.0,3.425
22200684,2023-01-20,KNICKS at HAWKS,124477.0,1312.0,246.0,94.5,263.0,0.296578,0.349727,0.0,1,0.102661596958175,0.0532319391634981,11.0,0.0,11.0,15.0,5.9
22200685,2023-01-20,WARRIORS at CAVALIERS,1075952.0,10214.0,783.0,97.0,234.0,0.474359,0.447059,0.0,0,0.123931623931624,0.123931623931624,9.0,4.0,13.0,6.0,6.875
22200686,2023-01-20,HEAT at MAVERICKS,407334.0,2967.0,230.0,91.5,205.0,0.321951,0.389262,0.0,2,0.209756097560976,0.0926829268292683,3.0,3.0,6.0,25.0,5.05
22200687,2023-01-20,CLIPPERS at SPURS,154890.0,1703.0,164.0,89.5,257.0,0.338521,0.317647,1.0,1,0.0933852140077821,0.0311284046692607,12.0,1.0,13.0,5.0,4.550000000000000
22200689,2023-01-20,NETS at JAZZ,739786.0,5990.0,391.0,95.0,223.0,0.457399,0.47619,0.0,2,0.130044843049327,0.170403587443946,8.0,5.0,13.0,11.0,4.675
22200688,2023-01-20,PACERS at NUGGETS,113673.0,1355.0,223.0,101.0,245.0,0.269388,0.359281,0.0,0,0.191836734693878,0.151020408163265,22.0,0.0,22.0,23.0,3.8
22200691,2023-01-20,THUNDER at KINGS,101677.0,1290.0,320.0,98.5,231.0,0.363636,0.433333,0.0,3,0.134199134199134,0.038961038961039,8.0,0.0,8.0,5.0,3.975
22200690,2023-01-20,GRIZZLIES at LAKERS,2233029.0,21782.0,1945.0,106.0,243.0,0.271605,0.358974,1.0,3,0.242798353909465,,,,,1.0,5.1
22200692,2023-01-21,CELTICS at RAPTORS,414628.0,3616.0,754.0,97.5,210.0,0.328571,0.315789,0.0,2,0.0904761904761905,0.176190476190476,5.0,3.0,8.0,2.0,5.0
22200693,2023-01-21,MAGIC at WIZARDS,86898.0,975.0,125.0,102.0,256.0,0.375,0.367568,1.0,0,0.1484375,0.06640625,10.0,4.0,14.0,20.0,3.9
22200694,2023-01-21,HORNETS at HAWKS,124080.0,1168.0,188.0,103.5,240.0,0.3,0.343023,1.0,0,0.15,,13.0,0.0,13.0,4.0,3.825
22200696,2023-01-21,ROCKETS at TIMBERWOLVES,106063.0,1160.0,153.0,101.5,217.0,0.359447,0.401235,1.0,1,0.179723502304147,0.105990783410138,11.0,3.0,14.0,9.0,4.475
22200697,2023-01-21,PACERS at SUNS,135926.0,1176.0,112.0,105.5,219.0,0.342466,0.363636,1.0,0,0.210045662100457,0.17351598173516,2.0,1.0,3.0,5.0,4.0
22200698,2023-01-21,76ERS at KINGS,261450.0,2553.0,319.0,98.5,256.0,0.292969,0.344633,0.0,2,0.16015625,0.08203125,6.0,3.0,9.0,2.0,4.675000000000000
22200701,2023-01-22,CLIPPERS at MAVERICKS,659166.0,4926.0,439.0,90.5,210.0,0.357143,0.401274,1.0,2,0.214285714285714,0.10952380952381,,,,14.0,5.2
22200699,2023-01-22,PELICANS at HEAT,245973.0,2278.0,140.0,99.5,196.0,0.244898,0.405063,1.0,1,0.183673469387755,0.239795918367347,13.0,1.0,14.0,4.0,4.200000000000000
22200700,2023-01-22,KNICKS at RAPTORS,141839.0,1356.0,153.0,96.5,241.0,0.410788,0.436047,1.0,2,0.190871369294606,0.153526970954357,10.0,2.0,12.0,9.0,6.0
22200702,2023-01-22,THUNDER at NUGGETS,151050.0,1753.0,311.0,90.0,200.0,0.255,0.315789,1.0,1,0.155,0.075,7.0,2.0,9.0,2.0,3.85
22200703,2023-01-22,GRIZZLIES at SUNS,474844.0,3705.0,456.0,104.5,222.0,0.324324,0.372222,0.0,2,0.18018018018018,0.0945945945945946,3.0,2.0,5.0,2.0,3.9
22200704,2023-01-22,NETS at WARRIORS,2169487.0,19171.0,2053.0,101.5,236.0,0.34322,0.349112,0.0,2,0.173728813559322,,8.0,7.0,15.0,4.0,7.5
22200705,2023-01-22,LAKERS at TRAIL BLAZERS,1952705.0,22851.0,2383.0,99.0,233.0,0.347639,0.44186,0.0,2,0.180257510729614,0.163090128755365,11.0,5.0,16.0,9.0,5.325
22200707,2023-01-23,CELTICS at MAGIC,468438.0,3958.0,658.0,95.5,211.0,0.412322,0.437126,1.0,2,0.113744075829384,0.14218009478673,4.0,2.0,6.0,15.0,4.525
22200706,2023-01-23,BUCKS at PISTONS,167872.0,1693.0,207.0,113.5,280.0,0.385714,0.454054,0.0,2,0.171428571428571,0.117857142857143,15.0,6.0,21.0,20.0,3.775
22200708,2023-01-23,HAWKS at BULLS,253638.0,2687.0,206.0,98.5,211.0,0.298578,0.372222,0.0,1,0.113744075829384,0.118483412322275,12.0,3.0,15.0,11.0,5.05
22200709,2023-01-23,TIMBERWOLVES at ROCKETS,135111.0,1610.0,135.0,107.5,233.0,0.347639,0.402235,1.0,1,0.15450643776824,0.111587982832618,10.0,0.0,10.0,5.0,4.475
22200710,2023-01-23,HORNETS at JAZZ,221814.0,1795.0,60.0,102.5,222.0,0.243243,0.327485,1.0,1,0.207207207207207,0.166666666666667,10.0,0.0,10.0,18.0,3.55
22200712,2023-01-23,GRIZZLIES at KINGS,370959.0,3462.0,556.0,104.5,233.0,0.437768,0.408602,1.0,3,0.0901287553648069,0.180257510729614,7.0,0.0,7.0,33.0,3.825
22200713,2023-01-24,BULLS at PACERS,125222.0,1344.0,198.0,100.0,226.0,0.199115,0.326203,0.0,1,0.18141592920354,0.146017699115044,8.0,0.0,8.0,6.0,4.6
22200714,2023-01-24,CELTICS at HEAT,567423.0,5362.0,895.0,94.5,193.0,0.341969,0.386905,0.0,2,0.202072538860104,0.103626943005181,7.0,1.0,8.0,3.0,5.3
22200715,2023-01-24,CAVALIERS at KNICKS,227258.0,2254.0,274.0,93.5,208.0,0.418269,0.407407,0.0,2,0.120192307692308,0.115384615384615,14.0,0.0,14.0,2.0,5.925
22200716,2023-01-24,NUGGETS at PELICANS,220894.0,2113.0,318.0,92.0,197.0,0.243655,0.357576,1.0,1,0.137055837563452,,,,,1.0,3.75
22200717,2023-01-24,WIZARDS at MAVERICKS,444705.0,3291.0,457.0,102.0,253.0,0.249012,0.348837,0.0,1,0.213438735177866,0.0869565217391304,3.0,1.0,4.0,1.0,4.625
22200718,2023-01-24,HORNETS at SUNS,104362.0,1097.0,88.0,102.5,225.0,0.373333,0.336842,0.0,0,0.111111111111111,0.0577777777777778,6.0,3.0,9.0,31.0,3.9750000000000000
22200719,2023-01-24,CLIPPERS at LAKERS,1400637.0,11306.0,2742.0,96.0,248.0,0.423387,0.435754,0.0,2,0.108870967741935,0.0887096774193548,11.0,5.0,16.0,18.0,6.2
22200720,2023-01-25,PACERS at MAGIC,81778.0,1023.0,205.0,96.5,246.0,0.365854,0.377246,1.0,0,0.170731707317073,0.113821138211382,9.0,1.0,10.0,6.0,3.4750000000000000
22200721,2023-01-25,NETS at 76ERS,853081.0,7280.0,1100.0,97.0,270.0,0.355556,0.405063,0.0,2,0.207407407407407,0.125925925925926,8.0,2.0,10.0,4.0,5.25
22200723,2023-01-25,NUGGETS at BUCKS,328599.0,2734.0,419.0,105.5,206.0,0.349515,0.365714,0.0,2,0.155339805825243,,10.0,5.0,15.0,8.0,4.15
22200725,2023-01-25,HAWKS at THUNDER,114171.0,1254.0,118.0,106.0,269.0,0.289963,0.33871,0.0,1,0.137546468401487,0.111524163568773,16.0,1.0,17.0,5.0,3.9
22200724,2023-01-25,TIMBERWOLVES at PELICANS,96024.0,1025.0,149.0,97.0,213.0,0.323944,0.401198,0.0,1,0.169014084507042,0.103286384976526,9.0,0.0,9.0,9.0,3.275
22200722,2023-01-25,WIZARDS at ROCKETS,105995.0,1087.0,131.0,98.5,211.0,0.241706,0.338462,1.0,0,0.151658767772512,0.14218009478673,15.0,1.0,16.0,5.0,4.975
22200728,2023-01-25,RAPTORS at KINGS,126079.0,1305.0,164.0,94.0,208.0,0.360577,0.423529,0.0,3,0.0817307692307692,0.110576923076923,12.0,2.0,14.0,18.0,4.475
22200727,2023-01-25,JAZZ at TRAIL BLAZERS,292092.0,2885.0,253.0,99.5,258.0,0.430233,0.430168,1.0,2,0.0968992248062016,0.166666666666667,16.0,10.0,26.0,10.0,3.7
22200729,2023-01-25,SPURS at LAKERS,1993502.0,20842.0,1473.0,108.0,217.0,0.248848,0.341837,0.0,1,0.179723502304147,0.248847926267281,7.0,2.0,9.0,9.0,5.35
22200726,2023-01-25,GRIZZLIES at WARRIORS,3096047.0,28124.0,2613.0,104.0,242.0,0.297521,0.364162,1.0,3,0.198347107438017,0.111570247933884,7.0,6.0,13.0,2.0,6.300000000000000
22200732,2023-01-26,BULLS at HORNETS,175206.0,1790.0,203.0,107.5,207.0,0.15942,0.325714,0.0,1,0.21256038647343,0.183574879227053,13.0,1.0,14.0,15.0,4.575
22200731,2023-01-26,PISTONS at NETS,439225.0,3610.0,632.0,102.0,252.0,0.285714,0.343915,0.0,1,0.182539682539683,0.103174603174603,,,,8.0,4.525
22200730,2023-01-26,KNICKS at CELTICS,595030.0,5601.0,884.0,95.55,237.0,0.367089,0.428571,0.0,3,0.160337552742616,,7.0,1.0,8.0,3.0,6.5
22200733,2023-01-26,CAVALIERS at ROCKETS,123662.0,1231.0,102.0,94.0,208.0,0.288462,0.349693,0.0,0,0.144230769230769,,16.0,2.0,18.0,18.0,5.025
22200734,2023-01-26,MAVERICKS at SUNS,406952.0,3323.0,431.0,89.0,194.0,0.402062,0.404908,0.0,1,0.164948453608247,0.134020618556701,4.0,2.0,6.0,4.0,4.8
22200735,2023-01-26,SPURS at CLIPPERS,166069.0,1777.0,214.0,95.5,238.0,0.327731,0.362573,1.0,1,0.142857142857143,0.0840336134453782,9.0,1.0,10.0,38.0,4.550000000000000
22200736,2023-01-27,BUCKS at PACERS,208249.0,2087.0,215.0,110.5,272.0,0.341912,0.406417,0.0,2,0.143382352941176,0.106617647058824,10.0,6.0,16.0,10.0,3.75
22200737,2023-01-27,GRIZZLIES at TIMBERWOLVES,523020.0,4187.0,574.0,104.0,211.0,0.298578,0.379888,0.0,3,0.123222748815166,0.156398104265403,12.0,1.0,13.0,11.0,3.225
22200738,2023-01-27,MAGIC at HEAT,240009.0,2214.0,173.0,99.5,215.0,0.306977,0.435065,0.0,1,0.227906976744186,0.12093023255814,5.0,2.0,7.0,5.0,4.325000000000000
22200739,2023-01-27,CAVALIERS at THUNDER,167721.0,1706.0,206.0,93.5,212.0,0.254717,0.286585,0.0,1,0.169811320754717,0.0849056603773585,10.0,2.0,12.0,12.0,3.925
22200740,2023-01-27,RAPTORS at WARRIORS,1601901.0,15510.0,1101.0,102.0,246.0,0.365854,0.397906,1.0,2,0.0975609756097561,0.211382113821138,9.0,4.0,13.0,12.0,6.95
22200741,2023-01-28,NUGGETS at SIXERS,487505.0,5278.0,1212.0,95.5,245.0,0.391837,0.405882,0.0,2,0.13469387755102,0.142857142857143,6.0,3.0,9.0,7.0,4.550000000000000
22200742,2023-01-28,KNICKS at NETS,597589.0,5641.0,495.0,93.0,237.0,0.405063,0.388571,1.0,2,0.0970464135021097,0.0632911392405063,6.0,0.0,6.0,7.0,6.55
22200744,2023-01-28,BULLS at MAGIC,160914.0,1695.0,168.0,97.0,237.0,0.329114,0.384146,1.0,1,0.139240506329114,0.0759493670886076,10.0,2.0,12.0,19.0,4.675
22200743,2023-01-28,ROCKETS at PISTONS,65299.0,944.0,220.0,103.5,231.0,0.285714,0.371429,1.0,0,0.194805194805195,0.0822510822510823,12.0,4.0,16.0,3.0,4.575
22200745,2023-01-28,CLIPPERS at HAWKS,298841.0,2673.0,248.0,97.0,233.0,0.334764,0.377143,0.0,1,0.141630901287554,0.133047210300429,10.0,0.0,10.0,7.0,4.85
22200746,2023-01-28,KINGS at TIMBERWOLVES,110628.0,1218.0,241.0,97.5,227.0,0.343612,0.432099,0.0,3,0.18942731277533,0.101321585903084,,,,7.0,3.85
22200747,2023-01-28,WIZARDS at PELICANS,90560.0,1001.0,85.0,100.5,216.0,0.263889,0.361111,0.0,0,0.180555555555556,0.106481481481481,8.0,1.0,9.0,10.0,3.775
22200748,2023-01-28,SUNS at SPURS,101790.0,1131.0,164.0,96.0,246.0,0.219512,0.25,1.0,0,0.130081300813008,0.0934959349593496,6.0,0.0,6.0,10.0,4.15
22200750,2023-01-28,MAVERICKS at JAZZ,344739.0,2622.0,166.0,93.5,208.0,0.447115,0.506173,0.0,1,0.139423076923077,0.129807692307692,9.0,6.0,15.0,8.0,4.375
22200749,2023-01-28,LAKERS at CELTICS,1656229.0,13483.0,4992.0,98.26,246.0,0.304878,0.433862,0.0,3,0.199186991869919,0.154471544715447,,,,4.0,6.25
22200751,2023-01-28,RAPTORS at TRAIL BLAZERS,160331.0,1605.0,217.0,92.0,228.0,0.223684,0.321429,0.0,2,0.153508771929825,0.0657894736842105,11.0,6.0,17.0,18.0,4.075
22200752,2023-01-29,HEAT at HORNETS,232053.0,2103.0,184.0,99.5,239.0,0.313808,0.403409,0.0,1,0.142259414225941,0.146443514644351,6.0,3.0,9.0,5.0,4.225
22200753,2023-01-29,PACERS at GRIZZLIES,390441.0,3112.0,168.0,91.0,212.0,0.254717,0.410714,0.0,2,0.169811320754717,0.174528301886792,19.0,0.0,19.0,12.0,3.3
22200754,2023-01-29,CLIPPERS at CAVALIERS,241579.0,2158.0,286.0,95.5,221.0,0.298643,0.311377,0.0,1,0.167420814479638,0.16289592760181,13.0,3.0,16.0,23.0,4.875
22200755,2023-01-29,PELICANS at BUCKS,438811.0,3601.0,311.0,104.0,245.0,0.367347,0.407407,0.0,2,0.110204081632653,0.0979591836734694,12.0,6.0,18.0,25.0,3.7000000000000000
22200756,2023-01-30,MAGIC at 76ERS,225272.0,2326.0,523.0,105.5,228.0,0.289474,0.320652,1.0,1,0.184210526315789,0.184210526315789,12.0,1.0,13.0,10.0,4.225
22200757,2023-01-30,LAKERS at NETS,1629896.0,13544.0,1446.0,99.5,225.0,0.36,0.380435,0.0,1,0.168888888888889,0.102222222222222,7.0,0.0,7.0,17.0,6.3
22200759,2023-01-30,WARRIORS at THUNDER,1295096.0,13560.0,830.0,110.0,248.0,0.375,0.387978,0.0,2,0.133064516129032,0.125,,,,8.0,6.45
22200760,2023-01-30,WIZARDS at SPURS,81147.0,809.0,108.0,99.0,233.0,0.296137,0.322404,0.0,0,0.128755364806867,0.107296137339056,6.0,1.0,7.0,21.0,3.975
22200758,2023-01-30,KINGS at TIMBERWOLVES,145587.0,1448.0,263.0,99.17,229.0,0.275109,0.361257,0.0,3,0.122270742358079,0.0829694323144105,14.0,0.0,14.0,7.0,3.85
22200761,2023-01-30,PISTONS at MAVERICKS,306175.0,2963.0,408.0,94.0,216.0,0.333333,0.462025,1.0,1,0.194444444444444,0.087962962962963,,,,6.0,4.225
22200762,2023-01-30,RAPTORS at SUNS,127503.0,1324.0,140.0,94.0,220.0,0.272727,0.346591,1.0,1,0.154545454545455,0.172727272727273,5.0,0.0,5.0,8.0,4.55
22200763,2023-01-30,HAWKS at TRAIL BLAZERS,199162.0,1879.0,138.0,93.0,254.0,0.377953,0.404624,0.0,1,0.188976377952756,0.062992125984252,6.0,6.0,12.0,4.0,3.9750000000000000
22200764,2023-01-31,HEAT at CAVALIERS,315000.0,2910.0,288.0,92.5,197.0,0.380711,0.440994,0.0,2,0.121827411167513,0.116751269035533,9.0,3.0,12.0,3.0,4.725
22200765,2023-01-31,LAKERS at KNICKS,1911500.0,19614.0,1486.0,97.36,252.0,0.214286,0.350785,1.0,2,0.198412698412698,0.0674603174603175,8.0,1.0,9.0,6.0,7.25
22200766,2023-01-31,CLIPPERS at BULLS,433275.0,4055.0,374.0,101.0,211.0,0.341232,0.4,0.0,2,0.175355450236967,0.165876777251185,11.0,1.0,12.0,5.0,5.6
22200767,2023-01-31,HORNETS at BUCKS,318445.0,2831.0,161.0,114.0,239.0,0.32636,0.384259,0.0,2,0.179916317991632,0.163179916317992,9.0,7.0,16.0,9.0,3.7250000000000000
22200768,2023-01-31,PELICANS at NUGGETS,255549.0,2220.0,248.0,101.5,235.0,0.306383,0.366279,0.0,1,0.174468085106383,0.174468085106383,15.0,1.0,16.0,9.0,3.75
22200770,2023-02-01,MAGIC at 76ERS,175316.0,1812.0,144.0,101.0,199.0,0.301508,0.442424,0.0,1,0.226130653266332,0.165829145728643,8.0,0.0,8.0,11.0,4.225
22200771,2023-02-01,TRAIL BLAZERS at GRIZZLIES,552753.0,4768.0,649.0,101.5,234.0,0.294872,0.41954,1.0,3,0.200854700854701,0.123931623931624,16.0,1.0,17.0,10.0,3.425
22200772,2023-02-01,NETS at CELTICS,825177.0,7083.0,1294.0,98.0,235.0,0.446809,0.516667,1.0,3,0.0936170212765957,0.170212765957447,14.0,1.0,15.0,43.0,5.55
22200775,2023-02-01,KINGS at SPURS,68237.0,1038.0,109.0,101.5,228.0,0.210526,0.286517,1.0,2,0.087719298245614,0.0789473684210526,6.0,6.0,12.0,10.0,4.075
22200773,2023-02-01,THUNDER at ROCKETS,94076.0,1069.0,129.0,100.5,218.0,0.261468,0.335025,1.0,1,0.188073394495413,0.100917431192661,3.0,3.0,6.0,6.0,4.6
22200774,2023-02-01,WARRIORS at TIMBERWOLVES,790199.0,7088.0,860.0,103.7,233.0,0.321888,0.431472,0.0,2,0.171673819742489,0.128755364806867,8.0,0.0,8.0,5.0,6.325
22200776,2023-02-01,RAPTORS at JAZZ,229937.0,1974.0,174.0,100.5,259.0,0.312741,0.362694,1.0,2,0.16988416988417,0.162162162162162,20.0,1.0,21.0,3.0,4.125
22200777,2023-02-01,HAWKS at SUNS,185818.0,1723.0,187.0,102.0,232.0,0.297414,0.344633,1.0,0,0.150862068965517,0.129310344827586,10.0,4.0,14.0,32.0,4.450000000000000
22200778,2023-02-02,LAKERS at PACERS,1618086.0,16530.0,1661.0,105.0,223.0,0.295964,0.340541,1.0,2,0.121076233183857,,8.0,1.0,9.0,1.0,5.2
22200780,2023-02-02,HEAT at KNICKS,232298.0,2209.0,295.0,94.5,210.0,0.357143,0.423529,1.0,2,0.128571428571429,0.0904761904761905,6.0,0.0,6.0,2.0,6.3
22200779,2023-02-02,GRIZZLIES at CAVALIERS,416360.0,3606.0,466.0,103.0,241.0,0.298755,0.292135,0.0,2,0.153526970954357,,12.0,3.0,15.0,15.0,3.775
22200781,2023-02-02,HORNETS at BULLS,120413.0,1324.0,141.0,96.5,212.0,0.254717,0.366279,0.0,1,0.160377358490566,0.150943396226415,13.0,2.0,15.0,16.0,4.575
22200782,2023-02-02,PELICANS at MAVERICKS,265257.0,2133.0,363.0,97.0,217.0,0.262673,0.360947,0.0,1,0.184331797235023,0.138248847926267,7.0,2.0,9.0,5.0,4.15
22200783,2023-02-02,WARRIORS at NUGGETS,1076613.0,8702.0,1100.0,101.0,251.0,0.418327,0.417143,0.0,2,0.111553784860558,0.0876494023904383,4.0,3.0,7.0,17.0,6.800000000000000
22200784,2023-02-02,CLIPPERS at BUCKS,644871.0,5869.0,985.0,102.0,211.0,0.312796,0.394595,0.0,3,0.156398104265403,,3.0,4.0,7.0,1.0,4.75
22200786,2023-02-03,KINGS at PACERS,90263.0,1095.0,149.0,104.5,211.0,0.42654,0.451429,1.0,2,0.127962085308057,0.213270142180095,8.0,1.0,9.0,3.0,3.925
22200787,2023-02-03,TRAIL BLAZERS at WIZARDS,174853.0,1711.0,157.0,94.0,240.0,0.3625,0.430233,0.0,1,0.170833333333333,0.075,4.0,9.0,13.0,8.0,3.95
22200785,2023-02-03,HORNETS at PISTONS,84872.0,1004.0,92.0,106.0,230.0,0.3,0.375,0.0,0,0.169565217391304,,5.0,4.0,9.0,6.0,3.4000000000000000
22200788,2023-02-03,SUNS at CELTICS,588585.0,4187.0,616.0,98.5,200.0,0.33,0.411765,0.0,2,0.19,0.115,10.0,1.0,11.0,12.0,5.05
22200791,2023-02-03,76ERS at SPURS,138023.0,1406.0,123.0,102.0,262.0,0.229008,0.272727,1.0,1,0.175572519083969,,8.0,2.0,10.0,12.0,4.300000000000000
22200789,2023-02-03,RAPTORS at ROCKETS,83675.0,907.0,88.0,98.0,228.0,0.289474,0.352941,1.0,1,0.192982456140351,0.131578947368421,9.0,1.0,10.0,6.0,5.1
22200790,2023-02-03,MAGIC at TIMBERWOLVES,169403.0,1388.0,165.0,105.0,247.0,0.340081,0.389535,0.0,1,0.198380566801619,0.048582995951417,10.0,1.0,11.0,7.0,3.4
22200792,2023-02-03,HAWKS at JAZZ,322256.0,2383.0,162.0,99.5,223.0,0.309417,0.435484,1.0,1,0.134529147982063,0.116591928251121,9.0,1.0,10.0,7.0,4.025
22200798,2023-02-04,LAKERS at PELICANS,1181909.0,8634.0,1540.0,104.0,257.0,0.233463,0.319588,0.0,1,0.167315175097276,0.136186770428016,11.0,1.0,12.0,5.0,5.15
22200793,2023-02-04,WIZARDS at NETS,322937.0,3658.0,534.0,104.0,248.0,0.326613,0.365269,0.0,0,0.229838709677419,,,,,2.0,4.925
22200795,2023-02-04,CLIPPERS at KNICKS,285566.0,2806.0,419.0,97.36,262.0,0.389313,0.413978,0.0,2,0.190839694656489,0.0648854961832061,6.0,0.0,6.0,6.0,6.45
22200794,2023-02-04,SUNS at PISTONS,79985.0,836.0,94.0,95.5,216.0,0.375,0.416667,1.0,0,0.162037037037037,0.0694444444444445,9.0,2.0,11.0,16.0,4.025
22200799,2023-02-04,ROCKETS at THUNDER,69391.0,946.0,164.0,103.0,274.0,0.339416,0.408602,0.0,1,0.14963503649635,,10.0,3.0,13.0,32.0,4.6
22200796,2023-02-04,TRAIL BLAZERS at BULLS,228241.0,2258.0,208.0,98.5,250.0,0.312,0.413174,0.0,2,0.16,0.056,6.0,3.0,9.0,8.0,4.725
22200797,2023-02-04,HEAT at BUCKS,356781.0,3144.0,499.0,102.5,238.0,0.277311,0.375661,0.0,3,0.142857142857143,0.138655462184874,10.0,7.0,17.0,8.0,4.6
22200800,2023-02-04,MAVERICKS at WARRIORS,1544683.0,11973.0,681.0,100.0,232.0,0.362069,0.449102,0.0,1,0.155172413793103,0.0991379310344828,8.0,3.0,11.0,6.0,7.2
22200801,2023-02-04,HAWKS at NUGGETS,193683.0,1814.0,297.0,103.5,236.0,0.266949,0.311828,0.0,1,0.13135593220339,,12.0,2.0,14.0,20.0,4.25
22200802,2023-02-05,MAGIC at HORNETS,135131.0,1353.0,161.0,98.5,232.0,0.258621,0.321839,1.0,0,0.163793103448276,0.112068965517241,11.0,0.0,11.0,6.0,3.45
22200803,2023-02-05,CAVALIERS at PACERS,197859.0,1783.0,143.0,98.0,225.0,0.306667,0.383333,0.0,2,0.133333333333333,0.128888888888889,7.0,1.0,8.0,19.0,3.875
22200805,2023-02-05,RAPTORS at GRIZZLIES,320986.0,2566.0,370.0,98.5,209.0,0.301435,0.351955,0.0,2,0.114832535885167,,,,,3.0,3.85
22200804,2023-02-05,76ERS at KNICKS,366349.0,3240.0,404.0,96.0,205.0,0.278049,0.398693,0.0,2,0.282926829268293,0.107317073170732,4.0,1.0,5.0,11.0,6.2
22200806,2023-02-05,NUGGETS at TIMBERWOLVES,242463.0,2002.0,379.0,103.5,226.0,0.212389,0.329114,1.0,1,0.20353982300885,0.190265486725664,16.0,0.0,16.0,30.0,3.725
22200807,2023-02-05,KINGS at PELICANS,163603.0,1549.0,171.0,96.5,240.0,0.3125,0.407186,0.0,1,0.204166666666667,0.0958333333333333,8.0,3.0,11.0,32.0,3.875
22200809,2023-02-06,CAVALIERS at WIZARDS,162068.0,1567.0,206.0,97.0,205.0,0.263415,0.35625,0.0,1,0.141463414634146,0.11219512195122,,,,23.0,4.3
22200808,2023-02-06,CELTICS at PISTONS,270177.0,2588.0,242.0,95.5,210.0,0.357143,0.411765,0.0,1,0.157142857142857,0.10952380952381,10.0,0.0,10.0,12.0,4.475
22200810,2023-02-06,CLIPPERS at NETS,519411.0,4463.0,598.0,101.5,240.0,0.35,0.346591,0.0,1,0.175,0.108333333333333,11.0,1.0,12.0,8.0,5.5
22200811,2023-02-06,SPURS at BULLS,127905.0,1506.0,146.0,108.5,232.0,0.181034,0.268156,0.0,1,0.163793103448276,0.172413793103448,10.0,0.0,10.0,24.0,4.75
22200812,2023-02-06,KINGS at ROCKETS,83977.0,1007.0,122.0,99.0,260.0,0.392308,0.412429,0.0,2,0.130769230769231,,12.0,1.0,13.0,20.0,5.075
22200813,2023-02-06,MAVERICKS at JAZZ,493647.0,3760.0,483.0,97.0,235.0,0.268085,0.4,0.0,1,0.212765957446809,0.131914893617021,9.0,0.0,9.0,13.0,4.375
22200814,2023-02-06,THUNDER at WARRIORS,1158365.0,12505.0,742.0,104.0,255.0,0.435294,0.43617,1.0,1,0.0705882352941177,0.109803921568627,8.0,5.0,13.0,27.0,6.45
22200815,2023-02-06,BUCKS at TRAIL BLAZERS,335669.0,2984.0,283.0,105.0,235.0,0.319149,0.438202,0.0,3,0.178723404255319,0.0936170212765957,8.0,3.0,11.0,19.0,3.875
22200816,2023-02-07,KNICKS at MAGIC,154562.0,1627.0,200.0,90.0,200.0,0.315,0.425,0.0,1,0.155,,11.0,0.0,11.0,4.0,5.525
22200818,2023-02-07,HAWKS at PELICANS,128227.0,1360.0,124.0,95.5,223.0,0.32287,0.386364,1.0,0,0.147982062780269,0.112107623318386,10.0,3.0,13.0,9.0,3.8
22200817,2023-02-07,SUNS at NETS,359034.0,2779.0,435.0,103.0,228.0,0.236842,0.345029,0.0,0,0.210526315789474,,15.0,1.0,16.0,4.0,5.1
22200819,2023-02-07,BULLS at GRIZZLIES,397753.0,3083.0,287.0,100.5,193.0,0.279793,0.404762,1.0,2,0.170984455958549,0.160621761658031,8.0,0.0,8.0,15.0,4.5
22200820,2023-02-07,TIMBERWOLVES at NUGGETS,140166.0,1504.0,276.0,106.5,258.0,0.267442,0.348315,1.0,2,0.151162790697674,0.127906976744186,11.0,1.0,12.0,34.0,3.725
22200821,2023-02-07,THUNDER at LAKERS,1631340.0,18776.0,4103.0,111.5,263.0,0.353612,0.363128,0.0,2,0.136882129277567,0.171102661596958,7.0,2.0,9.0,3.0,5.25
22200823,2023-02-08,HORNETS at WIZARDS,88114.0,980.0,70.0,97.5,222.0,0.324324,0.377778,0.0,0,0.144144144144144,0.103603603603604,9.0,1.0,10.0,14.0,3.8
22200822,2023-02-08,PISTONS at CAVALIERS,87707.0,965.0,86.0,92.0,198.0,0.212121,0.345238,0.0,0,0.191919191919192,0.0808080808080808,15.0,2.0,17.0,28.0,3.9
22200826,2023-02-08,SPURS at RAPTORS,77408.0,873.0,88.0,104.5,210.0,0.271429,0.342857,0.0,1,0.166666666666667,0.219047619047619,1.0,1.0,2.0,14.0,4.1
22200824,2023-02-08,76ERS at CELTICS,574962.0,4748.0,570.0,89.5,205.0,0.42439,0.415094,0.0,3,0.107317073170732,0.0829268292682927,7.0,0.0,7.0,7.0,5.2
22200825,2023-02-08,PACERS at HEAT,149094.0,1548.0,82.0,95.0,227.0,0.277533,0.33121,0.0,2,0.246696035242291,0.0881057268722467,5.0,1.0,6.0,5.0,4.25
22200827,2023-02-08,KINGS at ROCKETS,100805.0,1162.0,303.0,101.5,258.0,0.232558,0.292135,1.0,2,0.201550387596899,,11.0,1.0,12.0,2.0,5.075
22200828,2023-02-08,TIMBERWOLVES at JAZZ,165107.0,1324.0,128.0,102.0,261.0,0.402299,0.37931,0.0,2,0.0996168582375479,0.111111111111111,13.0,0.0,13.0,25.0,3.5
22200829,2023-02-08,MAVERICKS at CLIPPERS,1316276.0,13242.0,1332.0,97.5,214.0,0.406542,0.414634,0.0,1,0.126168224299065,0.14018691588785,6.0,4.0,10.0,6.0,5.2
22200830,2023-02-08,WARRIORS at TRAIL BLAZERS,888919.0,7045.0,481.0,99.5,247.0,0.352227,0.434286,0.0,1,0.161943319838057,0.11336032388664,11.0,5.0,16.0,3.0,6.525
22200831,2023-02-09,NUGGETS at MAGIC,160982.0,1710.0,328.0,99.5,219.0,0.260274,0.331492,0.0,1,0.127853881278539,0.159817351598174,12.0,2.0,14.0,11.0,3.875
22200833,2023-02-09,BULLS at NETS,479799.0,4042.0,605.0,102.5,221.0,0.298643,0.384615,0.0,1,0.167420814479638,0.0995475113122172,10.0,0.0,10.0,11.0,5.700000000000000
22200832,2023-02-09,SUNS at HAWKS,374240.0,2786.0,304.0,101.5,223.0,0.2287,0.325967,0.0,0,0.188340807174888,0.121076233183857,13.0,2.0,15.0,9.0,4.450000000000000
22200834,2023-02-09,BUCKS at LAKERS,1116134.0,8532.0,1236.0,99.5,221.0,0.257919,0.345745,1.0,2,0.126696832579186,,6.0,3.0,9.0,9.0,5.55
22200837,2023-02-10,KNICKS at 76ERS,191391.0,1917.0,177.0,93.5,227.0,0.330396,0.424242,0.0,2,0.123348017621145,0.171806167400881,6.0,3.0,9.0,11.0,6.2
22200836,2023-02-10,SUNS at PACERS,423982.0,3267.0,338.0,101.0,221.0,0.285068,0.404494,0.0,1,0.190045248868778,0.108597285067873,8.0,3.0,11.0,13.0,4.0
22200838,2023-02-10,HORNETS at CELTICS,334505.0,3155.0,343.0,105.5,243.0,0.407407,0.428571,0.0,1,0.131687242798354,,13.0,5.0,18.0,11.0,4.425
22200839,2023-02-10,JAZZ at RAPTORS,219915.0,1494.0,391.0,103.5,238.0,0.226891,0.325843,0.0,2,0.184873949579832,0.126050420168067,15.0,2.0,17.0,6.0,4.125
22200835,2023-02-10,SPURS at PISTONS,66303.0,836.0,144.0,101.38,269.0,0.234201,0.369159,0.0,0,0.245353159851301,,10.0,1.0,11.0,7.0,3.575
22200841,2023-02-10,TIMBERWOLVES at GRIZZLIES,380719.0,2794.0,284.0,104.0,235.0,0.319149,0.360465,0.0,3,0.127659574468085,0.119148936170213,9.0,0.0,9.0,21.0,3.225
22200840,2023-02-10,ROCKETS at HEAT,158290.0,1884.0,242.0,95.5,192.0,0.296875,0.42236,1.0,1,0.203125,0.182291666666667,11.0,1.0,12.0,2.0,5.4
22200844,2023-02-10,MAVERICKS at KINGS,990264.0,8811.0,1025.0,97.5,236.0,0.34322,0.4375,0.0,2,0.190677966101695,0.0720338983050848,5.0,0.0,5.0,8.0,4.725
22200842,2023-02-10,CAVALIERS at PELICANS,177491.0,1636.0,136.0,92.5,225.0,0.253333,0.311377,0.0,1,0.142222222222222,,21.0,0.0,21.0,11.0,3.8250000000000000
22200843,2023-02-10,THUNDER at TRAIL BLAZERS,122059.0,1376.0,194.0,97.0,267.0,0.314607,0.402516,1.0,2,0.228464419475655,0.108614232209738,14.0,8.0,22.0,9.0,3.575
22200845,2023-02-10,BUCKS at CLIPPERS,522630.0,3964.0,441.0,98.5,225.0,0.373333,0.411429,0.0,3,0.102222222222222,0.12,7.0,2.0,9.0,13.0,4.75
22200846,2023-02-11,76ERS at NETS,524784.0,4354.0,962.0,90.5,199.0,0.286432,0.377246,1.0,1,0.201005025125628,,,,,3.0,5.25
22200847,2023-02-11,NUGGETS at HORNETS,164843.0,1502.0,210.0,105.0,224.0,0.174107,0.298913,0.0,1,0.138392857142857,0.116071428571429,,,,14.0,3.7750000000000000
22200849,2023-02-11,PACERS at WIZARDS,67377.0,883.0,69.0,91.5,240.0,0.325,0.388235,1.0,1,0.133333333333333,0.1,7.0,3.0,10.0,14.0,3.825
22200850,2023-02-11,SPURS at HAWKS,71400.0,789.0,91.0,106.0,231.0,0.272727,0.319797,1.0,0,0.12987012987013,0.125541125541126,12.0,1.0,13.0,19.0,4.0
22200848,2023-02-11,HEAT at MAGIC,150140.0,1565.0,250.0,93.74,210.0,0.328571,0.395349,0.0,1,0.185714285714286,0.104761904761905,6.0,0.0,6.0,4.0,4.325000000000000
22200851,2023-02-11,JAZZ at KNICKS,324344.0,2645.0,270.0,97.5,246.0,0.256098,0.371585,1.0,2,0.199186991869919,0.117886178861789,9.0,2.0,11.0,6.0,5.625
22200852,2023-02-11,BULLS at CAVALIERS,198679.0,1844.0,356.0,95.0,186.0,0.225806,0.35,0.0,2,0.150537634408602,0.102150537634409,,,,8.0,5.075000000000000
22200853,2023-02-11,LAKERS at WARRIORS,2682733.0,23719.0,2544.0,106.0,212.0,0.283019,0.372973,0.0,0,0.150943396226415,0.14622641509434,10.0,2.0,12.0,6.0,8.2
22200854,2023-02-11,MAVERICKS at KINGS,1193618.0,10533.0,1732.0,99.17,261.0,0.321839,0.434555,0.0,3,0.14176245210728,0.134099616858238,9.0,1.0,10.0,5.0,4.725
22200855,2023-02-12,GRIZZLIES at CELTICS,898269.0,6952.0,709.0,96.0,228.0,0.434211,0.494186,1.0,3,0.144736842105263,0.0921052631578947,7.0,5.0,12.0,10.0,4.35
22200856,2023-02-12,PISTONS at RAPTORS,210089.0,1851.0,239.0,97.5,237.0,0.303797,0.385542,1.0,1,0.206751054852321,0.118143459915612,11.0,1.0,12.0,1.0,3.975
22200860,2023-02-13,ROCKETS at 76ERS,194291.0,1733.0,135.0,99.5,227.0,0.277533,0.345238,1.0,1,0.193832599118943,0.224669603524229,9.0,3.0,12.0,19.0,5.300000000000000
22200858,2023-02-13,SPURS at CAVALIERS,106416.0,1154.0,68.0,95.0,226.0,0.225664,0.300613,0.0,1,0.154867256637168,0.0884955752212389,6.0,4.0,10.0,8.0,4.025
22200857,2023-02-13,HAWKS at HORNETS,129588.0,1463.0,158.0,108.5,282.0,0.329787,0.338542,0.0,0,0.138297872340426,0.127659574468085,18.0,2.0,20.0,6.0,3.825
22200859,2023-02-13,JAZZ at PACERS,172673.0,1621.0,118.0,101.5,240.0,0.325,0.380682,0.0,2,0.15,0.1125,10.0,0.0,10.0,6.0,3.575
22200861,2023-02-13,NUGGETS at HEAT,650743.0,3814.0,805.0,90.0,220.0,0.313636,0.381818,0.0,2,0.140909090909091,0.0818181818181818,4.0,1.0,5.0,4.0,4.65
22200862,2023-02-13,NETS at KNICKS,380727.0,3238.0,570.0,90.0,230.0,0.352174,0.39375,0.0,1,0.18695652173913,,5.0,1.0,6.0,18.0,6.55
22200863,2023-02-13,MAGIC at BULLS,98706.0,1010.0,155.0,98.0,191.0,0.172775,0.287425,1.0,1,0.178010471204188,0.130890052356021,5.0,0.0,5.0,9.0,4.675
22200864,2023-02-13,PELICANS at THUNDER,110994.0,1106.0,119.0,95.5,203.0,0.26601,0.384146,0.0,1,0.152709359605911,0.133004926108374,8.0,2.0,10.0,3.0,3.4
22200865,2023-02-13,TIMBERWOLVES at MAVERICKS,964983.0,8490.0,1200.0,95.0,245.0,0.269388,0.407186,0.0,2,0.16734693877551,0.0979591836734694,7.0,1.0,8.0,3.0,4.125
22200867,2023-02-13,LAKERS at TRAIL BLAZERS,982986.0,9087.0,1715.0,102.0,242.0,0.433884,0.4375,0.0,1,0.128099173553719,,5.0,10.0,15.0,12.0,5.325
22200866,2023-02-13,WIZARDS at WARRIORS,779437.0,7289.0,332.0,97.5,261.0,0.367816,0.402367,0.0,0,0.111111111111111,0.111111111111111,7.0,3.0,10.0,9.0,6.825
22200868,2023-02-14,MAGIC at RAPTORS,177690.0,1724.0,281.0,99.0,236.0,0.266949,0.329341,0.0,1,0.122881355932203,0.14406779661017,12.0,3.0,15.0,10.0,4.025
22200869,2023-02-14,CELTICS at BUCKS,716501.0,6199.0,1303.0,103.25,256.0,0.410156,0.486772,1.0,2,0.16796875,,6.0,5.0,11.0,6.0,4.8
22200870,2023-02-14,KINGS at SUNS,641063.0,5294.0,586.0,99.0,229.0,0.275109,0.350877,0.0,2,0.148471615720524,0.100436681222707,,,,11.0,4.525
22200871,2023-02-14,WARRIORS at CLIPPERS,1085579.0,8195.0,775.0,96.0,258.0,0.372093,0.4,0.0,1,0.147286821705426,0.0658914728682171,8.0,0.0,8.0,10.0,7.4
22200872,2023-02-14,WIZARDS at TRAIL BLAZERS,152760.0,1459.0,185.0,97.0,227.0,0.38326,0.454545,0.0,1,0.158590308370044,0.110132158590308,15.0,9.0,24.0,25.0,3.95
22200873,2023-02-15,SPURS at HORNETS,117537.0,1383.0,150.0,108.0,230.0,0.352174,0.359606,0.0,0,0.152173913043478,0.152173913043478,11.0,4.0,15.0,10.0,3.5250000000000000
22200874,2023-02-15,BULLS at PACERS,101592.0,1064.0,196.0,100.0,230.0,0.430435,0.46988,0.0,1,0.160869565217391,0.169565217391304,8.0,2.0,10.0,4.0,4.6
22200877,2023-02-15,PISTONS at CELTICS,282355.0,2724.0,314.0,98.0,236.0,0.40678,0.420455,0.0,1,0.0847457627118644,0.13135593220339,5.0,0.0,5.0,18.0,4.475
22200878,2023-02-15,HEAT at NETS,466353.0,4548.0,606.0,90.5,221.0,0.339367,0.41875,0.0,1,0.171945701357466,0.0633484162895928,10.0,1.0,11.0,11.0,5.35
22200876,2023-02-15,KNICKS at HAWKS,192503.0,1994.0,406.0,101.5,223.0,0.255605,0.357513,0.0,1,0.152466367713004,0.183856502242152,10.0,0.0,10.0,21.0,5.9
22200875,2023-02-15,CAVALIERS at 76ERS,313031.0,2646.0,286.0,92.0,230.0,0.3,0.35625,0.0,2,0.204347826086957,0.0782608695652174,12.0,4.0,16.0,6.0,4.625
22200879,2023-02-15,JAZZ at GRIZZLIES,372741.0,2744.0,153.0,102.5,228.0,0.342105,0.383838,0.0,2,0.140350877192982,0.157894736842105,13.0,1.0,14.0,6.0,3.475
22200880,2023-02-15,ROCKETS at THUNDER,71360.0,578.0,137.0,105.5,229.0,0.248908,0.403409,1.0,1,0.2882096069869,0.165938864628821,5.0,2.0,7.0,37.0,4.6
22200881,2023-02-15,MAVERICKS at NUGGETS,926896.0,6299.0,1079.0,98.0,227.0,0.330396,0.416667,1.0,2,0.123348017621145,0.123348017621145,12.0,2.0,14.0,9.0,4.6
22200882,2023-02-15,PELICANS at LAKERS,2139802.0,21968.0,1843.0,101.5,222.0,0.22973,0.360465,0.0,1,0.175675675675676,0.112612612612613,9.0,1.0,10.0,18.0,5.15
22200883,2023-02-16,BUCKS at BULLS,394204.0,3104.0,385.0,95.0,212.0,0.396226,0.427027,0.0,2,0.141509433962264,0.127358490566038,7.0,3.0,10.0,12.0,4.950000000000000
22200884,2023-02-16,WIZARDS at TIMBERWOLVES,222575.0,2055.0,233.0,103.0,220.0,0.3,0.336842,0.0,1,0.154545454545455,,16.0,0.0,16.0,8.0,3.75
22200885,2023-02-16,CLIPPERS at SUNS,1069807.0,7420.0,695.0,99.0,223.0,0.295964,0.380117,1.0,1,0.165919282511211,0.0941704035874439,9.0,3.0,12.0,9.0,5.0
22200886,2023-02-23,NUGGETS at CAVALIERS,267857.0,2466.0,372.0,93.0,224.0,0.308036,0.356322,0.0,2,0.165178571428571,0.102678571428571,15.0,2.0,17.0,6.0,4.275
22200887,2023-02-23,CELTICS at PACERS,352192.0,3523.0,475.0,94.64,280.0,0.428571,0.455959,0.0,3,0.142857142857143,0.125,9.0,3.0,12.0,4.0,4.45
22200888,2023-02-23,PISTONS at MAGIC,76350.0,915.0,129.0,102.0,214.0,0.406542,0.369318,1.0,0,0.154205607476636,,,,,2.0,3.5
22200890,2023-02-23,PELICANS at RAPTORS,176682.0,1684.0,308.0,102.5,225.0,0.293333,0.346591,0.0,1,0.173333333333333,0.213333333333333,8.0,4.0,12.0,5.0,3.9
22200889,2023-02-23,GRIZZLIES at 76ERS,602761.0,7877.0,1100.0,100.0,215.0,0.27907,0.397661,1.0,3,0.274418604651163,,8.0,2.0,10.0,5.0,4.050000000000000
22200891,2023-02-23,SPURS at MAVERICKS,658173.0,5543.0,451.0,101.5,258.0,0.372093,0.39881,0.0,1,0.170542635658915,0.116279069767442,12.0,1.0,13.0,26.0,4.35
22200892,2023-02-23,THUNDER at JAZZ,252728.0,2663.0,301.0,100.98,239.0,0.263598,0.400943,0.0,2,0.184100418410042,,9.0,1.0,10.0,1.0,3.625
22200894,2023-02-23,TRAIL BLAZERS at KINGS,126489.0,1309.0,254.0,102.0,249.0,0.361446,0.404494,0.0,2,0.156626506024096,0.0682730923694779,5.0,0.0,5.0,17.0,4.05
22200893,2023-02-23,WARRIORS at LAKERS,2779325.0,25207.0,2496.0,105.0,235.0,0.382979,0.413613,0.0,1,0.174468085106383,,9.0,3.0,12.0,13.0,8.2
22200895,2023-02-24,KNICKS at WIZARDS,158657.0,1638.0,225.0,96.5,224.0,0.415179,0.426901,0.0,1,0.111607142857143,0.0669642857142857,9.0,10.0,19.0,6.0,5.875
22200897,2023-02-24,HEAT at BUCKS,335094.0,2673.0,461.0,106.0,227.0,0.370044,0.452632,1.0,3,0.145374449339207,0.114537444933921,6.0,7.0,13.0,29.0,4.6
22200896,2023-02-24,CAVALIERS at HAWKS,155213.0,1509.0,254.0,103.0,255.0,0.329412,0.364162,1.0,1,0.184313725490196,0.16078431372549,11.0,0.0,11.0,17.0,4.325000000000000
22200900,2023-02-24,NETS at BULLS,331655.0,3245.0,456.0,99.0,218.0,0.330275,0.414201,0.0,1,0.155963302752294,0.0504587155963303,,,,44.0,5.700000000000000
22200898,2023-02-24,HORNETS at TIMBERWOLVES,202364.0,1869.0,218.0,105.5,234.0,0.269231,0.32973,1.0,1,0.14957264957265,0.0982905982905983,11.0,2.0,13.0,8.0,3.3
22200901,2023-02-24,ROCKETS at WARRIORS,981719.0,9489.0,560.0,96.0,217.0,0.511521,0.523529,0.0,0,0.15668202764977,0.124423963133641,5.0,3.0,8.0,15.0,7.550000000000000
22200899,2023-02-24,THUNDER at SUNS,440673.0,3356.0,239.0,100.0,239.0,0.364017,0.410811,0.0,0,0.184100418410042,0.0585774058577406,7.0,4.0,11.0,9.0,4.05
22200902,2023-02-24,KINGS at CLIPPERS,1262038.0,17375.0,3398.0,108.0,351.0,0.376068,0.411483,0.0,3,0.168091168091168,,19.0,7.0,26.0,1.0,4.925000000000000
22200903,2023-02-25,RAPTORS at PISTONS,158750.0,1553.0,301.0,97.5,186.0,0.209677,0.274725,1.0,1,0.166666666666667,0.123655913978495,9.0,1.0,10.0,4.0,3.975
22200905,2023-02-25,PACERS at MAGIC,71596.0,772.0,66.0,101.0,229.0,0.275109,0.365079,1.0,1,0.183406113537118,0.170305676855895,13.0,1.0,14.0,13.0,3.4750000000000000
22200904,2023-02-25,HEAT at HORNETS,267431.0,2504.0,390.0,104.0,211.0,0.298578,0.39881,0.0,1,0.23696682464455,0.132701421800948,12.0,4.0,16.0,5.0,4.225
22200906,2023-02-25,PELICANS at KNICKS,274346.0,2445.0,302.0,104.0,234.0,0.346154,0.452632,1.0,1,0.158119658119658,0.111111111111111,11.0,0.0,11.0,,5.4
22200907,2023-02-25,NUGGETS at GRIZZLIES,561452.0,4145.0,593.0,99.0,206.0,0.378641,0.440217,0.0,3,0.087378640776699,0.145631067961165,4.0,0.0,4.0,18.0,3.7
22200908,2023-02-25,CELTICS at 76ERS,902208.0,9713.0,1590.0,96.5,217.0,0.345622,0.384146,1.0,3,0.165898617511521,0.193548387096774,7.0,0.0,7.0,3.0,5.2
22200909,2023-02-25,SPURS at JAZZ,164951.0,1609.0,115.0,102.5,220.0,0.259091,0.328042,1.0,1,0.177272727272727,0.140909090909091,13.0,0.0,13.0,16.0,3.725
22200910,2023-02-26,SUNS at BUCKS,723460.0,6189.0,936.0,94.5,205.0,0.307317,0.379121,0.0,1,0.136585365853659,0.0487804878048781,3.0,2.0,5.0,3.0,4.35
22200911,2023-02-26,NETS at HAWKS,258232.0,2810.0,232.0,104.0,256.0,0.351562,0.389831,0.0,0,0.1953125,,7.0,0.0,7.0,2.0,4.950000000000000
22200912,2023-02-26,WIZARDS at BULLS,189530.0,1950.0,200.0,88.0,184.0,0.228261,0.374194,1.0,1,0.141304347826087,0.103260869565217,7.0,0.0,7.0,20.0,5.025
22200913,2023-02-26,LAKERS at MAVERICKS,3296525.0,36492.0,3866.0,101.0,219.0,0.356164,0.436842,0.0,2,0.141552511415525,0.19634703196347,8.0,1.0,9.0,3.0,6.0
22200914,2023-02-26,RAPTORS at CAVALIERS,171598.0,1781.0,256.0,97.0,211.0,0.383886,0.344633,1.0,2,0.113744075829384,,,,,25.0,4.425
22200915,2023-02-26,KINGS at THUNDER,137638.0,1459.0,196.0,101.0,239.0,0.426778,0.48538,0.0,2,0.138075313807531,0.121338912133891,6.0,4.0,10.0,9.0,3.975
22200916,2023-02-26,TIMBERWOLVES  at WARRIORS,1048647.0,10379.0,576.0,102.0,213.0,0.450704,0.480663,1.0,1,0.126760563380282,,9.0,4.0,13.0,5.0,6.325
22200917,2023-02-26,ROCKETS at TRAIL BLAZERS,436638.0,6329.0,776.0,100.0,245.0,0.330612,0.367232,1.0,1,0.179591836734694,0.118367346938776,10.0,6.0,16.0,17.0,4.675
22200918,2023-02-26,CLIPPERS at NUGGETS,808522.0,6964.0,1383.0,99.17,258.0,0.27907,0.392473,0.0,2,0.186046511627907,0.124031007751938,9.0,2.0,11.0,10.0,4.800000000000000
22200919,2023-02-27,PISTONS at HORNETS,148585.0,1353.0,162.0,100.0,223.0,0.215247,0.297143,0.0,0,0.165919282511211,0.192825112107623,,,,11.0,3.4000000000000000
22200920,2023-02-27,HEAT at 76ERS,586134.0,4727.0,560.0,91.0,200.0,0.375,0.415584,1.0,2,0.205,,5.0,5.0,10.0,2.0,5.0
22200921,2023-02-27,CELTICS at KNICKS,603911.0,5220.0,903.0,94.5,203.0,0.310345,0.450617,0.0,2,0.167487684729064,0.0886699507389163,8.0,0.0,8.0,15.0,6.5
22200922,2023-02-27,MAGIC at PELICANS,164263.0,1573.0,158.0,95.0,194.0,0.231959,0.393548,0.0,0,0.201030927835052,0.123711340206186,,,,8.0,3.425
22200927,2023-02-28,LAKERS at GRIZZLIES,1274716.0,9251.0,1446.0,108.5,230.0,0.247826,0.328283,0.0,2,0.143478260869565,0.208695652173913,20.0,1.0,21.0,12.0,5.1
22200923,2023-02-28,WIZARDS at HAWKS,98230.0,1007.0,178.0,96.0,235.0,0.242553,0.294737,1.0,0,0.14468085106383,0.127659574468085,8.0,0.0,8.0,3.0,4.275
22200924,2023-02-28,BUCKS at NETS,434725.0,3930.0,487.0,107.5,222.0,0.351351,0.394595,0.0,2,0.108108108108108,0.193693693693694,9.0,0.0,9.0,14.0,4.85
22200926,2023-02-28,NUGGETS at ROCKETS,115790.0,1120.0,146.0,100.0,245.0,0.306122,0.359788,0.0,1,0.0734693877551021,0.146938775510204,19.0,3.0,22.0,21.0,4.95
22200925,2023-02-28,BULLS at RAPTORS,152797.0,1423.0,121.0,93.5,202.0,0.371287,0.406061,1.0,2,0.133663366336634,0.0841584158415842,7.0,2.0,9.0,6.0,5.15
22200928,2023-02-28,KINGS at THUNDER,86124.0,972.0,122.0,105.0,240.0,0.325,0.427778,0.0,1,0.175,0.120833333333333,10.0,0.0,10.0,6.0,3.975
22200929,2023-02-28,PACERS at MAVERICKS,445082.0,3650.0,809.0,99.0,246.0,0.280488,0.384615,1.0,2,0.199186991869919,0.0975609756097561,11.0,2.0,13.0,2.0,4.2
22200930,2023-02-28,SPURS at JAZZ,111135.0,1120.0,158.0,102.0,196.0,0.27551,0.340909,0.0,1,0.204081632653061,0.0459183673469388,11.0,1.0,12.0,8.0,3.725
22200931,2023-02-28,TRAIL BLAZERS at WARRIORS,1239418.0,14225.0,1072.0,98.5,228.0,0.315789,0.389831,0.0,1,0.140350877192982,0.0833333333333333,7.0,3.0,10.0,18.0,6.525
22200932,2023-02-28,TIMBERWOLVES at CLIPPERS,414513.0,3246.0,903.0,105.5,209.0,0.287081,0.312139,0.0,2,0.157894736842105,0.114832535885167,8.0,3.0,11.0,7.0,4.325
22200933,2023-03-01,SUNS at HORNETS,1626629.0,13720.0,1227.0,101.0,196.0,0.27551,0.327684,1.0,0,0.153061224489796,0.153061224489796,11.0,1.0,12.0,14.0,3.9750000000000000
22200934,2023-03-01,BULLS at PISTONS,143246.0,1518.0,180.0,101.0,232.0,0.336207,0.380368,0.0,1,0.198275862068966,0.0948275862068966,6.0,2.0,8.0,2.0,4.625
22200936,2023-03-01,76ERS at HEAT,233585.0,2075.0,209.0,93.0,215.0,0.306977,0.42236,0.0,1,0.2,0.153488372093023,2.0,4.0,6.0,23.0,5.0
22200935,2023-03-01,CAVALIERS at CELTICS,564298.0,5038.0,386.0,93.0,230.0,0.33913,0.376471,0.0,3,0.156521739130435,0.156521739130435,10.0,3.0,13.0,4.0,4.925
22200938,2023-03-01,GRIZZLIES at ROCKETS,148516.0,1365.0,104.0,93.5,212.0,0.396226,0.433526,0.0,2,0.150943396226415,0.0849056603773585,,,,14.0,4.45
22200939,2023-03-01,MAGIC at BUCKS,213691.0,2199.0,333.0,105.0,256.0,0.410156,0.473404,0.0,2,0.14453125,0.13671875,,,,22.0,3.8250000000000000
22200940,2023-03-01,LAKERS at THUNDER,1381517.0,12551.0,1154.0,99.0,240.0,0.3375,0.438596,0.0,0,0.204166666666667,,6.0,0.0,6.0,6.0,5.25
22200937,2023-03-01,NETS at KNICKS,207014.0,2186.0,322.0,105.0,260.0,0.403846,0.413408,0.0,1,0.126923076923077,0.0653846153846154,8.0,0.0,8.0,24.0,6.55
22200941,2023-03-01,PELICANS at TRAIL BLAZERS,210014.0,1881.0,286.0,94.0,231.0,0.25974,0.370588,0.0,1,0.203463203463203,0.0692640692640693,6.0,0.0,6.0,11.0,3.4750000000000000
22200942,2023-03-02,RAPTORS at WIZARDS,135671.0,1185.0,189.0,101.0,227.0,0.303965,0.357955,0.0,1,0.158590308370044,0.0881057268722467,12.0,7.0,19.0,11.0,4.375
22200943,2023-03-02,76ERS at MAVERICKS,1192929.0,11190.0,996.0,100.0,259.0,0.428571,0.46875,0.0,2,0.162162162162162,0.154440154440154,5.0,2.0,7.0,7.0,4.95
22200944,2023-03-02,PACERS at SPURS,80531.0,918.0,117.0,102.0,209.0,0.258373,0.292553,0.0,0,0.0909090909090909,0.157894736842105,7.0,1.0,8.0,11.0,3.55
22200945,2023-03-02,CLIPPERS at WARRIORS,1481720.0,15173.0,1742.0,103.0,206.0,0.334951,0.489011,0.0,1,0.199029126213592,0.111650485436893,6.0,6.0,12.0,24.0,7.4
22200946,2023-03-03,MAGIC at HORNETS,70644.0,953.0,109.0,99.5,223.0,0.255605,0.304878,1.0,0,0.161434977578475,0.152466367713004,16.0,0.0,16.0,11.0,3.45
22200947,2023-03-03,TRAIL BLAZERS at HAWKS,147326.0,1514.0,148.0,103.0,240.0,0.3125,0.365169,0.0,1,0.120833333333333,0.1125,8.0,0.0,8.0,18.0,3.9750000000000000
22200948,2023-03-03,NETS at CELTICS,556604.0,5529.0,861.0,103.5,220.0,0.313636,0.407821,0.0,2,0.159090909090909,0.190909090909091,7.0,8.0,15.0,10.0,5.55
22200951,2023-03-03,JAZZ at THUNDER,113549.0,1055.0,128.0,103.5,233.0,0.334764,0.395604,0.0,1,0.11587982832618,0.180257510729614,4.0,4.0,8.0,27.0,3.625
22200950,2023-03-03,SUNS at BULLS,795674.0,6663.0,650.0,90.5,229.0,0.353712,0.419162,0.0,1,0.174672489082969,0.0567685589519651,4.0,1.0,5.0,21.0,5.200000000000000
22200949,2023-03-03,KNICKS at HEAT,268498.0,3147.0,606.0,95.0,242.0,0.359504,0.407407,0.0,2,0.169421487603306,,3.0,2.0,5.0,2.0,6.3
22200954,2023-03-03,CLIPPERS at KINGS,552389.0,4598.0,1368.0,99.0,255.0,0.282353,0.425287,1.0,3,0.176470588235294,,8.0,0.0,8.0,1.0,4.925000000000000
22200953,2023-03-03,PELICANS at WARRIORS,919066.0,10807.0,865.0,96.0,207.0,0.289855,0.387097,0.0,0,0.188405797101449,0.106280193236715,14.0,3.0,17.0,9.0,6.35
22200952,2023-03-03,GRIZZLIES at NUGGETS,457656.0,4035.0,743.0,96.5,210.0,0.271429,0.368421,1.0,3,0.233333333333333,0.123809523809524,9.0,3.0,12.0,16.0,3.7
22200955,2023-03-03,TIMBERWOLVES at LAKERS,825606.0,5789.0,927.0,100.0,212.0,0.339623,0.369318,1.0,1,0.150943396226415,0.169811320754717,8.0,2.0,10.0,8.0,5.125
22200956,2023-03-04,RAPTORS at WIZARDS,139242.0,1291.0,199.0,89.66,225.0,0.346667,0.327273,0.0,1,0.128888888888889,0.102222222222222,12.0,9.0,21.0,7.0,4.375
22200957,2023-03-04,PISTONS at CAVALIERS,155877.0,1508.0,147.0,102.0,204.0,0.294118,0.337209,0.0,1,0.137254901960784,0.191176470588235,15.0,3.0,18.0,24.0,3.9
22200958,2023-03-04,HAWKS at HEAT,213483.0,2011.0,206.0,99.5,226.0,0.292035,0.401235,1.0,1,0.20353982300885,0.163716814159292,,,,8.0,4.700000000000000
22200959,2023-03-04,ROCKETS at SPURS,56165.0,717.0,119.0,97.5,232.0,0.297414,0.346821,1.0,0,0.150862068965517,0.211206896551724,14.0,1.0,15.0,12.0,4.7
22200960,2023-03-04,76ERS at BUCKS,910210.0,7907.0,1142.0,96.0,263.0,0.39924,0.42515,1.0,3,0.212927756653992,0.0722433460076046,4.0,6.0,10.0,3.0,4.5
22200961,2023-03-04,TIMBERWOLVES at KINGS,232096.0,2068.0,308.0,98.0,272.0,0.375,0.390533,1.0,3,0.161764705882353,0.136029411764706,9.0,1.0,10.0,4.0,3.85
22200962,2023-03-05,SUNS at MAVERICKS,2779980.0,23240.0,3198.0,97.5,256.0,0.316406,0.433735,1.0,1,0.21484375,0.09765625,6.0,2.0,8.0,4.0,4.8
22200963,2023-03-05,PACERS at BULLS,145938.0,1481.0,193.0,93.5,247.0,0.315789,0.392857,0.0,2,0.1417004048583,0.0647773279352227,8.0,4.0,12.0,3.0,4.6
22200964,2023-03-05,WARRIORS at LAKERS,2907052.0,26481.0,2429.0,99.0,218.0,0.399083,0.456989,1.0,1,0.151376146788991,0.105504587155963,3.0,2.0,5.0,8.0,8.2
22200965,2023-03-05,HORNETS at NETS,146602.0,1559.0,142.0,101.0,188.0,0.319149,0.405556,0.0,0,0.159574468085106,0.117021276595745,5.0,0.0,5.0,16.0,4.475
22200966,2023-03-05,TRAIL BLAZERS at MAGIC,129798.0,1219.0,76.0,102.0,241.0,0.3361,0.467066,0.0,1,0.215767634854772,0.141078838174274,12.0,0.0,12.0,3.0,3.6000000000000000
22200968,2023-03-05,JAZZ at THUNDER,216023.0,1674.0,138.0,103.0,248.0,0.302419,0.422857,0.0,1,0.19758064516129,0.165322580645161,,,,10.0,3.625
22200967,2023-03-05,SPURS at ROCKETS,59132.0,766.0,96.0,103.5,252.0,0.285714,0.325843,0.0,0,0.150793650793651,0.19047619047619,18.0,0.0,18.0,32.0,4.7
22200973,2023-03-05,BUCKS at WIZARDS,212665.0,2037.0,238.0,101.0,228.0,0.394737,0.418848,0.0,2,0.12280701754386,0.0921052631578947,4.0,1.0,5.0,6.0,4.175
22200969,2023-03-05,KNICKS at CELTICS,587179.0,6733.0,1192.0,95.17,260.0,0.415385,0.490196,1.0,3,0.169230769230769,0.0961538461538462,,,,2.0,6.5
22200970,2023-03-05,GRIZZLIES at CLIPPERS,675218.0,6175.0,803.0,102.0,264.0,0.340909,0.355932,1.0,2,0.166666666666667,0.132575757575758,12.0,5.0,17.0,6.0,4.300000000000000
22200977,2023-03-06,TRAIL BLAZERS at PISTONS,129594.0,1197.0,72.0,96.5,214.0,0.350467,0.396341,0.0,1,0.154205607476636,0.107476635514019,12.0,2.0,14.0,6.0,3.55
22200971,2023-03-06,CELTICS at CAVALIERS,808506.0,7335.0,837.0,97.36,232.0,0.362069,0.416244,1.0,2,0.146551724137931,0.0905172413793104,9.0,0.0,9.0,4.0,4.925
22200972,2023-03-06,76ERS at PACERS,329951.0,2901.0,299.0,105.0,290.0,0.32069,0.412791,1.0,2,0.196551724137931,0.124137931034483,7.0,7.0,14.0,4.0,4.15
22200974,2023-03-06,HAWKS at HEAT,281396.0,2594.0,228.0,98.0,258.0,0.290698,0.343195,1.0,1,0.189922480620155,0.0813953488372093,9.0,3.0,12.0,2.0,4.700000000000000
22200975,2023-03-06,RAPTORS at NUGGETS,232014.0,2057.0,780.0,98.5,231.0,0.298701,0.348837,0.0,2,0.155844155844156,,13.0,2.0,15.0,5.0,4.35
22200976,2023-03-06,PELICANS at KINGS,218488.0,2032.0,285.0,97.0,231.0,0.350649,0.411043,0.0,1,0.103896103896104,0.0865800865800866,16.0,0.0,16.0,15.0,3.875
22200769,2023-03-07,WIZARDS at PISTONS,66486.0,917.0,98.0,92.5,236.0,0.317797,0.333333,0.0,0,0.13135593220339,,9.0,5.0,14.0,2.0,3.85
22200978,2023-03-07,BUCKS at MAGIC,175438.0,1578.0,198.0,107.0,257.0,0.22179,0.325843,0.0,0,0.178988326848249,0.143968871595331,10.0,0.0,10.0,11.0,3.8250000000000000
22200980,2023-03-07,76ERS at TIMBERWOLVES,262487.0,2244.0,255.0,96.5,211.0,0.369668,0.365269,0.0,2,0.175355450236967,0.0995260663507109,3.0,1.0,4.0,23.0,4.075
22200979,2023-03-07,HORNETS at KNICKS,135899.0,1317.0,302.0,94.0,217.0,0.317972,0.413793,0.0,1,0.15668202764977,,12.0,0.0,12.0,7.0,5.425
22200981,2023-03-07,NETS at ROCKETS,172941.0,1712.0,150.0,98.5,214.0,0.308411,0.402439,1.0,0,0.186915887850467,,13.0,1.0,14.0,,5.65
22200982,2023-03-07,WARRIORS at THUNDER,916055.0,7572.0,988.0,108.0,265.0,0.418868,0.480874,0.0,2,0.128301886792453,0.105660377358491,12.0,1.0,13.0,9.0,6.45
22200983,2023-03-07,JAZZ at MAVERICKS,822524.0,7227.0,606.0,110.0,236.0,0.432203,0.491713,1.0,2,0.152542372881356,0.152542372881356,6.0,4.0,10.0,4.0,4.375
22200984,2023-03-07,GRIZZLIES at LAKERS,1766752.0,19124.0,1834.0,107.0,215.0,0.223256,0.355191,1.0,1,0.209302325581395,0.153488372093023,8.0,1.0,9.0,9.0,5.1
22200985,2023-03-08,HAWKS at WIZARDS,115153.0,1290.0,109.0,101.0,242.0,0.297521,0.345238,0.0,0,0.140495867768595,0.0743801652892562,13.0,3.0,16.0,2.0,4.275
22200986,2023-03-08,TRAIL BLAZERS at CELTICS,467021.0,3868.0,246.0,103.0,208.0,0.418269,0.517647,0.0,3,0.168269230769231,0.0769230769230769,1.0,3.0,4.0,22.0,4.575
22200987,2023-03-08,CAVALIERS at HEAT,297122.0,2430.0,253.0,94.5,204.0,0.25,0.38,0.0,2,0.191176470588235,0.132352941176471,,,,4.0,4.725
22200988,2023-03-08,MAVERICKS at PELICANS,829099.0,5977.0,561.0,98.0,219.0,0.39726,0.426901,0.0,1,0.136986301369863,0.0867579908675799,10.0,1.0,11.0,7.0,4.15
22200989,2023-03-08,BULLS at NUGGETS,321868.0,3114.0,405.0,97.0,213.0,0.323944,0.361582,0.0,2,0.112676056338028,0.112676056338028,11.0,0.0,11.0,21.0,5.0
22200990,2023-03-08,THUNDER at SUNS,460654.0,3772.0,356.0,100.5,233.0,0.450644,0.472527,1.0,0,0.145922746781116,0.180257510729614,3.0,2.0,5.0,31.0,4.05
22200991,2023-03-08,RAPTORS at CLIPPERS,379243.0,3655.0,460.0,95.5,208.0,0.274038,0.311377,0.0,2,0.177884615384615,0.144230769230769,19.0,4.0,23.0,8.0,4.95
22200992,2023-03-09,HORNETS at PISTONS,63927.0,807.0,82.0,100.5,216.0,0.208333,0.257143,0.0,0,0.162037037037037,,10.0,2.0,12.0,10.0,3.4000000000000000
22200994,2023-03-09,JAZZ at MAGIC,195751.0,1607.0,148.0,101.0,255.0,0.341176,0.373626,0.0,1,0.156862745098039,0.0470588235294118,13.0,2.0,15.0,7.0,3.65
22200993,2023-03-09,ROCKETS at PACERS,87772.0,956.0,91.0,100.98,259.0,0.277992,0.299517,1.0,1,0.158301158301158,0.135135135135135,12.0,1.0,13.0,9.0,4.55
22200996,2023-03-09,WARRIORS at GRIZZLIES,1173371.0,8820.0,1503.0,102.0,241.0,0.410788,0.485714,0.0,2,0.149377593360996,0.0995850622406639,4.0,3.0,7.0,21.0,6.300000000000000
22200995,2023-03-09,NETS at BUCKS,393668.0,3251.0,355.0,106.0,231.0,0.428571,0.413462,1.0,1,0.121212121212121,0.0952380952380952,3.0,4.0,7.0,5.0,4.85
22200997,2023-03-09,KNICKS at KINGS,329322.0,3217.0,411.0,104.5,239.0,0.288703,0.443243,0.0,3,0.184100418410042,0.125523012552301,12.0,2.0,14.0,5.0,5.975
22200998,2023-03-10,TRAIL BLAZERS at 76ERS,421349.0,4325.0,638.0,95.5,239.0,0.32636,0.404908,0.0,2,0.179916317991632,,8.0,5.0,13.0,1.0,4.275
22200999,2023-03-10,HAWKS at WIZARDS,103960.0,1065.0,107.0,102.5,221.0,0.298643,0.31694,1.0,0,0.131221719457014,,11.0,5.0,16.0,7.0,4.275
22201000,2023-03-10,CAVALIERS at HEAT,377602.0,3327.0,215.0,97.5,234.0,0.410256,0.428571,1.0,2,0.162393162393162,0.0982905982905983,7.0,2.0,9.0,4.0,4.725
22201002,2023-03-10,NUGGETS at SPURS,139721.0,1530.0,348.0,106.5,248.0,0.314516,0.369565,0.0,1,0.129032258064516,,14.0,1.0,15.0,8.0,3.95
22201001,2023-03-10,NETS at TIMBERWOLVES,287547.0,2516.0,349.0,99.17,247.0,0.303644,0.338624,0.0,1,0.17004048582996,0.0769230769230769,14.0,0.0,14.0,1.0,4.425
22201003,2023-03-10,RAPTORS at LAKERS,2121808.0,24881.0,3140.0,101.0,234.0,0.294872,0.337209,0.0,1,0.123931623931624,0.141025641025641,7.0,1.0,8.0,10.0,5.75
22201004,2023-03-11,KNICKS at CLIPPERS,535547.0,4652.0,559.0,92.0,201.0,0.253731,0.344633,0.0,2,0.17910447761194,0.139303482587065,11.0,2.0,13.0,11.0,6.45
22201005,2023-03-11,JAZZ at HORNETS,156029.0,1433.0,121.0,98.5,230.0,0.33913,0.358209,0.0,1,0.139130434782609,0.143478260869565,16.0,2.0,18.0,8.0,3.55
22201008,2023-03-11,CELTICS at HAWKS,401651.0,3419.0,349.0,103.5,259.0,0.34749,0.389744,1.0,2,0.0965250965250965,0.150579150579151,15.0,2.0,17.0,9.0,4.9
22201010,2023-03-11,MAVERICKS at GRIZZLIES,484780.0,3262.0,354.0,96.5,220.0,0.340909,0.473684,0.0,1,0.159090909090909,0.131818181818182,4.0,3.0,7.0,4.0,4.1
22201009,2023-03-11,BULLS at ROCKETS,139264.0,1637.0,155.0,97.0,230.0,0.404348,0.385965,0.0,1,0.126086956521739,0.108695652173913,7.0,3.0,10.0,8.0,5.75
22201011,2023-03-11,THUNDER at PELICANS,96682.0,968.0,98.0,99.5,206.0,0.305825,0.385093,0.0,1,0.20873786407767,0.135922330097087,6.0,0.0,6.0,14.0,3.4
22201012,2023-03-11,BUCKS at WARRIORS,2036371.0,21123.0,2169.0,103.7,241.0,0.547718,0.5,1.0,2,0.0788381742738589,0.103734439834025,1.0,9.0,10.0,9.0,6.75
22201013,2023-03-11,KINGS at SUNS,702505.0,5341.0,731.0,106.5,247.0,0.340081,0.454023,1.0,2,0.198380566801619,0.129554655870445,8.0,0.0,8.0,9.0,4.525
22201014,2023-03-12,NETS at NUGGETS,542046.0,4591.0,737.0,94.5,242.0,0.359504,0.431034,0.0,1,0.161157024793388,0.140495867768595,10.0,2.0,12.0,2.0,4.9
22201016,2023-03-12,WIZARDS at 76ERS,224524.0,2003.0,192.0,91.5,205.0,0.24878,0.335366,0.0,1,0.185365853658537,0.136585365853659,,,,19.0,4.575
22201017,2023-03-12,TRAIL BLAZERS at PELICANS,114749.0,1078.0,97.0,105.5,237.0,0.367089,0.41954,0.0,0,0.151898734177215,,12.0,7.0,19.0,17.0,3.4750000000000000
22201019,2023-03-12,KNICKS at LAKERS,1137700.0,9152.0,1522.0,94.5,220.0,0.313636,0.412429,0.0,1,0.122727272727273,0.209090909090909,10.0,3.0,13.0,4.0,7.25
22201020,2023-03-13,PACERS at PISTONS,59052.0,674.0,86.0,98.0,214.0,0.336449,0.376344,1.0,0,0.102803738317757,0.126168224299065,12.0,0.0,12.0,20.0,3.425
22201021,2023-03-13,TIMBERWOLVES at HAWKS,162003.0,1453.0,235.0,108.5,251.0,0.191235,0.26455,0.0,1,0.155378486055777,0.119521912350598,16.0,0.0,16.0,21.0,3.775
22201023,2023-03-13,GRIZZLIES at MAVERICKS,415890.0,2705.0,378.0,98.0,192.0,0.375,0.479769,1.0,1,0.114583333333333,0.208333333333333,6.0,1.0,7.0,16.0,4.1
22201022,2023-03-13,JAZZ at HEAT,243027.0,2301.0,125.0,100.5,234.0,0.384615,0.426036,0.0,2,0.188034188034188,,11.0,2.0,13.0,4.0,4.425
22201024,2023-03-13,CELTICS at ROCKETS,334983.0,3004.0,752.0,97.0,220.0,0.313636,0.435028,0.0,2,0.177272727272727,,,,,2.0,5.6
22201026,2023-03-13,BUCKS at KINGS,455711.0,4771.0,670.0,102.0,257.0,0.420233,0.436842,0.0,4,0.11284046692607,0.101167315175097,9.0,1.0,10.0,9.0,4.275
22201025,2023-03-13,SUNS at WARRIORS,2034286.0,19418.0,1787.0,99.5,235.0,0.293617,0.337079,0.0,1,0.127659574468085,0.119148936170213,,,,11.0,7.0
22201028,2023-03-14,PISTONS at WIZARDS,51848.0,630.0,58.0,96.0,214.0,0.238318,0.358696,1.0,0,0.154205607476636,0.121495327102804,12.0,2.0,14.0,20.0,3.85
22201027,2023-03-14,CAVALIERS at HORNETS,114306.0,1233.0,122.0,96.5,224.0,0.267857,0.323171,0.0,0,0.125,0.0982142857142857,17.0,3.0,20.0,16.0,3.8500000000000000
22201029,2023-03-14,NUGGETS at RAPTORS,230675.0,2134.0,454.0,95.5,235.0,0.229787,0.325444,0.0,2,0.148936170212766,0.178723404255319,19.0,2.0,21.0,15.0,4.35
22201032,2023-03-14,MAGIC at SPURS,66535.0,827.0,81.0,101.0,246.0,0.390244,0.384615,0.0,0,0.121951219512195,0.113821138211382,10.0,0.0,10.0,18.0,3.625
22201030,2023-03-14,LAKERS at PELICANS,1595817.0,15686.0,1423.0,98.5,231.0,0.376623,0.455556,0.0,0,0.164502164502165,0.0865800865800866,5.0,0.0,5.0,15.0,5.15
22201031,2023-03-14,NETS at THUNDER,211127.0,1983.0,204.0,103.5,228.0,0.302632,0.40884,0.0,1,0.197368421052632,,10.0,0.0,10.0,14.0,4.55
22201033,2023-03-14,BUCKS at SUNS,847765.0,6817.0,985.0,100.5,220.0,0.272727,0.344444,1.0,2,0.172727272727273,0.0727272727272727,6.0,2.0,8.0,12.0,4.35
22201034,2023-03-14,KNICKS at TRAIL BLAZERS,273014.0,2615.0,296.0,101.0,230.0,0.417391,0.444444,0.0,2,0.165217391304348,,4.0,1.0,5.0,16.0,5.575
22201036,2023-03-15,GRIZZLIES at HEAT,257555.0,2359.0,196.0,101.5,257.0,0.361868,0.433526,0.0,2,0.140077821011673,0.101167315175097,9.0,4.0,13.0,19.0,4.15
22201035,2023-03-15,76ERS at CAVALIERS,336007.0,3026.0,486.0,92.5,227.0,0.409692,0.48125,0.0,2,0.167400881057269,0.114537444933921,,,,9.0,4.625
22201039,2023-03-15,CELTICS at TIMBERWOLVES,355945.0,2832.0,518.0,94.5,206.0,0.349515,0.452381,0.0,3,0.194174757281553,0.0970873786407767,11.0,0.0,11.0,2.0,4.375
22201037,2023-03-15,KINGS at BULLS,243006.0,2473.0,421.0,103.5,231.0,0.441558,0.48,0.0,3,0.194805194805195,0.199134199134199,9.0,1.0,10.0,3.0,5.125
22201038,2023-03-15,LAKERS at ROCKETS,850223.0,6183.0,1302.0,101.0,224.0,0.254464,0.407821,0.0,0,0.191964285714286,0.120535714285714,18.0,0.0,18.0,4.0,6.35
22201040,2023-03-15,MAVERICKS at SPURS,207731.0,1917.0,226.0,99.62,265.0,0.362264,0.34715,0.0,0,0.177358490566038,0.0792452830188679,7.0,2.0,9.0,9.0,4.35
22201041,2023-03-15,WARRIORS at CLIPPERS,1573422.0,13195.0,1585.0,102.5,260.0,0.380769,0.380435,1.0,2,0.142307692307692,0.126923076923077,11.0,4.0,15.0,8.0,7.4
22201042,2023-03-16,NUGGETS at PISTONS,133012.0,1320.0,258.0,94.5,219.0,0.273973,0.293103,0.0,1,0.123287671232877,0.132420091324201,18.0,3.0,21.0,19.0,3.825
22201044,2023-03-16,THUNDER at RAPTORS,200637.0,1859.0,135.0,100.0,239.0,0.338912,0.329843,0.0,2,0.158995815899582,0.121338912133891,7.0,0.0,7.0,17.0,4.0
22201043,2023-03-16,KINGS at NETS,321403.0,2712.0,275.0,93.0,197.0,0.411168,0.493827,0.0,2,0.203045685279188,0.065989847715736,7.0,0.0,7.0,5.0,5.025
22201045,2023-03-16,PACERS at BUCKS,273405.0,2340.0,379.0,106.0,262.0,0.377863,0.419355,1.0,2,0.103053435114504,0.148854961832061,12.0,0.0,12.0,16.0,3.75
22201046,2023-03-16,MAGIC at SUNS,400568.0,3000.0,230.0,104.0,229.0,0.275109,0.357955,0.0,0,0.157205240174673,,9.0,2.0,11.0,3.0,4.075000000000000
22201047,2023-03-17,76ERS at HORNETS,174859.0,1728.0,285.0,100.0,203.0,0.221675,0.376404,1.0,1,0.187192118226601,0.083743842364532,8.0,1.0,9.0,39.0,4.125
22201049,2023-03-17,WIZARDS at CAVALIERS,113735.0,1109.0,67.0,96.0,211.0,0.170616,0.257669,0.0,1,0.156398104265403,0.113744075829384,9.0,0.0,9.0,23.0,4.3
22201048,2023-03-17,WARRIORS at HAWKS,869192.0,6927.0,900.0,107.0,246.0,0.329268,0.409091,1.0,1,0.126016260162602,,,,,8.0,6.85
22201051,2023-03-17,PELICANS at ROCKETS,119397.0,1527.0,216.0,95.0,226.0,0.30531,0.352941,1.0,0,0.172566371681416,,9.0,4.0,13.0,2.0,4.5
22201052,2023-03-17,GRIZZLIES at SPURS,97224.0,1204.0,205.0,101.43,246.0,0.414634,0.452261,0.0,1,0.146341463414634,0.0487804878048781,8.0,2.0,10.0,6.0,3.45
22201050,2023-03-17,TIMBERWOLVES at BULLS,214102.0,2568.0,261.0,95.17,270.0,0.322222,0.340206,0.0,2,0.174074074074074,0.1,,,,8.0,4.525
22201053,2023-03-17,CELTICS at TRAIL BLAZERS,358229.0,3048.0,225.0,101.5,238.0,0.365546,0.481928,1.0,3,0.214285714285714,0.176470588235294,5.0,1.0,6.0,14.0,4.575
22201054,2023-03-17,MAVERICKS at LAKERS,1685315.0,16166.0,2775.0,92.0,221.0,0.285068,0.331288,0.0,0,0.153846153846154,,3.0,4.0,7.0,1.0,6.0
22201055,2023-03-18,NUGGETS at KNICKS,397847.0,4414.0,879.0,94.0,226.0,0.278761,0.389222,0.0,2,0.163716814159292,0.0973451327433628,5.0,0.0,5.0,6.0,5.85
22201056,2023-03-18,MAGIC at CLIPPERS,337446.0,2595.0,421.0,101.0,221.0,0.217195,0.304598,0.0,1,0.167420814479638,0.0995475113122172,10.0,1.0,11.0,5.0,4.475
22201058,2023-03-18,TIMBERWOLVES at RAPTORS,131582.0,1354.0,104.0,103.0,229.0,0.183406,0.285714,0.0,1,0.179039301310044,0.148471615720524,,,,15.0,3.875
22201060,2023-03-18,HEAT at BULLS,265436.0,2609.0,248.0,89.5,212.0,0.382075,0.438272,1.0,2,0.117924528301887,0.0754716981132075,3.0,1.0,4.0,14.0,5.450000000000000
22201059,2023-03-18,KINGS at WIZARDS,88072.0,1132.0,239.0,100.0,250.0,0.42,0.412429,1.0,2,0.148,0.068,5.0,8.0,13.0,14.0,4.35
22201061,2023-03-18,WARRIORS at GRIZZLIES,888567.0,6464.0,1424.0,97.5,252.0,0.369048,0.392473,0.0,2,0.154761904761905,0.115079365079365,,,,14.0,6.300000000000000
22201062,2023-03-18,CELTICS at JAZZ,463950.0,3670.0,556.0,95.0,235.0,0.497872,0.497297,0.0,3,0.119148936170213,,8.0,1.0,9.0,1.0,4.625
22201063,2023-03-19,NUGGETS at NETS,262592.0,2288.0,256.0,91.5,210.0,0.342857,0.358025,0.0,1,0.123809523809524,0.0666666666666667,10.0,0.0,10.0,6.0,4.9
22201064,2023-03-19,SUNS at THUNDER,418804.0,3308.0,502.0,106.0,244.0,0.319672,0.363636,1.0,1,0.188524590163934,0.188524590163934,6.0,0.0,6.0,4.0,4.05
22201065,2023-03-19,HAWKS at SPURS,99224.0,1188.0,259.0,100.5,244.0,0.233607,0.25641,0.0,0,0.110655737704918,,8.0,1.0,9.0,8.0,4.0
22201066,2023-03-19,HEAT at PISTONS,133881.0,1505.0,166.0,92.0,212.0,0.325472,0.440994,0.0,1,0.174528301886792,0.0707547169811321,5.0,4.0,9.0,12.0,4.275
22201067,2023-03-19,PELICANS at ROCKETS,103123.0,1010.0,52.0,92.0,224.0,0.294643,0.397516,1.0,0,0.25,0.102678571428571,7.0,2.0,9.0,10.0,4.5
22201068,2023-03-19,RAPTORS at BUCKS,291475.0,2702.0,381.0,97.5,229.0,0.393013,0.436464,0.0,3,0.109170305676856,0.104803493449782,8.0,8.0,16.0,7.0,4.3
22201069,2023-03-19,CLIPPERS at TRAIL BLAZERS,535059.0,4269.0,395.0,96.5,219.0,0.246575,0.323864,1.0,2,0.187214611872146,0.123287671232877,6.0,6.0,12.0,15.0,4.525
22201070,2023-03-19,MAGIC at LAKERS,1688804.0,16222.0,1639.0,98.0,216.0,0.319444,0.388889,0.0,0,0.180555555555556,0.0740740740740741,5.0,1.0,6.0,6.0,5.275
22201071,2023-03-20,PACERS at HORNETS,60506.0,817.0,61.0,102.5,224.0,0.254464,0.331395,0.0,0,0.21875,0.151785714285714,11.0,1.0,12.0,6.0,3.375
22201072,2023-03-20,BULLS at 76ERS,462323.0,3920.0,689.0,90.62,214.0,0.238318,0.375,0.0,2,0.200934579439252,,7.0,0.0,7.0,4.0,5.35
22201074,2023-03-20,WARRIORS at ROCKETS,1253187.0,11172.0,674.0,101.5,229.0,0.353712,0.464088,0.0,1,0.157205240174673,0.231441048034935,18.0,2.0,20.0,13.0,7.550000000000000
22201075,2023-03-20,MAVERICKS at GRIZZLIES,634149.0,4543.0,459.0,93.5,220.0,0.286364,0.410405,1.0,1,0.177272727272727,0.0954545454545455,8.0,0.0,8.0,4.0,4.1
22201076,2023-03-20,KINGS at JAZZ,270065.0,2414.0,335.0,104.0,248.0,0.423387,0.475676,0.0,2,0.157258064516129,0.0725806451612903,13.0,1.0,14.0,8.0,4.1
22201077,2023-03-21,WIZARDS at MAGIC,69938.0,874.0,100.0,101.5,234.0,0.282051,0.361963,1.0,0,0.17948717948718,0.141025641025641,9.0,3.0,12.0,10.0,3.9
22201079,2023-03-21,CAVALIERS at NETS,333001.0,2714.0,209.0,95.0,224.0,0.308036,0.354286,0.0,1,0.15625,,11.0,0.0,11.0,6.0,4.975
22201078,2023-03-21,PISTONS at HAWKS,99825.0,996.0,63.0,100.0,236.0,0.34322,0.419355,0.0,0,0.199152542372881,0.169491525423729,8.0,0.0,8.0,22.0,3.875
22201080,2023-03-21,SPURS at PELICANS,97521.0,937.0,89.0,100.0,203.0,0.339901,0.386905,0.0,0,0.147783251231527,,7.0,1.0,8.0,35.0,3.5
22201081,2023-03-21,CELTICS at KINGS,579242.0,5068.0,495.0,94.5,241.0,0.435685,0.508671,1.0,4,0.12448132780083,0.04149377593361,5.0,0.0,5.0,23.0,4.975
22201082,2023-03-21,THUNDER at CLIPPERS,470060.0,4189.0,498.0,94.5,201.0,0.238806,0.379888,1.0,2,0.124378109452736,0.0696517412935323,9.0,2.0,11.0,1.0,4.45
22201083,2023-03-22,NUGGETS at WIZARDS,108073.0,1143.0,159.0,91.5,222.0,0.256757,0.341176,1.0,1,0.13963963963964,0.0810810810810811,11.0,4.0,15.0,14.0,4.225
22201085,2023-03-22,PACERS at RAPTORS,73896.0,799.0,127.0,98.5,232.0,0.232759,0.331325,0.0,1,0.21551724137931,0.133620689655172,,,,4.0,3.95
22201084,2023-03-22,KNICKS at HEAT,327229.0,2739.0,256.0,99.5,247.0,0.388664,0.42236,0.0,2,0.165991902834008,,6.0,2.0,8.0,7.0,6.3
22201086,2023-03-22,WARRIORS at MAVERICKS,1812148.0,16582.0,1450.0,99.5,252.0,0.345238,0.441341,1.0,2,0.138888888888889,0.0992063492063492,16.0,0.0,16.0,2.0,7.2
22201089,2023-03-22,SPURS at BUCKS,153308.0,1710.0,209.0,110.5,224.0,0.321429,0.429319,0.0,2,0.116071428571429,0.147321428571429,9.0,13.0,22.0,36.0,3.9
22201087,2023-03-22,76ERS at BULLS,237515.0,1922.0,279.0,95.0,207.0,0.318841,0.375758,0.0,2,0.188405797101449,,7.0,1.0,8.0,25.0,5.35
22201090,2023-03-22,HAWKS at TIMBERWOLVES,175852.0,1813.0,247.0,102.5,249.0,0.277108,0.293785,0.0,0,0.184738955823293,,14.0,1.0,15.0,1.0,3.775
22201088,2023-03-22,ROCKETS at GRIZZLIES,303213.0,2944.0,298.0,97.5,255.0,0.282353,0.383333,0.0,2,0.176470588235294,,14.0,0.0,14.0,5.0,4.45
22201091,2023-03-22,TRAIL BLAZERS at JAZZ,245063.0,1949.0,158.0,106.0,242.0,0.297521,0.434286,1.0,2,0.206611570247934,0.119834710743802,12.0,2.0,14.0,12.0,3.7
22201092,2023-03-22,SUNS at LAKERS,2150758.0,20913.0,2283.0,102.0,233.0,0.257511,0.3,0.0,0,0.218884120171674,0.128755364806867,6.0,2.0,8.0,11.0,5.8
22201093,2023-03-23,KNICKS at MAGIC,162912.0,1474.0,209.0,99.0,217.0,0.345622,0.411429,0.0,1,0.175115207373272,0.161290322580645,11.0,5.0,16.0,5.0,5.525
22201094,2023-03-23,CAVALIERS at NETS,406675.0,3715.0,448.0,97.0,230.0,0.313043,0.388235,0.0,1,0.191304347826087,,13.0,0.0,13.0,2.0,4.975
22201095,2023-03-23,HORNETS at PELICANS,122243.0,1218.0,94.0,102.0,211.0,0.28436,0.392265,0.0,0,0.118483412322275,0.146919431279621,10.0,1.0,11.0,19.0,3.325
22201096,2023-03-23,THUNDER at CLIPPERS,553823.0,5031.0,774.0,96.5,232.0,0.400862,0.429379,0.0,1,0.107758620689655,0.0775862068965517,8.0,2.0,10.0,22.0,4.45
22201098,2023-03-24,SPURS at WIZARDS,46081.0,592.0,56.0,99.0,260.0,0.323077,0.365591,0.0,0,0.107692307692308,0.0653846153846154,,,,12.0,3.975
22201097,2023-03-24,PACERS at CELTICS,247681.0,2325.0,228.0,104.0,215.0,0.306977,0.384181,0.0,3,0.125581395348837,0.111627906976744,7.0,3.0,10.0,25.0,4.45
22201099,2023-03-24,PISTONS at RAPTORS,83296.0,861.0,78.0,96.0,215.0,0.265116,0.375758,0.0,1,0.213953488372093,0.2,,,,21.0,3.975
22201100,2023-03-24,ROCKETS at GRIZZLIES,188969.0,2160.0,311.0,102.5,265.0,0.362264,0.361111,1.0,2,0.0943396226415094,0.245283018867925,20.0,0.0,20.0,37.0,4.45
22201101,2023-03-24,HORNETS at MAVERICKS,360680.0,2820.0,856.0,100.0,226.0,0.265487,0.369942,0.0,1,0.168141592920354,0.0973451327433628,11.0,1.0,12.0,8.0,4.175
22201102,2023-03-24,BUCKS at JAZZ,234940.0,2131.0,274.0,108.5,260.0,0.380769,0.44335,0.0,2,0.142307692307692,0.134615384615385,11.0,5.0,16.0,28.0,3.925
22201104,2023-03-24,BULLS at TRAIL BLAZERS,158090.0,1596.0,126.0,97.0,220.0,0.313636,0.347059,0.0,0,0.122727272727273,0.0863636363636364,,,,28.0,4.725
22201105,2023-03-24,SUNS at KINGS,364071.0,2968.0,519.0,98.0,262.0,0.251908,0.382022,0.0,2,0.190839694656489,0.0534351145038168,,,,8.0,4.525
22201103,2023-03-24,76ERS at WARRIORS,1819329.0,18674.0,1483.0,100.5,232.0,0.336207,0.475904,0.0,2,0.198275862068966,0.0991379310344828,6.0,3.0,9.0,8.0,7.15
22201106,2023-03-24,THUNDER at LAKERS,1634669.0,16748.0,1600.0,97.5,227.0,0.343612,0.382514,0.0,1,0.162995594713656,0.136563876651982,5.0,3.0,8.0,5.0,5.25
22201107,2023-03-25,PACERS at HAWKS,143343.0,1252.0,137.0,102.0,273.0,0.318681,0.348958,0.0,1,0.124542124542125,0.0659340659340659,,,,13.0,3.8500000000000000
22201108,2023-03-25,NETS at HEAT,291186.0,2638.0,269.0,88.0,229.0,0.393013,0.414201,0.0,1,0.152838427947598,,11.0,0.0,11.0,29.0,5.35
22201109,2023-03-25,BUCKS at NUGGETS,753903.0,6327.0,1152.0,103.5,235.0,0.306383,0.40678,0.0,3,0.165957446808511,,10.0,2.0,12.0,23.0,4.15
22201110,2023-03-25,76ERS at SUNS,434676.0,3208.0,491.0,93.0,230.0,0.365217,0.368421,1.0,1,0.173913043478261,0.0782608695652174,4.0,1.0,5.0,20.0,4.75
22201111,2023-03-25,JAZZ at KINGS,173047.0,1674.0,235.0,100.0,234.0,0.320513,0.38172,0.0,1,0.115384615384615,0.0555555555555556,6.0,1.0,7.0,8.0,4.1
22201112,2023-03-25,PELICANS at CLIPPERS,399699.0,2898.0,498.0,101.5,241.0,0.448133,0.391813,0.0,0,0.103734439834025,0.116182572614108,8.0,4.0,12.0,21.0,4.35
22201113,2023-03-26,MAVERICKS at HORNETS,360317.0,2941.0,1053.0,98.5,214.0,0.434579,0.453488,1.0,1,0.191588785046729,0.0747663551401869,4.0,2.0,6.0,6.0,4.175
22201114,2023-03-26,BULLS at LAKERS,1762180.0,13264.0,3628.0,95.0,226.0,0.358407,0.41358,0.0,2,0.128318584070796,0.0884955752212389,9.0,6.0,15.0,10.0,6.4
22201116,2023-03-26,SPURS at CELTICS,207211.0,2215.0,296.0,108.0,230.0,0.33913,0.425532,0.0,1,0.121739130434783,0.160869565217391,6.0,7.0,13.0,44.0,4.6
22201119,2023-03-26,WIZARDS at RAPTORS,86298.0,924.0,68.0,99.5,218.0,0.37156,0.36413,0.0,1,0.114678899082569,0.229357798165138,9.0,3.0,12.0,10.0,4.375
22201118,2023-03-26,NETS at MAGIC,97523.0,1017.0,110.0,100.0,225.0,0.2,0.323864,1.0,0,0.204444444444444,0.137777777777778,9.0,1.0,10.0,13.0,4.575000000000000
22201117,2023-03-26,ROCKETS at CAVALIERS,120568.0,1398.0,179.0,91.5,199.0,0.226131,0.337423,0.0,1,0.180904522613065,0.100502512562814,17.0,1.0,18.0,17.0,5.025
22201115,2023-03-26,GRIZZLIES at HAWKS,597219.0,4542.0,383.0,101.5,242.0,0.247934,0.342246,0.0,2,0.148760330578512,0.148760330578512,14.0,0.0,14.0,4.0,3.75
22201120,2023-03-26,THUNDER at TRAIL BLAZERS,109915.0,1065.0,100.0,101.5,230.0,0.33913,0.380682,0.0,1,0.191304347826087,0.191304347826087,8.0,4.0,12.0,6.0,3.575
22201121,2023-03-26,TIMBERWOLVES at WARRIORS,1064865.0,8737.0,1127.0,100.0,195.0,0.492308,0.493827,0.0,2,0.138461538461538,,4.0,7.0,11.0,3.0,6.325
22201122,2023-03-27,BUCKS at PISTONS,137292.0,1470.0,265.0,100.0,243.0,0.259259,0.368984,0.0,0,0.205761316872428,0.0781893004115226,10.0,2.0,12.0,9.0,3.775
22201123,2023-03-27,MAVERICKS at PACERS,600594.0,4745.0,415.0,98.0,231.0,0.337662,0.369318,0.0,1,0.142857142857143,0.108225108225108,8.0,3.0,11.0,23.0,4.2
22201124,2023-03-27,ROCKETS at KNICKS,149132.0,1650.0,144.0,101.0,252.0,0.285714,0.375723,1.0,1,0.174603174603175,0.134920634920635,,,,,6.6
22201125,2023-03-27,SUNS at JAZZ,377770.0,3043.0,235.0,97.5,220.0,0.272727,0.385027,0.0,1,0.172727272727273,,12.0,3.0,15.0,14.0,4.175
22201126,2023-03-27,76ERS at NUGGETS,360912.0,2714.0,1063.0,97.5,227.0,0.251101,0.356322,0.0,1,0.158590308370044,0.171806167400881,16.0,3.0,19.0,5.0,4.550000000000000
22201127,2023-03-27,PELICANS at TRAIL BLAZERS,79258.0,867.0,125.0,99.5,214.0,0.266355,0.346591,0.0,0,0.126168224299065,0.144859813084112,11.0,3.0,14.0,34.0,3.4750000000000000
22201128,2023-03-27,TIMBERWOLVES at KINGS,234188.0,2182.0,340.0,96.0,234.0,0.179487,0.3,0.0,3,0.230769230769231,0.0641025641025641,9.0,3.0,12.0,4.0,3.85
22201129,2023-03-27,BULLS at CLIPPERS,601360.0,4894.0,590.0,97.5,236.0,0.368644,0.386503,0.0,1,0.0974576271186441,0.173728813559322,13.0,5.0,18.0,12.0,5.6
22201130,2023-03-28,CELTICS at WIZARDS,301042.0,2361.0,364.0,101.5,241.0,0.298755,0.421875,0.0,2,0.0788381742738589,0.12448132780083,9.0,10.0,19.0,19.0,4.875
22201132,2023-03-28,HEAT at RAPTORS,198270.0,1869.0,205.0,91.5,198.0,0.272727,0.398844,0.0,2,0.131313131313131,0.166666666666667,13.0,1.0,14.0,14.0,4.8
22201131,2023-03-28,CAVALIERS at HAWKS,279002.0,2482.0,250.0,100.0,238.0,0.264706,0.285714,0.0,1,0.172268907563025,0.0756302521008403,14.0,0.0,14.0,2.0,4.325000000000000
22201133,2023-03-28,MAGIC at GRIZZLIES,159005.0,1379.0,105.0,106.5,221.0,0.352941,0.441489,0.0,1,0.131221719457014,0.113122171945701,9.0,1.0,10.0,5.0,3.375
22201134,2023-03-28,HORNETS at THUNDER,147045.0,1623.0,202.0,110.5,271.0,0.276753,0.342105,0.0,0,0.154981549815498,0.121771217712177,14.0,0.0,14.0,3.0,3.425
22201135,2023-03-28,PELICANS at WARRIORS,1612307.0,17411.0,1334.0,100.5,229.0,0.393013,0.389535,0.0,1,0.126637554585153,0.148471615720524,8.0,8.0,16.0,11.0,6.35
22201136,2023-03-29,BUCKS at PACERS,173187.0,2105.0,327.0,108.5,285.0,0.252632,0.283505,1.0,2,0.136842105263158,0.105263157894737,11.0,1.0,12.0,13.0,3.75
22201138,2023-03-29,HEAT at KNICKS,269473.0,2584.0,378.0,91.5,193.0,0.404145,0.451613,1.0,2,0.10880829015544,0.119170984455959,,,,9.0,6.3
22201137,2023-03-29,ROCKETS at NETS,94341.0,1064.0,101.0,97.5,237.0,0.329114,0.361111,0.0,0,0.130801687763713,0.0886075949367089,,,,9.0,5.65
22201139,2023-03-29,MAVERICKS at 76ERS,898580.0,6917.0,1289.0,93.0,224.0,0.46875,0.503067,1.0,2,0.174107142857143,0.107142857142857,4.0,6.0,10.0,8.0,4.95
22201143,2023-03-29,JAZZ at SPURS,73132.0,785.0,56.0,107.5,245.0,0.269388,0.356757,0.0,0,0.142857142857143,0.142857142857143,14.0,0.0,14.0,11.0,3.725
22201140,2023-03-29,LAKERS at BULLS,1837592.0,17831.0,1716.0,98.5,231.0,0.207792,0.304598,0.0,2,0.151515151515152,0.177489177489178,9.0,0.0,9.0,11.0,6.4
22201142,2023-03-29,PISTONS at THUNDER,91780.0,1175.0,129.0,94.0,213.0,0.366197,0.371257,0.0,0,0.136150234741784,,9.0,4.0,13.0,1.0,3.475
22201141,2023-03-29,CLIPPERS at GRIZZLIES,1344985.0,12992.0,1700.0,106.5,273.0,0.362637,0.398844,1.0,1,0.168498168498169,0.161172161172161,,,,9.0,4.300000000000000
22201145,2023-03-29,KINGS at TRAIL BLAZERS,116210.0,1357.0,176.0,103.0,200.0,0.405,0.47027,0.0,2,0.145,0.165,8.0,8.0,16.0,40.0,4.05
22201144,2023-03-29,TIMBERWOLVES at SUNS,483010.0,4482.0,572.0,99.0,207.0,0.26087,0.295699,0.0,1,0.140096618357488,0.0869565217391304,10.0,1.0,11.0,7.0,3.925
22201146,2023-03-30,CELTICS at BUCKS,1033626.0,9038.0,1963.0,100.0,239.0,0.451883,0.447917,0.0,4,0.104602510460251,0.0836820083682008,12.0,19.0,31.0,41.0,4.8
22201147,2023-03-30,PELICANS at NUGGETS,325831.0,2558.0,510.0,92.0,195.0,0.261538,0.34375,0.0,0,0.194871794871795,0.102564102564103,13.0,3.0,16.0,19.0,3.75
22201148,2023-03-31,BULLS at HORNETS,110156.0,1154.0,111.0,96.0,212.0,0.382075,0.412121,0.0,1,0.117924528301887,0.160377358490566,8.0,3.0,11.0,30.0,4.575
22201151,2023-03-31,MAGIC at WIZARDS,40173.0,557.0,62.0,102.5,225.0,0.333333,0.38342,1.0,0,0.133333333333333,0.12,10.0,7.0,17.0,7.0,3.9
22201150,2023-03-31,RAPTORS at 76ERS,172636.0,1552.0,313.0,90.0,227.0,0.264317,0.363057,0.0,2,0.180616740088106,0.162995594713656,9.0,2.0,11.0,7.0,4.7
22201149,2023-03-31,THUNDER at PACERS,70179.0,767.0,68.0,105.0,238.0,0.201681,0.38172,0.0,1,0.201680672268908,0.176470588235294,,,,4.0,3.45
22201152,2023-03-31,JAZZ at CELTICS,294803.0,2570.0,324.0,104.0,236.0,0.330508,0.416667,0.0,2,0.14406779661017,0.127118644067797,14.0,2.0,16.0,8.0,4.625
22201153,2023-03-31,HAWKS at NETS,153117.0,1511.0,182.0,95.5,231.0,0.298701,0.391061,0.0,0,0.138528138528139,0.151515151515152,14.0,0.0,14.0,17.0,4.950000000000000
22201154,2023-03-31,KNICKS at CAVALIERS,310367.0,3052.0,675.0,94.5,246.0,0.414634,0.407821,0.0,1,0.105691056910569,0.0975609756097561,11.0,8.0,19.0,14.0,5.925
22201156,2023-03-31,CLIPPERS at GRIZZLIES,441174.0,3155.0,488.0,104.5,202.0,0.29703,0.365591,0.0,2,0.138613861386139,0.183168316831683,12.0,1.0,13.0,14.0,4.300000000000000
22201157,2023-03-31,LAKERS at TIMBERWOLVES,1828195.0,16964.0,1941.0,105.0,234.0,0.282051,0.32973,1.0,2,0.170940170940171,0.17948717948718,11.0,0.0,11.0,12.0,5.125
22201155,2023-03-31,PISTONS at ROCKETS,52288.0,724.0,115.0,100.0,236.0,0.279661,0.383721,0.0,0,0.220338983050847,0.110169491525424,13.0,4.0,17.0,6.0,4.575
22201159,2023-03-31,KINGS at TRAIL BLAZERS,81842.0,1034.0,93.0,101.0,252.0,0.452381,0.445087,0.0,2,0.103174603174603,0.170634920634921,7.0,6.0,13.0,24.0,4.05
22201158,2023-03-31,SPURS at WARRIORS,1334512.0,13128.0,1019.0,99.5,245.0,0.440816,0.472826,0.0,1,0.126530612244898,0.102040816326531,10.0,12.0,22.0,15.0,6.550000000000000
22201160,2023-03-31,NUGGETS at SUNS,1009226.0,6645.0,921.0,98.0,193.0,0.248705,0.289617,0.0,0,0.139896373056995,0.16580310880829,13.0,1.0,14.0,7.0,4.4
22201161,2023-04-01,MAVERICKS  at HEAT,772974.0,5491.0,1331.0,98.5,251.0,0.322709,0.435583,0.0,1,0.159362549800797,0.099601593625498,6.0,0.0,6.0,7.0,5.05
22201162,2023-04-01,CLIPPERS at PELICANS,665576.0,5019.0,746.0,94.5,236.0,0.228814,0.269006,1.0,0,0.211864406779661,0.0805084745762712,8.0,0.0,8.0,8.0,4.35
22201163,2023-04-02,RAPTORS at HORNETS,123582.0,1182.0,142.0,97.0,236.0,0.292373,0.312169,0.0,1,0.0720338983050848,0.165254237288136,17.0,0.0,17.0,20.0,3.925
22201165,2023-04-02,GRIZZLIES at BULLS,474899.0,4955.0,620.0,98.5,235.0,0.357447,0.41573,1.0,3,0.123404255319149,0.161702127659574,8.0,2.0,10.0,21.0,4.5
22201166,2023-04-02,TRAIL BLAZERS at TIMBERWOLVES,137090.0,1189.0,332.0,99.0,212.0,0.283019,0.325581,0.0,1,0.141509433962264,0.188679245283019,13.0,3.0,16.0,2.0,3.45
22201164,2023-04-02,JAZZ at NETS,192907.0,1607.0,144.0,102.0,221.0,0.230769,0.361582,0.0,1,0.217194570135747,0.0904977375565611,6.0,1.0,7.0,1.0,4.675
22201168,2023-04-02,WIZARDS at KNICKS,151982.0,1794.0,338.0,100.0,227.0,0.38326,0.413174,0.0,0,0.123348017621145,0.145374449339207,,,,9.0,5.875
22201170,2023-04-02,SPURS at KINGS,85362.0,957.0,166.0,103.25,276.0,0.26087,0.38806,0.0,2,0.181159420289855,0.072463768115942,9.0,0.0,9.0,8.0,4.075
22201169,2023-04-02,PISTONS at MAGIC,47366.0,595.0,62.0,100.5,230.0,0.33913,0.431373,0.0,0,0.234782608695652,0.0739130434782609,10.0,2.0,12.0,26.0,3.5
22201167,2023-04-02,MAVERICKS at HAWKS,636649.0,4718.0,1259.0,102.79,262.0,0.251908,0.359606,0.0,1,0.152671755725191,,14.0,0.0,14.0,2.0,4.65
22201171,2023-04-02,LAKERS at ROCKETS,1732333.0,16517.0,1520.0,99.5,243.0,0.271605,0.328205,0.0,1,0.119341563786008,,11.0,1.0,12.0,25.0,6.35
22201172,2023-04-02,SUNS at THUNDER,721177.0,5786.0,669.0,98.0,246.0,0.292683,0.390533,0.0,1,0.235772357723577,0.032520325203252,5.0,1.0,6.0,10.0,4.05
22201174,2023-04-02,76ERS at BUCKS,633191.0,5410.0,1119.0,92.5,221.0,0.298643,0.383234,0.0,3,0.122171945701357,0.108597285067873,9.0,5.0,14.0,13.0,4.5
22201173,2023-04-02,PACERS at CAVALIERS,109819.0,1325.0,114.0,100.5,220.0,0.245455,0.277457,0.0,1,0.190909090909091,0.131818181818182,10.0,3.0,13.0,10.0,3.875
22201175,2023-04-02,WARRIORS at NUGGETS,1300205.0,9951.0,1656.0,100.0,222.0,0.243243,0.365854,1.0,1,0.144144144144144,0.189189189189189,15.0,3.0,18.0,2.0,6.800000000000000
22201176,2023-04-04,RAPTORS at HORNETS,73739.0,879.0,132.0,95.5,220.0,0.368182,0.387879,0.0,1,0.168181818181818,0.131818181818182,11.0,0.0,11.0,20.0,3.925
22201179,2023-04-04,BUCKS at WIZARDS,128263.0,1415.0,157.0,108.5,268.0,0.402985,0.361257,1.0,2,0.119402985074627,0.0932835820895522,14.0,12.0,26.0,12.0,4.175
22201178,2023-04-04,CAVALIERS at MAGIC,143628.0,1400.0,161.0,96.0,230.0,0.326087,0.312139,1.0,1,0.134782608695652,0.117391304347826,7.0,6.0,13.0,4.0,3.9500000000000000
22201177,2023-04-04,HEAT at PISTONS,101285.0,1208.0,192.0,92.0,223.0,0.32287,0.418301,0.0,1,0.201793721973094,0.0896860986547085,7.0,1.0,8.0,13.0,4.275
22201180,2023-04-04,TIMBERWOLVES at NETS,209056.0,1705.0,176.0,94.5,209.0,0.301435,0.337143,0.0,1,0.133971291866029,,9.0,6.0,15.0,5.0,4.425
22201184,2023-04-04,TRAIL BLAZERS at GRIZZLIES,338675.0,2813.0,192.0,102.0,228.0,0.421053,0.48913,1.0,2,0.12280701754386,0.149122807017544,17.0,0.0,17.0,10.0,3.425
22201185,2023-04-04,KINGS at PELICANS,178415.0,1609.0,173.0,97.5,224.0,0.321429,0.354286,0.0,2,0.151785714285714,0.120535714285714,4.0,1.0,5.0,18.0,3.875
22201183,2023-04-04,NUGGETS at ROCKETS,114444.0,1366.0,443.0,102.0,227.0,0.303965,0.354497,0.0,1,0.123348017621145,0.154185022026432,14.0,3.0,17.0,21.0,4.95
22201181,2023-04-04,CELTICS at 76ERS,753370.0,6473.0,1412.0,89.0,204.0,0.382353,0.43787,0.0,2,0.117647058823529,0.0735294117647059,3.0,0.0,3.0,2.0,5.2
22201182,2023-04-04,HAWKS at BULLS,130388.0,1270.0,229.0,101.5,228.0,0.223684,0.337143,1.0,1,0.144736842105263,,13.0,2.0,15.0,18.0,5.05
22201186,2023-04-04,LAKERS at JAZZ,1858023.0,17636.0,2121.0,100.53,268.0,0.302239,0.360215,1.0,1,0.190298507462687,,13.0,2.0,15.0,2.0,5.375
22201188,2023-04-04,SPURS at SUNS,302604.0,2509.0,335.0,97.5,209.0,0.330144,0.407821,0.0,0,0.143540669856459,0.124401913875598,9.0,1.0,10.0,21.0,4.15
22201187,2023-04-04,THUNDER at WARRIORS,1521178.0,16568.0,1126.0,102.0,261.0,0.356322,0.420213,0.0,2,0.183908045977012,0.0957854406130268,4.0,11.0,15.0,11.0,6.45
22201189,2023-04-05,NETS at PISTONS,100101.0,1123.0,74.0,93.0,231.0,0.38961,0.417647,0.0,0,0.125541125541126,0.103896103896104,14.0,7.0,21.0,15.0,4.525
22201190,2023-04-05,KNICKS at PACERS,169822.0,2043.0,326.0,105.0,267.0,0.370787,0.406417,1.0,0,0.149812734082397,0.168539325842697,13.0,2.0,15.0,9.0,5.45
22201192,2023-04-05,RAPTORS at CELTICS,280364.0,2380.0,381.0,97.0,190.0,0.268421,0.396648,1.0,2,0.121052631578947,,8.0,2.0,10.0,4.0,5.0
22201191,2023-04-05,WIZARDS at HAWKS,63248.0,762.0,73.0,107.0,250.0,0.228,0.325843,0.0,0,0.22,0.064,18.0,0.0,18.0,18.0,4.275
22201193,2023-04-05,BULLS at BUCKS,245492.0,2268.0,371.0,96.5,197.0,0.441624,0.451429,0.0,2,0.0913705583756345,0.0913705583756345,1.0,4.0,5.0,13.0,4.950000000000000
22201195,2023-04-05,KINGS at MAVERICKS,741609.0,6632.0,846.0,97.5,242.0,0.396694,0.415385,0.0,3,0.12396694214876,0.12396694214876,6.0,4.0,10.0,4.0,4.725
22201194,2023-04-05,GRIZZLIES at PELICANS,321385.0,2615.0,275.0,100.53,269.0,0.36803,0.390625,1.0,1,0.178438661710037,0.144981412639405,7.0,3.0,10.0,7.0,3.25
22201196,2023-04-05,LAKERS at CLIPPERS,1867839.0,14465.0,3699.0,105.0,243.0,0.345679,0.380117,0.0,1,0.160493827160494,0.17283950617284,10.0,5.0,15.0,7.0,6.2
22201197,2023-04-06,CAVALIERS at MAGIC,175233.0,1651.0,184.0,100.5,212.0,0.438679,0.450292,0.0,0,0.108490566037736,,7.0,1.0,8.0,24.0,3.9500000000000000
22201198,2023-04-06,HEAT at 76ERS,484689.0,3789.0,549.0,96.5,230.0,0.365217,0.457317,0.0,2,0.11304347826087,0.104347826086957,10.0,2.0,12.0,28.0,5.0
22201199,2023-04-06,TRAIL BLAZERS at SPURS,71122.0,805.0,90.0,108.0,256.0,0.234375,0.311881,0.0,0,0.15625,0.15625,13.0,0.0,13.0,2.0,3.675
22201200,2023-04-06,THUNDER at JAZZ,190389.0,1477.0,195.0,103.5,212.0,0.283019,0.422222,0.0,1,0.150943396226415,0.113207547169811,9.0,1.0,10.0,16.0,3.625
22201201,2023-04-06,NUGGETS at SUNS,922149.0,6824.0,992.0,94.0,234.0,0.320513,0.364198,1.0,0,0.166666666666667,0.0854700854700855,10.0,5.0,15.0,4.0,4.4
22201203,2023-04-07,PISTONS at PACERS,39515.0,633.0,79.0,105.0,237.0,0.303797,0.358382,1.0,0,0.181434599156118,0.164556962025316,14.0,1.0,15.0,7.0,3.425
22201204,2023-04-07,HEAT at WIZARDS,111968.0,1082.0,129.0,104.5,222.0,0.297297,0.43956,1.0,0,0.162162162162162,,6.0,9.0,15.0,6.0,4.675
22201202,2023-04-07,ROCKETS at HORNETS,52616.0,718.0,101.0,104.0,221.0,0.271493,0.350282,1.0,0,0.18552036199095,0.171945701357466,12.0,0.0,12.0,3.0,4.525
22201207,2023-04-07,MAGIC at NETS,109775.0,1111.0,95.0,98.5,185.0,0.259459,0.454545,0.0,0,0.2,0.140540540540541,9.0,1.0,10.0,17.0,4.575000000000000
22201206,2023-04-07,RAPTORS at CELTICS,225914.0,2200.0,356.0,95.5,223.0,0.32287,0.431034,1.0,2,0.130044843049327,0.143497757847534,14.0,2.0,16.0,19.0,5.0
22201205,2023-04-07,76ERS at HAWKS,211087.0,1970.0,374.0,109.13,267.0,0.235955,0.283505,1.0,0,0.157303370786517,0.134831460674157,20.0,0.0,20.0,5.0,4.6
22201208,2023-04-07,GRIZZLIES at BUCKS,331044.0,2845.0,376.0,102.0,251.0,0.49004,0.491892,0.0,2,0.0796812749003984,0.167330677290837,3.0,5.0,8.0,23.0,3.65
22201209,2023-04-07,KNICKS at PELICANS,141534.0,1311.0,191.0,95.5,218.0,0.330275,0.42515,0.0,0,0.155963302752294,0.123853211009174,7.0,1.0,8.0,8.0,5.4
22201210,2023-04-07,BULLS at MAVERICKS,576205.0,4152.0,1191.0,100.5,227.0,0.38326,0.475138,0.0,1,0.0969162995594714,0.149779735682819,5.0,1.0,6.0,3.0,5.4
22201211,2023-04-07,WARRIORS at KINGS,1421589.0,12013.0,1042.0,100.5,216.0,0.375,0.426136,0.0,1,0.143518518518519,0.087962962962963,8.0,0.0,8.0,22.0,6.925000000000000
22201212,2023-04-07,SUNS at LAKERS,1875526.0,16225.0,2055.0,104.0,228.0,0.355263,0.367347,0.0,1,0.109649122807018,0.192982456140351,10.0,2.0,12.0,14.0,5.8
22201213,2023-04-08,NUGGETS at JAZZ,222191.0,1725.0,311.0,106.5,232.0,0.336207,0.426316,0.0,1,0.155172413793103,0.120689655172414,15.0,2.0,17.0,4.0,3.975
22201215,2023-04-08,TRAIL BLAZERS at CLIPPERS,595116.0,4025.0,444.0,103.0,261.0,0.298851,0.368132,0.0,0,0.164750957854406,0.122605363984674,9.0,4.0,13.0,11.0,4.525
22201214,2023-04-08,TIMBERWOLVES at SPURS,143161.0,1249.0,119.0,106.5,282.0,0.393617,0.367347,0.0,1,0.117021276595745,0.117021276595745,,,,20.0,3.475
22201221,2023-04-09,BUCKS at RAPTORS,118239.0,1064.0,140.0,101.0,226.0,0.30531,0.378531,1.0,0,0.13716814159292,0.13716814159292,9.0,1.0,10.0,16.0,4.3
22201216,2023-04-09,HAWKS at CELTICS,220435.0,2097.0,314.0,98.0,234.0,0.461538,0.5,0.0,0,0.111111111111111,0.115384615384615,13.0,5.0,18.0,6.0,4.9
22201218,2023-04-09,HORNETS at CAVALIERS,50578.0,573.0,52.0,101.0,201.0,0.238806,0.405882,0.0,0,0.203980099502488,0.0945273631840796,,,,11.0,3.8500000000000000
22201223,2023-04-09,PISTONS at BULLS,86551.0,1068.0,110.0,99.0,184.0,0.244565,0.35,0.0,1,0.146739130434783,0.201086956521739,8.0,0.0,8.0,22.0,4.625
22201222,2023-04-09,ROCKETS at WIZARDS,42600.0,563.0,78.0,105.5,223.0,0.269058,0.352941,0.0,0,0.147982062780269,0.143497757847534,10.0,5.0,15.0,5.0,4.975
22201217,2023-04-09,76ERS at NETS,200773.0,1686.0,240.0,104.5,239.0,0.32636,0.347826,0.0,0,0.154811715481172,0.146443514644351,,,,29.0,5.25
22201219,2023-04-09,MAGIC at HEAT,176813.0,2332.0,227.0,100.5,233.0,0.450644,0.526012,1.0,1,0.137339055793991,0.133047210300429,5.0,1.0,6.0,13.0,4.325000000000000
22201220,2023-04-09,PACERS at KNICKS,81401.0,791.0,138.0,111.0,277.0,0.368231,0.375635,1.0,0,0.169675090252708,0.148014440433213,9.0,4.0,13.0,5.0,5.45
22201224,2023-04-09,SPURS at MAVERICKS,103965.0,860.0,203.0,112.5,255.0,0.376471,0.429245,0.0,0,0.113725490196078,0.101960784313725,8.0,4.0,12.0,21.0,4.35
22201226,2023-04-09,GRIZZLIES at THUNDER,187863.0,1495.0,158.0,101.5,215.0,0.265116,0.401099,0.0,0,0.12093023255814,0.106976744186047,11.0,2.0,13.0,15.0,3.35
22201230,2023-04-09,WARRIORS at TRAIL BLAZERS,1352322.0,13496.0,1388.0,111.5,258.0,0.418605,0.439791,1.0,1,0.116279069767442,0.155038759689922,17.0,8.0,25.0,56.0,6.525
22201227,2023-04-09,KINGS at NUGGETS,178467.0,1429.0,143.0,96.5,204.0,0.264706,0.420118,1.0,2,0.137254901960784,0.122549019607843,13.0,2.0,15.0,14.0,4.325
22201228,2023-04-09,JAZZ at LAKERS,1704567.0,15208.0,1342.0,105.5,245.0,0.342857,0.40404,0.0,1,0.0857142857142857,0.163265306122449,16.0,3.0,19.0,11.0,5.375
22201229,2023-04-09,CLIPPERS at SUNS,950468.0,6298.0,889.0,102.5,233.0,0.244635,0.301508,0.0,0,0.137339055793991,0.103004291845494,12.0,1.0,13.0,5.0,5.0
22201225,2023-04-09,PELICANS at TIMBERWOLVES,277355.0,2280.0,360.0,103.5,221.0,0.217195,0.331395,0.0,1,0.212669683257919,0.135746606334842,,,,5.0,3.275